Time_s,Error_Norm_m,Control_Output_Norm_mps2,ux_mps2,uy_mps2,uz_mps2,udotx_mps3,udoty_mps3,udotz_mps3,x_m,y_m,z_m,xd_m,yd_m,zd_m
0.01986241340637207,0.20373160915606678,6.250265886745076,2.9039454295319715,-3.0557581858852787,4.614679458717008,0.0,0.0,0.0,-0.005760322408522409,-0.02216705521421158,1.3035507202148438,0.01764906457693009,-0.01764875915773436,1.505882512504221
0.03992748260498047,0.21172669193894963,6.331656643041421,2.944243502330584,-3.1364673995726187,4.645845272474414,2.0083694902685543,-4.0223740515650706,1.5532372925764693,0.0022828746678965903,-0.01677635722979894,1.3035507202148438,0.03547695727648771,-0.03547447653348977,1.5118215182007588
0.059979915618896484,0.2231944350092545,6.4511475091416,3.0087487327619638,-3.184908617262595,4.735091588078694,3.216828121884978,-2.4157276903186222,4.450647736478884,0.0022828746678965903,-0.01677635722979894,1.3035507202148438,0.05329112024841965,-0.05328271159778612,1.517749694985164
0.08033013343811035,0.2371502288679049,6.536544163919506,3.0748289878440516,-3.2496067363153025,4.765699566871403,3.247152225550012,-3.179234720113031,1.5040614830083094,0.0022828746678965903,-0.01677635722979894,1.3035507202148438,0.07136598837882965,-0.07134579249776106,1.52375501442056
0.10008668899536133,0.24184923846229886,6.5934630728350045,3.131399205156096,-3.2870757686160683,4.781550711031273,2.8633643728085185,-1.8965366808089212,0.8023232650011554,0.0022828746678965903,-0.01677635722979894,1.3155860900878906,0.08890861239347297,-0.08886955939506865,1.5295711501034233
0.11993741989135742,0.2592831869656875,6.5375508126062485,3.1499950065430493,-3.2828038173859833,4.694709914650584,0.9367816975799085,0.21520372486368822,-4.374690122780558,0.0022828746678965903,-0.01677635722979894,1.3155860900878906,0.10652873157952689,-0.10646154775370628,1.5353976888731549
0.13996148109436035,0.278119445892505,6.621184587150843,3.215325890532858,-3.345789268237022,4.72307727306498,3.2626190724992084,-3.145488330888286,1.4166635892094683,0.0022828746678965903,-0.01677635722979894,1.3155860900878906,0.12429525582073708,-0.12418852799821158,1.541254055470187
0.1600480079650879,0.29139752368909266,6.45530138809891,3.1724768361694675,-3.268263011291338,4.574359367625673,-2.1332236597774052,3.859614827621816,-7.403863614472663,0.008452989027680387,-0.025982483326151634,1.3155860900878906,0.14210843889425734,-0.14194891309440744,1.5471039613201185
0.17999505996704102,0.31153886767959504,6.538179403093679,3.237633593158705,-3.3303458093845206,4.601555760110228,3.2664855429693396,-3.112379618156306,1.363429166469919,0.008452989027680387,-0.025982483326151634,1.3155860900878906,0.15978800144696773,-0.1595611882441028,1.5528852887455795
0.20015907287597656,0.31892340047450174,6.265740145696472,3.141180348103501,-3.203036761562917,4.374133182489687,-4.783434998321263,6.313676171333302,-11.278636779673981,0.008452989027680387,-0.025982483326151634,1.334695816040039,0.17764857249276791,-0.17733683152289226,1.558697716005347
0.21989154815673828,0.3328112173434331,6.079514679893999,3.0286844467664924,-3.058043886948705,4.293708985301291,-5.701053706459578,7.347931394880475,-4.075727755595168,0.01462310497011839,-0.03518861172499457,1.334695816040039,0.19511466950927264,-0.19470156754860654,1.5643514679283403
0.2401573657989502,0.35529269231813443,6.1620623080966475,3.09503064034614,-3.1201382723058098,4.3193210561240365,3.2737980155044117,-3.063996057468089,1.2638064387492536,0.01462310497011839,-0.03518861172499457,1.334695816040039,0.2130390748580021,-0.21250123391949707,1.570119336782187
0.2601797580718994,0.36967857085136024,5.962834190648874,2.96296921311551,-2.956628890665938,4.2467105658592255,-6.595686740642309,8.166325952008098,-3.6264642743469633,0.020793219018157935,-0.044394737470570864,1.334695816040039,0.23073318724444902,-0.2300497457124982,1.5757760379632362
0.2801988124847412,0.3840736937072021,6.019229412768334,3.009545996275466,-2.988868041655371,4.270880875113345,2.32662253668075,-1.6104232659836277,1.2073651809755388,0.02696333469682024,-0.05360086548566542,1.334695816040039,0.2484082442355227,-0.24755519942631896,1.5813868588099926
0.300079345703125,0.3879855599387441,5.734803022281977,2.8756706804378203,-2.833223547596505,4.073245410159994,-6.733990198706004,7.828989914362027,-9.941155138162758,0.02696333469682024,-0.05360086548566542,1.3660602569580078,0.26594385115282504,-0.26489683567404376,1.5869111579241437
0.3201100826263428,0.4007375709488414,5.533776663749905,2.698112680747368,-2.668492304942405,4.027657004353332,-8.864276954516017,8.223923227864796,-2.275922547503468,0.04117664824343387,-0.05741629440721579,1.3660602569580078,0.2835934866643185,-0.2823235275247924,1.5924259206780085
0.33995723724365234,0.415142172526563,5.586737426722243,2.7439670267792557,-2.6990779139258154,4.049352842818856,2.310373799975151,-1.5410576263025222,1.0931460395134944,0.0473467626511862,-0.06662242047059654,1.3660602569580078,0.3010618766531159,-0.2995420558775489,1.5978362431579478
0.36008763313293457,0.4209171261290211,5.358283517652312,2.566725445464862,-2.4860084378813396,3.9928542159626144,-8.804674398319232,10.584465264188752,-2.8066326746372043,0.059686993480959405,-0.0850346757332889,1.3660602569580078,0.31875859537052853,-0.3169541481200271,1.6032658439304563
0.3800492286682129,0.43533351677609644,5.4096171686070065,2.6127426077856235,-2.5157950483872584,4.013515821677974,2.3052847774335032,-1.4921958744869184,1.0350678470988848,0.06585710805655036,-0.09424080224636194,1.3660602569580078,0.33628484206934006,-0.3341654070672465,1.6085892150370258
0.4001429080963135,0.41796316838311476,5.052466520023033,2.3915832059277546,-2.260167407764547,3.8339784811546442,-11.006416353422168,12.72179351409486,-8.93501566827279,0.07819733809499645,-0.1126530563578092,1.4097671508789062,0.353903698266003,-0.35143253351059134,1.613883721437867
0.4200420379638672,0.43239787301693944,4.910754306778449,2.2497882813516092,-2.0986188897334066,3.8275003992540855,-7.125684666611852,8.118370959252417,-0.3255459883761813,0.0843674530303002,-0.12185918318868669,1.4097671508789062,0.37132766688252533,-0.36847223069519097,1.6190606315585805
0.4400961399078369,0.43537873508546854,4.917473087593796,2.2520420510668457,-2.1152471432176747,3.825647355748483,0.11238447483379863,-0.8291696896089743,-0.09240221829826427,0.10475087944977528,-0.13488073809853227,1.4097671508789062,0.38886174484735364,-0.3855811775017757,1.6242081656374696
0.4599728584289551,0.44958771419818166,4.782626517880882,2.1163223428310527,-1.9615258793985948,3.8140676941057383,-6.828074165843655,7.733734502290086,-0.5825741120417802,0.11092099544018183,-0.14408686646440322,1.4097671508789062,0.4062141993625136,-0.4024731170832001,1.6292382924132556
0.4799633026123047,0.4452942938029131,4.771451514777477,2.123754502015569,-1.9319162250411301,3.811051832823022,0.37178559497475877,1.4811904170757273,-0.15086514611957505,0.12943134062973882,-0.17170524782344831,1.4097671508789062,0.42363819620297866,-0.41939303420506246,1.6342222570906335
0.5000467300415039,0.4393149844937035,4.511051719156393,1.992823020601388,-1.785934697130485,3.6316224031485502,-6.519379317885766,7.268755715391643,-8.934203601801556,0.1356014549895226,-0.180911373919801,1.4536075592041016,0.4411140806708345,-0.43631954115180127,1.6391509753125804
0.5199177265167236,0.4317438700447527,4.365608194298101,1.8163155436759588,-1.6191183153224025,3.6246363449194985,-8.882668624371409,8.394968114262019,-0.35157060380760247,0.16215499855064938,-0.20313905640419044,1.4536075592041016,0.45837518970041885,-0.4529931366990828,1.6439475346070835
0.5399255752563477,0.4458551189872969,4.389093433283636,1.8610105411571798,-1.6441215052414608,3.6190669250233483,2.233873219598363,-1.2496690795918228,-0.2783617553605559,0.16832511291043317,-0.21234518250054313,1.4536075592041016,0.47572403905081995,-0.4697046961727451,1.6486941247521203
0.56001877784729,0.44096270085045436,4.256816869726538,1.7215580310962213,-1.4740814531158843,3.603305659743051,-6.940282885706877,8.462565952638489,-0.7844078219468142,0.1868354581479587,-0.23996356382661624,1.4536075592041016,0.4931143326029219,-0.48640724488909726,1.6533745901884518
0.579883337020874,0.4452918555297514,4.259516115272575,1.746418652129205,-1.4689461535161377,3.5966229474094344,1.2515063040534833,0.2585156587101934,-0.33641382500465083,0.19917568849814904,-0.25837581828883993,1.4536075592041016,0.5102735202883989,-0.5028379827221874,1.6579142546819967
0.6000463962554932,0.42037838332375177,4.029575758244523,1.5950123406483425,-1.2863585522936356,3.4696827087721487,-7.50909421626378,9.0555505044099,-6.295683465499849,0.2176860337356746,-0.28599419961491307,1.5007381439208984,0.5276557656637075,-0.5194299684290555,1.6624307296894019
0.6200158596038818,0.42159266274534063,3.99859788863733,1.4874631805439456,-1.1944172946366385,3.514200575922481,-5.385681038497966,4.604092561376509,2.2292971209927117,0.23806946145009522,-0.2990157558948923,1.5007381439208984,0.5448354099248022,-0.5357749621641594,1.6668107316163594
0.6399176120758057,0.4159667646309323,3.9818761281633246,1.4926010749269425,-1.1588210150296014,3.5049412814324934,0.2581629125497953,1.7886002580553693,-0.46525020864620237,0.25657980673558933,-0.32663413718799345,1.5007381439208984,0.5619204125084897,-0.5519752424099461,1.6710814738199953
0.6600830554962158,0.42022139320818935,3.9564537691369837,1.4234289254736567,-1.0599283305206244,3.5360894298084316,-3.4302320068634935,4.904066944983925,1.5446299754763646,0.2689200360786454,-0.3450463900822517,1.5007381439208984,0.5791937275058703,-0.5682968071056531,1.6753104985960654
0.6799638271331787,0.41476385916843084,3.939001488318421,1.4279951027055944,-1.0226774616144672,3.5257188658668412,0.22967806860414186,1.873713434588192,-0.5216378987176262,0.2874303818437224,-0.37266477217582156,1.5007381439208984,0.596184561052133,-0.5842934484881162,1.6793808573349547
0.6999719142913818,0.40281606493219824,3.7890983435594077,1.3740731243432156,-0.928473903410171,3.4069231744799593,-2.695009169843169,4.708274082346428,-5.937383741262685,0.29977061171432984,-0.3910770258375765,1.5411701202392578,0.6132445192627725,-0.6002954634481882,1.683376086420519
0.7199022769927979,0.39347151677449416,3.7705164312034487,1.3007873398886836,-0.8258268459933729,3.441330625615207,-3.6770923616621,5.150285469190446,1.7263835912430783,0.32632415191776093,-0.413304709499815,1.5411701202392578,0.6301975772896419,-0.6161361285715102,1.6872529436749488
0.7401161193847656,0.3973810769913244,3.764632382383856,1.3243973700998168,-0.8152832574277675,3.4283730530273107,1.1680129761234819,0.5216023931103253,-0.6410247164608928,0.3386643820041756,-0.4317169635782903,1.5411701202392578,0.6473493995652846,-0.6320986982442213,1.6910782277463408
0.7599146366119385,0.391457677044208,3.7459662518867907,1.2879861457629995,-0.6942634530865803,3.4483841297491264,-1.8390884488482824,6.112569085481375,1.0107361320145332,0.3571747278651896,-0.4593353456059162,1.5411701202392578,0.6641063260953475,-0.6476299602355744,1.6947189562042266
0.7798964977264404,0.39507577334837823,3.735046173284812,1.310362587609,-0.6615775972109331,3.4345064985282487,1.119837722711453,1.6357763517796275,-0.6945114442220767,0.3695149574720214,-0.4777475988839228,1.5411701202392578,0.6809749498458914,-0.6631992594382101,1.698285432780542
0.7999691963195801,0.37533679754825566,3.6378064199372373,1.2809326374001413,-0.529340797219453,3.3634276337954367,-1.4661680925611598,6.587893470222053,-3.5410716901366213,0.38802530280548403,-0.5053659801440521,1.580038070678711,0.6978752906533674,-0.678730117162829,1.7017573075321415
0.8199279308319092,0.37868350207049434,3.6832297077201037,1.2876937969814524,-0.45115897525388915,3.421181279046065,0.3387569275564291,3.917173301607307,2.8936526619436864,0.4003655324123158,-0.5237782334220585,1.580038070678711,0.7146339955220006,-0.6940620731962398,1.7050978233844147
0.8400778770446777,0.3640493504943219,3.6524151380033585,1.271811366942964,-0.35955438632113207,3.404901295266574,-0.7882120314754983,4.54614558100951,-0.8079417983346718,0.42504599320863357,-0.560602742280562,1.580038070678711,0.7315061598704893,-0.7094268419599011,1.7083559696622876
0.8599362373352051,0.3673657516125076,3.6823258044107643,1.284299744656383,-0.29032274992579704,3.4388675747374244,0.6288725519486186,3.486271544199915,1.7104271940847346,0.4373862233430168,-0.5790149963260653,1.580038070678711,0.7480868448955075,-0.7244549840118097,1.7114531733370018
0.8800373077392578,0.3621791778744091,3.6624565307862182,1.2866188346784901,-0.22519647250327485,3.4216204294049426,0.11537146905567239,3.239940765014761,-0.8580212389587226,0.45589656814892804,-0.6066333768186978,1.580038070678711,0.7648215397642433,-0.7395493418507392,1.71447193931999
0.9000101089477539,0.3549416396603836,3.5001083906781854,1.3011477037966566,-0.16677785047941568,3.2449897608451694,0.7274327204531573,2.9249088004244927,-8.843560135402411,0.46823679801953555,-0.6250456304804528,1.611654281616211,0.7813999942628648,-0.7544282865341695,1.717354368635803
0.919964075088501,0.34951732089462617,3.452050630554411,1.2992538932816187,-0.09249214341846212,3.19687942845981,-0.09490897707652386,3.722854220407749,-2.411066153265424,0.48674714308922246,-0.6526640113568336,1.611654281616211,0.7979127335249414,-0.7691727586653782,1.7201164627428194
0.9401006698608398,0.3529677439810822,3.4411680186680336,1.3197960771160109,-0.05317350008026067,3.1775695470629883,1.0201418892637446,1.952596443576075,-0.9589447280007366,0.4990873737511571,-0.6710762661698336,1.611654281616211,0.81452502981856,-0.7839282816045436,1.722783647843692
0.959890604019165,0.3477504597307228,3.3685571479240637,1.318647435736814,0.009310038674780863,3.0997192650681935,-0.0580416978655577,3.1573393956318982,-3.933832289282524,0.5175977190846196,-0.6986946474299628,1.611654281616211,0.8307998835956059,-0.7983065904198988,1.7252863510435161
0.9798755645751953,0.34306765809685436,3.3512162353490025,1.3191875850960715,0.07876948125269012,3.0796411706915334,0.027027792111123602,3.4755856726947867,-1.0046601953688474,0.5361080638905309,-0.7263130279225952,1.611654281616211,0.8471826600915093,-0.8127010075356227,1.7276936310147555
0.9999597072601318,0.33421428049477303,3.197857001257019,1.3437127329390948,0.14010206796847036,2.8984645766986428,1.2211199764786376,3.0537816663581463,-9.020877656320199,0.5465752134906939,-0.7593221062439222,1.6486663818359375,0.8635927744573646,-0.827037947368567,1.729990524537622
1.0202009677886963,0.33788471292114985,3.184912528769245,1.3630651351599785,0.15201446693530662,2.874476100973009,0.9560868105804798,0.5885206086856843,-1.1851275611902308,0.5589154431454941,-0.7777343594889569,1.6486663818359375,0.8800757134859558,-0.8413545678837957,1.7321806265157926
1.0400941371917725,0.3338286656396523,3.1691900510942883,1.3625929463835438,0.22420448041906738,2.852514398452854,-0.023736226584473646,3.628884468886978,-1.10398207923364,0.5774257884309882,-0.805352740782058,1.6486663818359375,0.8962199236499269,-0.8552936348526707,1.7342104316125742
1.0602631568908691,0.3374944213248537,3.135970795884486,1.38050531853648,0.22646495370810704,2.806640611634281,0.8881131765535647,0.11207650757269612,-2.274467847370282,0.5897660193566986,-0.8237649959788064,1.6486663818359375,0.9125314410320136,-0.8692915817432862,1.736143790261104
1.0801012516021729,0.33394141580880216,3.121367687571259,1.3793147131000754,0.3003337026192139,2.7839229210433682,-0.06001611816714362,3.7235808169126523,-1.145154860963944,0.6082763641626098,-0.8513833764714388,1.6486663818359375,0.9285188452823148,-0.8829261539863204,1.7379226178384117
1.1000020503997803,0.3361018667422297,2.9473685614013774,1.4138420276180756,0.2629415701345743,2.572721105828068,1.734971287793299,-1.8789262111998766,-10.612730542288178,0.6144464785703622,-0.8605895025348196,1.6872215270996094,0.9444998727297852,-0.8964692064349655,1.7395843830138347
1.1199979782104492,0.33265957022625525,2.9043115396492363,1.4095910422080253,0.27660130658392235,2.524196967406204,-0.21259255635950905,0.6831259133702114,-2.4267010203934554,0.6329568241676005,-0.8882078841786972,1.6872215270996094,0.9604991614305995,-0.909939760483903,1.7411300840795902
1.140188455581665,0.3363068297066423,2.8964108241783286,1.4275874964483544,0.3243338342414103,2.499199305051114,0.891333766381638,2.364110901386461,-1.2380916951833578,0.6452970543019837,-0.9066201382242005,1.6872215270996094,0.9765942903311271,-0.9234003907898838,1.7425645323542431
1.1600582599639893,0.3334191931288612,2.8254551971134774,1.4203820011602484,0.33079625757741493,2.419976420886853,-0.36263544167127554,0.3252383975029694,-3.987099351352253,0.6638073991558635,-0.934238518683861,1.6872215270996094,0.9923742521481145,-0.936507445339908,1.743852202826629
1.1799983978271484,0.3370106969020027,2.818488235489487,1.4371120645846913,0.38028022086643076,2.394571318845097,0.8390144310563129,2.4816259360192774,-1.2740685253081316,0.6761476292902466,-0.9526507727293643,1.6872215270996094,1.0081501240900899,-0.9495202789329802,1.7450207769359558
1.1998975276947021,0.33569326308132125,2.642335442262721,1.4450993930139484,0.33652164664405915,2.1864074448941166,0.4013908388165622,-2.1990194804307315,-10.460953586236927,0.6884878600001498,-0.9710630275093923,1.7334957122802734,1.0238329883935329,-0.9623646455620303,1.7460635240432025
1.2199153900146484,0.33929121147492375,2.623769443987848,1.4532190086142658,0.31020621334973475,2.1624275047745973,0.405618515630752,-1.314597576590536,-1.197927118103171,0.7008280898707573,-0.9894752811711474,1.7334957122802734,1.0395477744989907,-0.9751416456168079,1.746988240629952
1.2399101257324219,0.3374251157205297,2.6104841496799662,1.450394416373673,0.39023707333254715,2.1351109009321405,-0.14126679544365922,4.0025965390316465,-1.366189792554994,0.7193384352042199,-1.0170936624312765,1.7334957122802734,1.0551819938412093,-0.9877584989653485,1.7477877039358563
1.259965419769287,0.3412761147817476,2.5764065560697675,1.4563514573737684,0.36120865087625215,2.094382841148375,0.2970308482710449,-1.447419439622054,-2.030788464576989,0.7316786648110517,-1.0355059157092832,1.7334957122802734,1.0708003003928837,-1.0002664938462995,1.7484652128594642
1.2800469398498535,0.3451844927022696,2.570769396248365,1.4721841847975763,0.4145035284269915,2.066329073415136,0.7884227568574259,2.6539264625846073,-1.3969942325425706,0.7440188954729863,-1.0539181705222833,1.7334957122802734,1.0863749203595596,-1.0126421689200555,1.749019175737894
1.300046443939209,0.3499914613171394,2.3871014242535393,1.4751699428039942,0.38171915460121336,1.837503016740781,0.14929160208562423,-1.6392593375966404,-11.441586533945362,0.7563591251277867,-1.0723304237673177,1.7793197631835938,1.1018215408520495,-1.0248183780612816,1.7494475716052915
1.31990385055542,0.3537900421954419,2.355536211041829,1.4772333789969232,0.3541585325819847,1.8002511267337138,0.10391267262687333,-1.387926558180516,-1.875969542601604,0.7686993552621698,-1.0907426778128213,1.7793197631835938,1.1170942452787984,-1.0367600537544976,1.7497516914383557
1.3399145603179932,0.3577610285550652,2.3514858142338877,1.492170073052462,0.40965081510704826,1.7706214212281384,0.7464349956979298,2.773129148514901,-1.4806923820859637,0.7810395851807459,-1.1091549314416043,1.7793197631835938,1.1324197066512944,-1.0486438568626075,1.7499365427777938
1.3598291873931885,0.36174304956752734,2.310584307700306,1.492903767299281,0.383033414296044,1.7214306805989115,0.036841977710587934,-1.3365754081409644,-2.4700809331497093,0.7933798161064561,-1.1275671866383528,1.7793197631835938,1.147606032118539,-1.0603201028799676,1.74999994861787
1.3799121379852295,0.3659087375392199,2.307902187276618,1.507556683786698,0.4399749429960642,1.691185205925673,0.7296197050459302,2.835316874333519,-1.5060274402719,0.8057200457612564,-1.1459794398833874,1.7793197631835938,1.1628540379103551,-1.0719422125915732,1.749942819262664
1.3999128341674805,0.3687166725070361,2.164394768235547,1.4808718197498383,0.3818305660242387,1.5316098671286429,-1.33419675963782,-2.9071176544056505,-7.978489215722421,0.8261034714371678,-1.1590009958693923,1.829885482788086,1.1779724504093818,-1.0833633378147642,1.7497658790339257
1.4199635982513428,0.3729189352934756,2.189089835702299,1.482722016440911,0.3661388718368875,1.5683086613503505,0.09227562018755113,-0.7825983150427946,1.8302940510503716,0.8384437018353267,-1.1774132502986443,1.829885482788086,1.1930609890450579,-1.0946586856423266,1.749469104226416
1.4399502277374268,0.37718935083938004,2.1864844792458977,1.496265862910556,0.42513590378191046,1.5366074022948324,0.6776453468092382,2.9518249680918247,-1.5861233169700095,0.8507839323773911,-1.1958255046289799,1.829885482788086,1.208033263865918,-1.1057633521746482,1.7490552271103612
1.4599988460540771,0.38521625392747616,2.2065150468416386,1.5165170982364793,0.3816442840166022,1.5566734349799969,1.0101062829404333,-2.169307584113586,1.0008686069154022,0.8569540472647265,-1.2050316314928293,1.829885482788086,1.2229833334493623,-1.1167468036937838,1.748522634229443
1.4799718856811523,0.3806028571433328,2.1840204519606434,1.5048882416446916,0.4252910049470517,1.524593150926846,-0.5822276833629152,2.185281847199789,-1.6061793623872487,0.8773374779531968,-1.218053185728547,1.829885482788086,1.2378081862792383,-1.1275331867368825,1.7478761352285597
1.4999809265136719,0.3966797321902654,2.0761170631241934,1.5048527019078728,0.40921494130294905,1.3704829576358926,-0.001776183931867481,-0.8034399938839218,-7.702028027274905,0.8896777076079972,-1.2364654389735816,1.8735637664794922,1.252590441705543,-1.1381826771556682,1.7471135545784118
1.5201570987701416,0.40124465959261585,2.0899729985902527,1.5069296685674842,0.39789757950214955,1.3924179060374637,0.10294156062954066,-0.5609271003904353,1.0871709520886688,0.9020179373107662,-1.2548776921856442,1.8735637664794922,1.2674255290820255,-1.148762173992444,1.7462293032493381
1.5401721000671387,0.40028160377356165,2.06876761417607,1.5035454085713693,0.4152195540144862,1.3589493617466817,-0.16908617420987462,0.8654495823058238,-1.672172976366655,0.9162312504735288,-1.2586931225011588,1.8735637664794922,1.2820715034183319,-1.1590988952021415,1.7452389382757154
1.559927225112915,0.40465165008576603,2.0558809433757053,1.4838853328531894,0.4049111264016634,1.3641032776130613,-0.9951886243505844,-0.5218102942368739,0.26089006546083554,0.928571479912522,-1.277105375329473,1.8735637664794922,1.2964579304645043,-1.1691463746466155,1.7441521302601943
1.58009672164917,0.4093955037351534,2.041325369498876,1.475982530008396,0.4683803710126144,1.3300769388722675,-0.3918195395005531,3.146793698933655,-1.6870197369394444,0.9409117104066179,-1.2955176296927806,1.8735637664794922,1.3110748497954205,-1.1792454651220061,1.7429317931252915
1.6000416278839111,0.4205496131631143,1.947555866298993,1.430769200740514,0.42701886548479084,1.2504112263923632,-2.2669110967855435,-2.073787915622169,-3.9942886440417484,0.9612951408792813,-1.3085391835117781,1.9147510528564453,1.3254576227271453,-1.1890734836670993,1.741616392817878
1.6199946403503418,0.4280715559751529,1.9852080103671574,1.432844972894972,0.3952518155768563,1.3159719337275904,0.1040330204749933,-1.5920929213761608,3.285754842559625,0.9674652559105221,-1.3177453102767116,1.9147510528564453,1.339774939887503,-1.1987474097971722,1.7401937386773747
1.6399040222167969,0.4243538465386678,1.9483145669682707,1.399034853498215,0.44383025820694416,1.2812672759646775,-1.6982003571754691,2.439977441586809,-1.7431308513593815,0.9878486834091356,-1.3307668661399705,1.9147510528564453,1.3539895190658497,-1.2082422986536225,1.7386692369325698
1.6598808765411377,0.43191678814143275,1.9724584326468069,1.402211538649639,0.41211220973195284,1.324597522263709,0.15901828685576638,-1.5877398893750971,2.16902248950355,0.9940187978648565,-1.3399729921703791,1.9147510528564453,1.3681802728948196,-1.2176106432584421,1.7370356678990169
1.6801364421844482,0.42847650804214976,1.9358792134220166,1.3683854532512998,0.4619607673606606,1.2890856564671065,-1.6699649861177959,2.4609807746924304,-1.7531905265914096,1.0144022267305224,-1.3529945476590315,1.9147510528564453,1.382495132761238,-1.2269472048684564,1.7352745979959472
1.7001197338104248,0.4498615172386934,1.8660371555270021,1.372220932882235,0.42765837174181776,1.1900473495816253,0.1919343270729948,-1.7165538221066985,-4.956055725911537,1.0205723419296016,-1.3622006748736573,1.9457874298095703,1.3965441992027134,-1.2359976608649075,1.733435489658289
1.7203176021575928,0.4467441549146224,1.855714167771073,1.3346641265203179,0.40858220731373734,1.2228684809547905,-1.8594440619365245,-0.9444642424731501,1.6249799636785542,1.0409557705794603,-1.375222229945589,1.9457874298095703,1.4106699482119114,-1.2449831907785704,1.7314756021266533
1.7401814460754395,0.45186095980783464,1.8412082312509799,1.3241679623914828,0.4765089361451059,1.1872515285213194,-0.528405487489999,3.4196165209665073,-1.7930543846788387,1.053296000857749,-1.3936344838921766,1.9457874298095703,1.4244889069293145,-1.2536609686973215,1.7294507280583438
1.7599577903747559,0.451020726102098,1.8266972821324592,1.307525051953254,0.4282368556712744,1.2015882799484747,-0.8415564669757563,-2.4409000846278808,0.7249444695221482,1.067509314212591,-1.3974499118154264,1.9457874298095703,1.4381747410186074,-1.2621437527187316,1.7273404567134036
1.7799992561340332,0.45637726927080285,1.8131282782168507,1.2967638527353063,0.49733942727743985,1.1655432885929353,-0.5369467157344155,3.4479799250300522,-1.7985207164228447,1.0798495440112972,-1.415862164961545,1.9457874298095703,1.4519703830331232,-1.2705807435085816,1.7251075674447103
1.8000023365020752,0.4689701562910303,1.7688088215797644,1.2838909253114892,0.4336053451753223,1.1367916008823222,-0.6435472530712599,-3.1862133696139416,-1.4373630051773603,1.0940628587331913,-1.4196775925101883,1.9718036651611328,1.4656653336443202,-1.278841427015569,1.7227860300018345
1.820002794265747,0.4664429578059585,1.786992827210755,1.254690133685199,0.4176372424241924,1.2019464075723263,-1.4600061644253701,-0.7983868639313727,3.257665772447916,1.11444628738305,-1.43269914758212,1.9718036651611328,1.4792841079278491,-1.286941138563889,1.7203737536670278
1.8400039672851562,0.473961297221654,1.778300707358142,1.261987876990975,0.4599845606302455,1.165398733524316,0.3648657655575592,2.117241732020375,-1.8272765308586774,1.1206164021505152,-1.4419052739633054,1.9718036651611328,1.492828794093144,-1.2948813550311618,1.7178721511456125
1.859926700592041,0.4715888710735131,1.7838255249056725,1.2349091868881454,0.44342155084667806,1.2084742991429251,-1.3591854935623622,-0.831362320040881,2.1621313177807417,1.1409998319516188,-1.45492682824391,1.9718036651611328,1.5062460145829881,-1.302631702710721,1.7152934623768514
1.8799874782562256,0.47123237332284434,1.7536596202274803,1.2170003124731652,0.470254808787602,1.1717903899028808,-0.892730816061721,1.3375980926617117,-1.8286384433410006,1.1552131447068028,-1.4587422571444035,1.9718036651611328,1.5196811311105016,-1.310275896233426,1.7126111185241488
1.900061845779419,0.4883709068965335,1.721449564937303,1.236565873679763,0.4395563630103924,1.1140393388074366,0.9746539303911913,-1.5292360141230588,-2.876855324518706,1.161383259474268,-1.4679483835255887,1.9887962341308594,1.5330497413874167,-1.3177648767184715,1.7098426838606355
1.9200546741485596,0.4864051626486707,1.7204246083991104,1.214229237440888,0.424436622494057,1.1425242866629965,-1.1172324308726584,-0.7562582060511792,1.4247582848021216,1.181766686996917,-1.4809699388072675,1.9887962341308594,1.5462886994407565,-1.3250641860242212,1.7070036136733238
1.9401276111602783,0.49404074624587907,1.71220387583234,1.2203318068455251,0.4693062365052939,1.1055243326103952,0.3040197556079769,2.2353287904526202,-1.8432755521028379,1.1879368026036778,-1.4901760663067258,1.9887962341308594,1.5595049760942368,-1.332233157084722,1.7040728792290094
1.9600071907043457,0.4922570717210298,1.7000103212380728,1.2002433137317137,0.4553547201245486,1.1144968187566016,-1.0105089531335891,-0.7018013811518886,0.4513418468593326,1.2083202327167308,-1.5031976186777303,1.9887962341308594,1.572518944605912,-1.3391757143665153,1.7010930227762642
1.9800236225128174,0.49219312356175826,1.6705984007487171,1.1809939295880516,0.48458914138439935,1.0776482352385093,-0.9616791008432894,1.4605211128327924,-1.8409166963762555,1.2225335467909986,-1.507013047236589,1.9887962341308594,1.5855470993857987,-1.3460082361861556,1.6980167948085498
1.9999682903289795,0.4993138766573221,1.6619895200076926,1.1854538928461689,0.4296245052819562,1.082742359480084,0.22361682326456905,-2.7558561821672796,0.2554128395884702,1.2367468608654715,-1.5108284735350712,2.000598907470703,1.5984531235601847,-1.3526590597547155,1.6948778524313663
2.0201618671417236,0.5070824831567041,1.7116072017594537,1.210791808037323,0.41307936653784993,1.1370786462005282,1.2547512224364041,-0.8193268036430612,2.6907707943128063,1.2429169761604881,-1.520034600683753,2.000598907470703,1.611443537391927,-1.3592334637684018,1.6916267197935109
2.0399534702301025,0.5056980894317813,1.6752161238631493,1.1716087025682747,0.4716646723470157,1.1005519281602032,-1.9797843203543026,2.960109170922363,-1.8455664191129892,1.2633004044027678,-1.533056154340664,2.000598907470703,1.6241002092294856,-1.365521644656709,1.6883710314619889
2.0602428913116455,0.5135720247834598,1.710467933184426,1.197201290959534,0.4566020348736408,1.1331037909769242,1.261375979551264,-0.7423887262647024,1.6043761271401171,1.2694705202253358,-1.5422622822568428,2.000598907470703,1.6369982537312975,-1.371808955481907,1.6849642244342689
2.0799803733825684,0.5137088394401689,1.680748400959069,1.1764628128857482,0.4877553457631901,1.0967885666357264,-1.0507154863657926,1.5783832394428943,-1.839911707618324,1.283683833651977,-1.5460777118259172,2.000598907470703,1.6494702405012582,-1.3777710186662482,1.681584905707592
2.1000118255615234,0.5173461089122782,1.6526535102279485,1.1773024512660093,0.4546964115477777,1.0669928474162231,0.04191600153399017,-1.6503513534652225,-1.4874467888457186,1.2978971465512714,-1.5498931383671182,2.0058212280273438,1.662052420634745,-1.3836670143087844,1.6780914484155292
2.119960069656372,0.5177583277377389,1.6576630269131565,1.1775535287329304,0.4265671025303986,1.0859350371004393,0.012586444487409231,-1.4101145385845317,0.9495667685913114,1.3121104601459563,-1.5537085661255083,2.0058212280273438,1.6745065289998506,-1.3893839328418505,1.674550658677734
2.1400623321533203,0.5256384591809476,1.6498879773674973,1.1812070564533161,0.475750295556908,1.0490671493875967,0.18174709045513604,2.4466496263281807,-1.8340168286251126,1.3182805752731344,-1.562914692824498,2.0058212280273438,1.6869803286223266,-1.394989521576571,1.6709221111104429
2.159926414489746,0.5248244232114789,1.637138390630802,1.1617764406065856,0.4780516185456959,1.0497448557314035,-0.9781783783235557,0.11585347612901432,0.03411717351594298,1.3386640056737935,-1.5759362472580472,2.0058212280273438,1.6992307963775493,-1.400375895063454,1.6672790188743847
2.1800107955932617,0.5254536254218698,1.6087073401344316,1.1401317873026138,0.5115737409540139,1.013080017249803,-1.0776858491389145,1.6690642462689664,-1.8255398706402117,1.3528773187888954,-1.5797516742159685,2.0058212280273438,1.7115409415198577,-1.4056682445978492,1.663539359195701
2.1999433040618896,0.5334109020470472,1.6406537748666017,1.1684310763474455,0.4917429566263498,1.0414905152798828,1.4197555259726777,-0.9948965710400183,1.4253348029323851,1.3590474342278176,-1.5889578012657348,2.00592041015625,1.723682154393524,-1.4107682757798123,1.6597741920930975
2.219977378845215,0.5341059844994794,1.6611709708253743,1.164843250074379,0.47357647876915976,1.085520389410387,-0.17908619748453003,-0.906778977999544,2.1977493149397316,1.3732607474388567,-1.5927732281577123,2.00592041015625,1.7358092030326358,-1.415742086270875,1.6559378465520522
2.2400498390197754,0.5348875706840533,1.6323010097598036,1.1425302365249992,0.5082082439945173,1.0491690168056875,-1.1116232567076634,1.725337348993679,-1.8110073348542794,1.3874740616570298,-1.596588656617655,2.00592041015625,1.7478830576994349,-1.4205730483366796,1.6520439140654923
2.259981155395508,0.5428526020983847,1.6623028094695151,1.1633904644620208,0.5069799738547409,1.0736594262983643,1.0466056302442805,-0.06162513888304065,1.2287401911142872,1.3936441776714719,-1.6057947844019458,2.00592041015625,1.7597962990035239,-1.425219777342755,1.6481296354364443
2.279940605163574,0.5436656584111632,1.6345702833477107,1.1405729923405803,0.542245051505504,1.0377300055719998,-1.1431914399737955,1.7668361633487744,-1.8001208021199482,1.4078574903549594,-1.6096102105264265,2.00592041015625,1.7716508579342176,-1.429723734897969,1.644164152813051
2.3002562522888184,0.5412716101779825,1.622045146732611,1.1363099740114668,0.5244312904135113,1.0318923987684454,-0.209839160073629,-0.8768493064568597,-0.28734535343944806,1.4220708048850823,-1.6134256370767692,2.000783920288086,1.7836395601353585,-1.4341553896649917,1.6400829782261725
2.319993734359741,0.5420844525914615,1.6199402492713961,1.1301038028472188,0.5089980350702378,1.0430689365014971,-0.3144358100971217,-0.781926250157802,0.5662595508834903,1.436284119510937,-1.6172410658215446,2.000783920288086,1.795212043825197,-1.438314025336079,1.6360766224834575
2.340259075164795,0.5502961452830882,1.6157684245734427,1.131576631278164,0.5622251151382577,1.0070475903856182,0.07267721007573813,2.626508015830965,-1.7774853362888439,1.442454234158532,-1.6264471917200654,2.000783920288086,1.8070175359341256,-1.4424341490496058,1.6319226365525021
2.36020565032959,0.5512839347427139,1.6009977387750776,1.1236663536222355,0.5484417990328986,0.9998896330964626,-0.3965732257580713,-0.6910116644829444,-0.35885645681114975,1.456667549000399,-1.6302626186211844,2.000783920288086,1.8185614624561124,-1.4463419971303768,1.6277960155250057
2.380091667175293,0.5523102217042544,1.5756189688221658,1.0996015580271796,0.5853320332555825,0.9647994399569839,-1.210136538743591,1.8550841281548525,-1.7645661980348175,1.470880862571151,-1.6340780458309665,2.000783920288086,1.8299955957471792,-1.450093164797104,1.6236463419882456
2.400222063064575,0.5459394824620815,1.5898190332363875,1.0749432934000773,0.5899698128076556,1.0119076511177179,-1.224926959346626,0.23038690235309045,2.3401532398980374,1.491264291892569,-1.6470996004412908,1.9908981323242188,1.8414944372153348,-1.4537440053727477,1.6194114196764455
2.420011520385742,0.5478020367324236,1.6044036742901537,1.0819650392080273,0.5525393883622919,1.0479327403586272,0.35482255495907317,-1.8914325864473185,1.820418248780199,1.4993074890650278,-1.641708901260746,1.9908981323242188,1.852724106263151,-1.4571901676870977,1.615216614151174
2.44000506401062,0.5482893090223069,1.5771925893164,1.0382098327341434,0.6188644453671127,1.0132440995481633,-2.188466801824938,3.3173237445658548,-1.7349921285239722,1.519690918386446,-1.6547304558710703,1.9908981323242188,1.8639949538953484,-1.460528936240786,1.6109485734433964
2.460083246231079,0.5572708000056171,1.6008865250852657,1.06967893614071,0.5987675480061628,1.0296125791923598,1.567328309955304,-1.0009321132902076,0.8152371297595654,1.519690918386446,-1.6547304558710703,1.9908981323242188,1.8752381105551126,-1.4637381026817553,1.606634082869829
2.4800827503204346,0.5585665892606566,1.5773021575348292,1.0445556286548232,0.637458791956248,0.9952044630965211,-1.256196522355691,1.9346101671930047,-1.7204484642272746,1.533904232532923,-1.6585458815550003,1.9908981323242188,1.8863621753958733,-1.4667923567549963,1.6023101514526088
2.500025749206543,0.5512170792773439,1.572331024663887,1.0322695770511001,0.6273305482507757,1.0065290629915826,-0.6160583808827833,-0.507859613456994,0.567848394302917,1.5481175472547148,-1.6623613102338317,1.9784164428710938,1.8973803912450906,-1.4696974074658304,1.5979741281044497
2.519963264465332,0.5525445735959307,1.5634225894599394,1.0192373326774238,0.6198239367298275,1.01057594487845,-0.6536543899536994,-0.3765068727728789,0.2029782465035765,1.562330861233148,-1.666176737728446,1.9784164428710938,1.9083214599381042,-1.4724622352329826,1.5936168808377804
2.539940357208252,0.5539595544227893,1.5413515797911856,0.9933072157537974,0.6593909607571946,0.9768874185534004,-1.297992518596893,1.9806197296345864,-1.6863578078441384,1.5765441746840296,-1.6699921644555635,1.9784164428710938,1.919210090260868,-1.4750936372738621,1.589230340420626
2.559995174407959,0.555479345233567,1.520494954556191,0.9797439593524995,0.6517519887065447,0.9629257635769153,-0.6763091513741696,-0.3809045963660785,-0.6961746316335966,1.5907574895738652,-1.6738075913237107,1.9784164428710938,1.9300665967605128,-1.477596337548184,1.5848077836000505
2.580096960067749,0.563895470450262,1.5240598341387481,0.9781742926384753,0.7086971164351317,0.9293448382666019,-0.07808593428413552,2.8328392657422126,-1.6705443923564438,1.5969276048929173,-1.6830137178908124,1.9784164428710938,1.9408737985205535,-1.4799661390696892,1.5803576554812628
2.59993839263916,0.5538311509682236,1.5461994334308253,0.9673998478406314,0.691001285275936,0.9886290740650574,-0.5430275641169425,-0.8918625757241465,2.9879009786761186,1.611140918127992,-1.6868291442012096,1.9619827270507812,1.9514677398102973,-1.4821699258806902,1.5759500825984738
2.620098829269409,0.5554598488139573,1.5542905557344753,0.9534346336678998,0.6871509101564364,1.0171554245242578,-0.692703954227754,-0.19098669290338846,1.4149668969172529,1.6253542329457207,-1.6906445728140973,1.9619827270507812,1.9621577962804273,-1.484272443498416,1.5714580189833143
2.6399118900299072,0.5570104896455891,1.5355185238695663,0.9262093891108856,0.7280449370773572,0.984836978522557,-1.3741059438577061,2.0639934140035843,-1.631168772577284,1.6395675476677178,-1.6944599992325522,1.9619827270507812,1.9725907640251503,-1.4862053929952284,1.567031790954781
2.6601274013519287,0.5588127184754812,1.5324938730947433,0.912422010261982,0.7246009881368859,0.9954782540334366,-0.6820197930825765,-0.17036170322932515,0.5263916079771696,1.6537808589360818,-1.6982754268948,1.9619827270507812,1.9831616026377281,-1.4880423959581637,1.56250550277923
2.6800436973571777,0.5605611409216282,1.5158809295548086,0.8847634655800753,0.7662201668651356,0.9633251052743559,-1.3887393858083412,2.089704768260163,-1.6144140833519751,1.6679941752889067,-1.7020908533223962,1.9619827270507812,1.9935028312823135,-1.4897195977564757,1.558037981579228
2.699970245361328,0.5495192994201895,1.5205982806091218,0.8714271002165471,0.7599528501936716,0.9875756201335231,-0.6692762520006208,-0.3145209431236448,1.216995279569556,1.6822074880921618,-1.7059062810597296,1.9440670013427734,2.0037770237178045,-1.49126693619828,1.553561628997895
2.7200162410736084,0.5513794132908671,1.5108340649823955,0.8580233746730095,0.75630515566465,0.9871261175457973,-0.668648528909265,-0.18196624310296042,-0.022423560005574356,1.696420802742052,-1.7097217092229247,1.9440670013427734,2.014040018697557,-1.4926926104367053,1.549053506210224
2.7398970127105713,0.5532049814188722,1.492375881599423,0.848566298465457,0.770355233013435,0.9558628688557287,-0.4756895949636923,0.7067169024094996,-1.5725369850304536,1.704464003296242,-1.7043310082829506,1.9440670013427734,2.024146454713979,-1.4939778029292805,1.544579316026145
2.7601380348205566,0.5552247171656657,1.4719075095211656,0.8366697970401579,0.7662130742233695,0.9377701702414907,-0.5877421288636538,-0.20464177982504647,-0.8938628946663951,1.7186773155719457,-1.7081464352527873,1.9440670013427734,2.0343627763014616,-1.4951556255063823,1.5400223362384593
2.780052661895752,0.5571860179539821,1.4592649062911696,0.8078280549730015,0.8090610152194613,0.9068010663776085,-1.448269252457168,2.1515813896139235,-1.5550933365182515,1.7328906296942845,-1.7119618626484856,1.9440670013427734,2.044342257914295,-1.4961867875564696,1.5355388397044911
2.800004005432129,0.5433119717704271,1.4908681377792743,0.8002486695283368,0.7932745812268829,0.9762199085978946,-0.3798934859121274,-0.7912466628523164,3.479406892759675,1.7471039439125602,-1.7157772899782402,1.922220230102539,2.054268767659476,-1.4970938994773486,1.5310485996886884
2.8201773166656494,0.5454340862372381,1.4994832478714222,0.7889640709384064,0.7915161090673176,0.9997439444689127,-0.5593825653757666,-0.08716824616492988,1.166096908866893,1.7613172588264314,-1.719592716264807,1.922220230102539,2.0642333756102222,-1.4978839668576227,1.526511500026512
2.8402130603790283,0.5475867219106302,1.4881380406190938,0.7594337350229637,0.8353775012377049,0.9695151677372329,-1.4738826937441654,2.1891571781834473,-1.5087424337283004,1.775530572732963,-1.7234081432437853,1.922220230102539,2.0740581769523434,-1.4985431436105765,1.5220100110028465
2.860166549682617,0.5493866361693169,1.4799044976685292,0.7680920786351148,0.8046135719932204,0.976088561925526,0.4339262913075412,-1.5417819297876545,0.32943582389425774,1.7835737713204427,-1.7180174436556617,1.922220230102539,2.083771737425227,-1.4990763474595623,1.5175331243721508
2.8799800872802734,0.551523122136195,1.4698735021518092,0.738003674591717,0.8484857513733741,0.9465466804830645,-1.5185780880925024,2.214252713020991,-1.490994795697464,1.7977870847473916,-1.721832869834171,1.922220230102539,2.0933473821652484,-1.4994851101208613,1.5130951409285842
2.9002668857574463,0.5374344033281934,1.4860402910218136,0.7298414029673342,0.8447573072097359,0.9808324856827619,-0.40234399890979017,-0.18378672060224752,1.690054999968409,1.8120003987018916,-1.725648296780177,1.8998298645019531,2.1030801335752396,-1.4997800834536446,1.5085602949779833
2.9200963973999023,0.5396502474587178,1.4779837493068342,0.7217263597488793,0.8422680727580112,0.9767965594079577,-0.40924069965899534,-0.12553180817600568,-0.20353129958899574,1.8262137138795385,-1.7294637234504926,1.8998298645019531,2.1125234652595397,-1.499948622791265,1.504138148116126
2.9400596618652344,0.5413760476261483,1.4629742063763733,0.7099726147610793,0.8588225021705717,0.9479748544014097,-0.5887686860138247,0.8292446078299816,-1.4437370729922177,1.8342569127787622,-1.7240730242131455,1.8998298645019531,2.121960987599147,-1.4999997263008122,1.4996979519559193
2.960024118423462,0.5437290311214058,1.4445850042233699,0.7031094850106653,0.8559769648100481,0.9272358503798523,-0.3437674213869684,-0.14253016866371132,-1.0387963209051456,1.8484702255101157,-1.7278884514348423,1.8998298645019531,2.131329553864333,-1.4999328934610485,1.4952706930126887
2.979989528656006,0.546182221357374,1.4392881668580215,0.6719483610575637,0.9012484419411961,0.898769755403543,-1.560755506155762,2.2674954635970734,-1.425770602494767,1.8626835415272636,-1.731703876963054,1.8998298645019531,2.1406293101404326,-1.4997491539636865,1.4908577687359987
2.999995231628418,0.5293405742841429,1.4809362978866534,0.6718132230712235,0.8888622210419437,0.9755835503478234,-0.006754973145737221,-0.6191344996140885,3.839594892026876,1.876896855313925,-1.7355193034593681,1.8736896514892578,2.149878649575839,-1.49944883639871,1.4864518457848368
3.0198800563812256,0.5309097920695762,1.4770481729819658,0.6845025549567376,0.8505003861705234,0.9948751935247215,0.6381414995232721,-1.9292015568808998,0.9701691323266135,1.8849400526302893,-1.7301286041799073,1.8736896514892578,2.1590037065280123,-1.4990361079426266,1.4820896270888344
3.039886951446533,0.5334457693959495,1.4654726489094683,0.6527062281354201,0.8864468515834139,0.9673658272715755,-1.589268435583141,1.7967038511249265,-1.3749942788897747,1.8991533671603094,-1.7339440318604384,1.8736896514892578,2.168116305779786,-1.4985069659646573,1.477719053416626
3.0600366592407227,0.5361483937234317,1.458730525253427,0.647528763956273,0.8770030029229235,0.9692610474065151,-0.2569498392745986,-0.4686841495147447,0.0940569537929534,1.9133666827936062,-1.7377594587826142,1.8736896514892578,2.177224821425236,-1.4978596619520852,1.4733372189367149
3.0800044536590576,0.5377862918517585,1.4398659526884316,0.6342007804648895,0.8850568231056893,0.9421665201243117,-0.6674739939802977,0.403340499908721,-1.3569113701072808,1.9214098811652787,-1.73236875877777,1.8736896514892578,2.1861828684374474,-1.4971060281401247,1.469015945291838
3.0999605655670166,0.5214601227181438,1.4591868558703036,0.6303816868129926,0.8746269720797563,0.9832969383589403,-0.19137463597674922,-0.5226394336751239,2.0610436754578823,1.935623195311653,-1.7361841855918885,1.8481731414794922,2.195068139154137,-1.4962423208654454,1.4647192560494589
3.1200122833251953,0.5242197845458636,1.4414086758261389,0.6259264227394986,0.8565168783058781,0.9758349866860436,-0.22218864873443228,-0.9031691943944014,-0.3721352835147035,1.9498365090983145,-1.7399996120882022,1.8481731414794922,2.203928295407153,-1.4952642560614744,1.4604253469658857
3.1400372982025146,0.52575463270601,1.4169612777912883,0.6119705722018395,0.8552207290863826,0.9496677240276359,-0.6969208573955048,-0.064726504696061,-1.3067287499519022,1.9578797074699872,-1.7346089120833583,1.8481731414794922,2.212709208089136,-1.4941782958437966,1.456161689860166
3.160141706466675,0.5286329622997742,1.388743502482926,0.6085528128288978,0.8372065419925402,0.9259358486047911,-0.17000049581337012,-0.8960316989759917,-1.1804314313070983,1.9720930224078936,-1.7384243377883453,1.8481731414794922,2.221457460441513,-1.4929793203038486,1.4519069061451568
3.180119752883911,0.5301879339125052,1.364778711264369,0.5941701459265234,0.8362078677296891,0.9001884082552123,-0.719923590224798,-0.04998858456898127,-1.2887866917440343,1.9801362210433417,-1.7330336381672495,1.8481731414794922,2.230084003052415,-1.4916810463205386,1.4477055673314336
3.2001891136169434,0.511164166128676,1.405526147748546,0.5977576969289561,0.8087678058183652,0.9818778559672301,0.17875761217087127,-1.3672613829776994,4.070356240972084,1.9943495354534917,-1.7368490653651163,1.8187313079833984,2.238683362980816,-1.4902706627928732,1.443512869144376
3.2201006412506104,0.5125532504045095,1.3997468316303052,0.6114914344048235,0.767252516170819,0.9983451280685235,0.6897380114947065,-2.0849876720333036,0.827022034886467,2.0023927348325037,-1.7314583646678612,1.8187313079833984,2.2471493534696694,-1.4887672625833628,1.439381784321459
3.240208625793457,0.5155263950104118,1.383321753617305,0.5776202991031888,0.795123126440812,0.9735055613060397,-1.6844619722807652,1.3860469312876895,-1.2353086262601258,2.016606047539719,-1.7352737936013267,1.8187313079833984,2.255632816934999,-1.4871448336165618,1.435239865208249
3.260007858276367,0.5169016745726731,1.366717325207249,0.5917635978327666,0.7538893147451703,0.9743628648582288,0.7143357067899295,-2.08259647091032,0.04329983765426441,2.024649246918731,-1.7298830929040716,1.8187313079833984,2.263921336212013,-1.4854460652099581,1.4311919577835401
3.2800869941711426,0.5199752428121857,1.3508254488777307,0.5574751206466025,0.7820597422927394,0.9499123342081587,-1.7076669716193267,1.402970112618199,-1.2177083106665028,2.0388625605855224,-1.7336985189177212,1.8187313079833984,2.2722619354104374,-1.4836216889643055,1.4271185348395943
3.2999157905578613,0.4999419932789004,1.3708192339741663,0.5730357683061056,0.7419300525465269,1.0001575763866708,0.7847499846196165,-2.0238086550271537,2.533953206164656,2.0469057613315864,-1.728307817845859,1.790008544921875,2.2804343925101445,-1.481720712507534,1.4231282176427813
3.3199901580810547,0.5030341621222196,1.3582407078789647,0.5684224363996845,0.7337373369942813,0.9916366646295094,-0.22981206760765882,-0.40811824047656353,-0.42446725892193554,2.0611190742548144,-1.7321232449356685,1.790008544921875,2.2886435497944673,-1.479696642479041,1.419122050607761
3.3400869369506836,0.5044015114625005,1.3347768850359891,0.5524864602787937,0.7341279421940432,0.9682170255293627,-0.7929617091510088,0.019436209269942308,-1.1653429264497406,2.069162272674455,-1.726732544897852,1.790008544921875,2.296797115866781,-1.477571039334567,1.4151461607381626
3.3599252700805664,0.5075300646215439,1.3726062602432043,0.5452699671499758,0.7307897363064945,1.0259994979980174,-0.3637650946564441,-0.16827048248929466,2.912667717108548,2.0833755874443183,-1.7305479724135238,1.790008544921875,2.304782525048995,-1.4753763918763179,1.4112563845829382
3.3800711631774902,0.5089330575625811,1.3493281844562157,0.5289508175853166,0.7315377867829754,1.0028709031836542,-0.8100484543497868,0.03713166117193331,-1.1480550752001533,2.091418785863959,-1.7251572723757074,1.790008544921875,2.312827820889731,-1.4730507276417597,1.4073426509735587
3.400014877319336,0.4808614516943923,1.4062303981458601,0.5089498375865856,0.7068253184895963,1.104016288209614,-1.0028713737309893,-1.2391106349407448,5.0715420561377575,2.1136752993174435,-1.7235819979769347,1.756185531616211,2.3207291366005522,-1.4706531878990314,1.403505136322463
3.4199914932250977,0.48837346931600406,1.4185470651817593,0.5478736236469135,0.6973112076775729,1.1071889397456187,1.9484674603520484,-0.4762623888302957,0.15881826786736133,2.1136752993174435,-1.7235819979769347,1.756185531616211,2.328580780121792,-1.4681577275174125,1.39969889524365
3.439878463745117,0.4854758229556039,1.3854994971751002,0.4871226146562544,0.7099680285490582,1.0854795315440422,-3.0548146551282485,0.6364378555669926,-1.0916397839340286,2.1359318126028843,-1.7220067253888458,1.756185531616211,2.3363351390725535,-1.465581068709158,1.3959478822641438
3.459906578063965,0.486720083317843,1.3637138878202708,0.5015104221270469,0.685420566687163,1.0669590015994417,0.7183805345694827,-1.2256501771010226,-0.9247265943140532,2.1439750102789614,-1.7166160264271895,1.756185531616211,2.3440823293235304,-1.4628939434889652,1.3922094266323646
3.479914665222168,0.48798906024067734,1.3411725534509114,0.4840384814910794,0.6866397664190119,1.045455115123501,-0.8732439287083041,0.06093534690291764,-1.0747597361961867,2.15201821076125,-1.7112253249715792,1.756185531616211,2.3517597266744565,-1.4601181591637893,1.3885146991923527
3.499915599822998,0.46709487061994676,1.3777796151186867,0.4802143095940471,0.6912217023879207,1.090817786271224,-0.19119966008356498,0.2290860932427932,2.2680275723635654,2.166231523780415,-1.7150407519954447,1.7231216430664062,2.359372720396503,-1.457253119617374,1.384861930830262
3.5199873447418213,0.46820767056960144,1.3525083923987409,0.49309106531517,0.670762276789222,1.0659353267679594,0.6415364370761361,-1.019314747245115,-1.2396759526337893,2.1742747245264793,-1.7096500509235826,1.7231216430664062,2.3669510295444303,-1.4542882250820102,1.3812377414745056
3.5399093627929688,0.4692955648579603,1.3307683117158513,0.4750428925515291,0.672275175930424,1.0456216512348295,-0.9059409903808099,0.07594105864766382,-1.019659528516484,2.1823179219387807,-1.7042593515781777,1.7231216430664062,2.374412024365474,-1.4512575883490981,1.3776823708184294
3.5601184368133545,0.473033982448634,1.3027462048576772,0.4687220977899953,0.6814594824802974,1.0065089383865962,-0.31277013262249165,0.4544644915748668,-1.935403512737829,2.196531235485702,-1.708074777109163,1.7231216430664062,2.3819190714630527,-1.448094820247969,1.374118891138429
3.5801172256469727,0.47416122616768364,1.2817189574596044,0.45029701511599385,0.6833438515842286,0.9864467875111124,-0.9213099266805947,0.09422416125338304,-1.0031682939598383,2.204574434217087,-1.7026840774221237,1.7231216430664062,2.3892872949671204,-1.4448782859653249,1.370635896736553
3.6001579761505127,0.4494847166713566,1.341066378599806,0.4694509089622837,0.6617369961034706,1.0677916575218405,0.9557473330605292,-1.0781460243687653,4.058973240366381,2.2126176326846965,-1.697293377351336,1.687795639038086,2.3966107727100394,-1.4415694712025018,1.3671894650976477
3.619987726211548,0.45319994129136026,1.3477897908388081,0.4598048393780152,0.6749409193367695,1.0721807615223806,-0.4864443351317236,0.6658643297397977,0.22133935057328882,2.2268309480782533,-1.7011088033081831,1.687795639038086,2.4037980894721267,-1.4382122030183555,1.3638231167319128
3.640094757080078,0.4542020108279162,1.3274757230584757,0.44086243318668394,0.6772892230119784,1.0531435888359053,-0.9420787343087145,0.11679017606146115,-0.9467918366938299,2.2348741468096383,-1.6957181036211435,1.687795639038086,2.411026349973361,-1.434724316973359,1.3604546680431007
3.6599977016448975,0.455154182745093,1.315423126094318,0.4508511021928733,0.6638438687311615,1.0422967918319928,0.5018689055611105,-0.6755459845164313,-0.5449845357598732,2.242917345277248,-1.6903274035503555,1.687795639038086,2.4181224052297976,-1.4311898579676199,1.3571655594828032
3.6799416542053223,0.4591051169587543,1.3040695878647925,0.4125658697293736,0.6945228221038553,1.0237308936948186,-1.9196411718041217,1.538258440985798,-0.9309036451487969,2.2571306594476575,-1.694142829782894,1.687795639038086,2.425174730228748,-1.427567231680805,1.3539151975780555
3.6999101638793945,0.43720465986929996,1.341916420317617,0.42299892387970384,0.6820251906469144,1.0754781396372963,0.522475353475019,-0.6258670106546936,2.59144256567469,2.265173856859959,-1.6887521304374893,1.655813217163086,2.4321775352577957,-1.4238599712267435,1.3507069569819958
3.7199325561523438,0.44137774418117925,1.3342629842985454,0.41283424845952543,0.6995625660723879,1.0585073503374152,-0.5076653819189803,0.8758881149864879,-0.8475904911127501,2.279387173140985,-1.6925675552192607,1.655813217163086,2.4391410874072026,-1.4200630988563503,1.3475368457081152
3.7400238513946533,0.44225029739221877,1.3158117154853881,0.3929294773343738,0.7025493014517077,1.0408608819049996,-0.9907161726056805,0.1486581797389624,-0.8783141265703209,2.2874303716085946,-1.687176855148473,1.655813217163086,2.4460704010484013,-1.4161739757124587,1.3444033490788643
3.760188102722168,0.4431697329335331,1.2881458142573696,0.40177282226732797,0.6932850408805205,1.0085901497473704,0.43856549838214,-0.4594398483094637,-1.6003932719086353,2.295473571299351,-1.6817861548019941,1.655813217163086,2.4529665843154285,-1.412191924102262,1.3413067564775918
3.7800214290618896,0.4439925757569008,1.270116760240137,0.38151640458024483,0.6961439379035568,0.991476391750804,-1.0213323443639457,0.1441461192170572,-0.8628788587162678,2.303516769503185,-1.6763954543474582,1.655813217163086,2.4596928645671348,-1.4081991703067454,1.33830859060691
3.7999460697174072,0.4246869840772993,1.3429674511824596,0.37713052834128763,0.7122492788902272,1.0742602590847734,-0.22012322906022655,0.808312745264515,4.154848700422844,2.317730081131364,-1.6802108811973218,1.6217498779296875,2.4663938635366924,-1.4041129480300496,1.335344491202458
3.8198983669281006,0.42538735294907903,1.3462798917551144,0.38366663175999327,0.7038751724850707,1.0815864293606943,0.32758651044966597,-0.4197063785050468,0.3671842995599739,2.325773280918057,-1.6748201807848992,1.6217498779296875,2.47304797041465,-1.399946547936119,1.332424711642307
3.839958667755127,0.42614695416740506,1.3292699747360437,0.3629075428358991,0.7073057909280005,1.0653521949136295,-1.0348343777639843,0.17101530393342246,-0.8092717346089375,2.333816479385667,-1.6694294807141115,1.6217498779296875,2.479681739454336,-1.3956833278824485,1.3295383171366213
3.8599929809570312,0.4308362638027866,1.3367056891636857,0.350710666204353,0.7378081912034885,1.0580279774401524,-0.6087993388456552,1.522507907712489,-0.36558365638313634,2.3480297952348734,-1.673244906922819,1.6217498779296875,2.4862508108343713,-1.3913522247711267,1.3267052155419183
3.8799009323120117,0.43157454584342547,1.3320426969312855,0.32951729668758667,0.7612810264286747,1.0422126925111692,-1.0645680782952218,1.1790683434292129,-0.7944205130392095,2.356072993438707,-1.667854206468283,1.6217498779296875,2.492723209284549,-1.3869766706734172,1.3239393391385836
3.899930477142334,0.4112863593046734,1.3818998750470557,0.3374810626944214,0.7737674531549983,1.0940921923749112,0.39760094771492643,0.6234004233296752,2.5901487179680083,2.3641161921700924,-1.6624635067812434,1.5905323028564453,2.49917992790486,-1.3825030480340024,1.3212064812620499
3.92018985748291,0.4163840732420671,1.3913252864267307,0.32512179625807197,0.8154353062535504,1.079419812474983,-0.6100515528402357,2.056719030793768,-0.7242264893236573,2.378329506004825,-1.6662789321143967,1.5905323028564453,2.5056547405112695,-1.377906177796719,1.3184934532875459
3.9398906230926514,0.4169468715418981,1.3890182814430423,0.3033458225132994,0.8388319577773264,1.0647600878874877,-1.1053364207330738,1.187601131207172,-0.7441195371740624,2.3863727042086587,-1.6608882316598605,1.5905323028564453,2.5118971921353648,-1.37336764913771,1.315904898460166
3.960212230682373,0.41774267367964907,1.375487756589737,0.31023551175575903,0.8527250982586542,1.0337216272157987,0.3390326878442593,0.6836634562491325,-1.5273624655259872,2.394415903995352,-1.6554975312474378,1.5905323028564453,2.518281277247483,-1.3686161540536002,1.313286227786844
3.9798922538757324,0.41834081134610457,1.3747178593000104,0.2881656301078884,0.8761948357570872,1.0193588043939865,-1.1214357539638287,1.1925665568500168,-0.729817372708111,2.4024591021991855,-1.6501068307929017,1.5905323028564453,2.5244105830319308,-1.363947966702872,1.3108003324577768
3.9998667240142822,0.40215231945517327,1.4659503405705867,0.283703415887045,0.914020313741332,1.1104456938100298,-0.22339587432817815,1.8936911828886671,4.560165490460234,2.416672418312168,-1.653922257385358,1.5570392608642578,2.5305785073878937,-1.3591435431432617,1.3083277803402877
4.019909143447876,0.4027571494785811,1.495424508132092,0.28922688006125485,0.926431166532541,1.1377027577752008,0.2755886928976144,0.6192292718117046,1.359968743069241,2.4247156147650983,-1.6485315586993925,1.5570392608642578,2.5367139297726315,-1.3542564187770347,1.3058981831504313
4.040043115615845,0.40341707332246673,1.5116123517849194,0.2666570797035137,0.9511673858933442,1.1441794037324526,-1.1209810051117268,1.2285811838041656,0.32167750621785246,2.4327588132806763,-1.6431408585956326,1.5570392608642578,2.542823753456963,-1.3492808871879027,1.3035094574952986
4.059890270233154,0.40400346707571877,1.5273476214339254,0.2722897694226178,0.9614725571002796,1.1550842220854274,0.2838033878262612,0.5192266299950031,0.549439885124096,2.4408020124918495,-1.637750157448685,1.5570392608642578,2.5487941836482153,-1.3443122788735709,1.301205909255301
4.079850673675537,0.4098228381094402,1.5593802536620516,0.23039896947639715,1.0143238556840914,1.1617788972801568,-2.098695052288975,2.64780713157282,0.3353977896315631,2.455015327165878,-1.6415655839001118,1.5570392608642578,2.554746622541082,-1.3392520412210924,1.2989405408524743
4.099899768829346,0.39191729959500476,1.6141831267337579,0.23756080251629164,1.0227120923793267,1.2260554668696217,0.35721477627552667,0.41838480145283735,3.2059586278762677,2.4630585264250198,-1.636174882720192,1.5265541076660156,2.560673256214273,-1.3341062542856572,1.296717039363945
4.119889259338379,0.3925014471543715,1.6165844787481607,0.2434083595440375,1.029736519507954,1.2221867483429805,0.29253156928153656,0.35140601134645993,-0.19353762542837272,2.4711017249405978,-1.6307841826164324,1.5265541076660156,2.5665304169299277,-1.328913667936324,1.2945520750666266
4.140024423599243,0.3992780182468332,1.6494738588879714,0.24475130078637797,1.0715364557747402,1.2299066777052068,0.06669631421635219,2.075966986176058,0.38340533318772924,2.4711017249405978,-1.6307841826164324,1.5265541076660156,2.5723782559600217,-1.323621338161092,1.2924238296029371
4.160119295120239,0.3995756910252905,1.6375683766835893,0.20726926851822747,1.0886500578480671,1.205616311348451,-1.8652536409096947,0.8516402832158337,-1.208784357311068,2.4933582368113254,-1.6292089070453577,1.5265541076660156,2.578162634321269,-1.318278485275982,1.2903524568681604
4.180015563964844,0.4061518132865456,1.6713387048797947,0.20818642228740175,1.1302339035566185,1.2135084685553745,0.046096772029847154,2.090032358998211,0.39666518725513195,2.4933582368113254,-1.6292089070453577,1.5265541076660156,2.5838391781947774,-1.3129290913388596,1.2883534089706152
4.199906587600708,0.38971401288836066,1.6108481953541005,0.2256527801182976,1.1240846827738837,1.1315239092717322,0.8781025125023403,-0.309145516857536,-4.121686283446023,2.5014014350151594,-1.6238182065908213,1.4963569641113281,2.589464156195624,-1.3075228205820546,1.2864064990739619
4.219931602478027,0.3902938058736538,1.6454268560173688,0.2254711047519397,1.1211105757355808,1.1830906120830211,-0.00907242104292513,-0.14851959194654296,2.5751143321093983,2.509444634538077,-1.6184275057946502,1.4963569641113281,2.595076771897328,-1.3020220102666353,1.28449862853234
4.240130662918091,0.39721245283428197,1.6839443586519476,0.1823119470535346,1.175349539554405,1.1920505093604534,-2.1366913489105577,2.685222116135895,0.44357990333356995,2.523657950315177,-1.6222429337480984,1.4963569641113281,2.6006873944803783,-1.2964150811758834,1.2826272097335023
4.259967803955078,0.397825658357531,1.7087122393602299,0.1841639918291177,1.17345095797101,1.228329756331717,0.0933624846508813,-0.09570842793600938,1.828854616883512,2.5317011486149474,-1.616852233227618,1.4963569641113281,2.6061480758512707,-1.2908524433971869,1.280841195539311
4.28000545501709,0.39853694340698487,1.7306242020726772,0.1595917658064962,1.1992717866044313,1.2374723346164433,-1.2263027211411333,1.288615544482341,0.4562699618050153,2.5397443460752176,-1.6114615338492415,1.4963569641113281,2.6116146147339068,-1.2851777378683602,1.279089285375128
4.2999184131622314,0.38693051020314345,1.6989758743487184,0.1662137596735736,1.1926752386876025,1.198506480055756,0.3325469686026055,-0.33126910972985096,-1.9568089420302528,2.54778754432702,-1.6060708333617333,1.4730167388916016,2.6169982568130874,-1.2794835259808799,1.27740020671459
4.320089101791382,0.3876736628273394,1.6777396653415388,0.1671206444825316,1.1839281264360952,1.1769431873636038,0.04496052790420806,-0.43365461697059066,-1.0690409776585084,2.5558307449052453,-1.6006801318401793,1.4730167388916016,2.6224022476003235,-1.2736605893479787,1.2757419997406485
4.340108871459961,0.3884017570131253,1.6868772519936068,0.14209304054591165,1.2098791556204673,1.166857686231284,-1.2501444497586114,1.2962701176878204,-0.5037770813192167,2.5638739424134838,-1.5952894324288307,1.4730167388916016,2.6277169505188094,-1.2678272507513801,1.2741486551325667
4.359954595565796,0.3959949986894114,1.6724127658970134,0.12434882773606087,1.2273686026685313,1.1291891523387314,-0.894107602989084,0.8812702905066493,-1.8980680015337659,2.5780872583588326,-1.5991048563112176,1.4730167388916016,2.6329376924916295,-1.261992273634858,1.2726206923643675
4.380094051361084,0.3968749352093146,1.6836678138614756,0.09889964788550515,1.253853704568927,1.1192886377606008,-1.2636478417907362,1.315085281827344,-0.49159791996201496,2.5861304546439245,-1.5937141571755598,1.4730167388916016,2.6381874452654444,-1.2560182967898852,1.2711224848792408
4.399932622909546,0.38718673976012985,1.7080379769841514,0.10569352226778839,1.2343215839665582,1.1758710973253095,0.3424578410641651,-0.9845527715871857,2.852143836389041,2.5941736544306178,-1.5883234567631372,1.4516105651855469,2.643311441993893,-1.2500825116717245,1.2696981897320532
4.419970512390137,0.3880540579902864,1.724162942826541,0.10505840744247197,1.2250751124528239,1.208673468431665,-0.03169569459556137,-0.46144937183582735,1.637017268616467,2.6022168527303884,-1.582932756242657,1.4516105651855469,2.6484395864559223,-1.2440362725920306,1.268311399396644
4.439950466156006,0.3889424665698816,1.7491714466896728,0.07915689790835517,1.2513845163283495,1.2195785041241223,-1.2963748483924513,1.3167900278362397,0.5457988451948252,2.6102600509342224,-1.577542055788121,1.4516105651855469,2.653505788497264,-1.237957391113279,1.2669803834660698
4.4600207805633545,0.38990035193810685,1.7475431582113796,0.08010892134144243,1.2320598416739683,1.2367369150580205,0.04743440554865841,-0.9628486261931963,0.8549149049511549,2.6183032504571395,-1.57215135499195,1.4516105651855469,2.658547834881461,-1.2318012924492847,1.265695281270595
4.479932546615601,0.3908469317086098,1.765913656677727,0.05390568335619711,1.2483770497861588,1.247838115185623,-1.3159675498642942,0.8194756843454319,0.5575196142057061,2.6263464487569106,-1.5667606544714694,1.4516105651855469,2.6635036811855697,-1.2256452853043827,1.2644716621688854
4.500124931335449,0.3832762991532621,1.7768029464195132,0.05695260624416193,1.2284682903076782,1.2824393828776435,0.15089465311988473,-0.98595385115215,1.7135800536728192,2.634389647008713,-1.5613699539839612,1.4328804016113281,2.6684825359477244,-1.2193537617898589,1.263282876000074
4.520043611526489,0.38427434355853757,1.7599246082993518,0.0592662004143637,1.1993950730821248,1.286574367478381,0.11615198135680138,-1.4595955628943411,0.20759330242158794,2.642432845524291,-1.5559792538802013,1.4328804016113281,2.673347904816495,-1.213100155369562,1.2621614687689637
4.539885997772217,0.38529200625992005,1.772213549994895,0.03260898580349797,1.2058404252447465,1.2983167524436954,-1.3434480248869038,0.32482747199871576,0.591782904530588,2.6504760427687537,-1.5505885540851045,1.4328804016113281,2.67814950756383,-1.2068243485679613,1.2610948363295
4.560004711151123,0.3864436003752483,1.740140081157451,0.03560895432609679,1.1769527909051862,1.2812500272792016,0.14911333871599247,-1.4358589336954306,-0.8483010241791934,2.6585192430832034,-1.5451978521798018,1.4328804016113281,2.6829722991766953,-1.200414711282995,1.2600646324465732
4.579986095428467,0.38759529057511055,1.7532176318399781,0.008628329298143944,1.1836695746277346,1.293299638378014,-1.35028808081857,0.33615207181437895,0.6030418579394965,2.6665624405914423,-1.5398071527684531,1.4328804016113281,2.687716869043422,-1.194003251711318,1.259092423182032
4.599950790405273,0.3805923728736631,1.7652078421415813,0.019832812536495992,1.147125022115543,1.3415176365376063,0.5612148470772284,-1.8304588452088137,2.4151632777564607,2.6746056388432446,-1.5344164522809447,1.4137954711914062,2.692412665743723,-1.1875524021149566,1.2581715823278454
4.619815826416016,0.38177950102521024,1.7648450971543366,0.022405677386430567,1.1212650239223632,1.3626962055788285,0.12951725073859804,-1.3017846118776593,1.066122861784383,2.682648837095047,-1.5290257517934367,1.4137954711914062,2.6970408184408665,-1.1810899922828166,1.2573053260391698
4.639899730682373,0.3830865212884978,1.7790380267272572,-0.005055770953440175,1.1282659271887212,1.3754878179273906,-1.3673361501663526,0.34858278417933275,0.6369086497782867,2.690692036617964,-1.5236350509972656,1.4137954711914062,2.701675434929335,-1.1745125809776193,1.256480027951279
4.660001277923584,0.38444828340012965,1.7660686375887702,-0.0013293496437356,1.1041098889106342,1.3783823920501619,0.18537982499500827,-1.2017004456534464,0.14399757829770443,2.698735234917735,-1.5182443504767855,1.4137954711914062,2.706269534856392,-1.1678859431146758,1.2557046639810352
4.679908514022827,0.38579718202930274,1.7806876962373421,-0.02907816269463037,1.1110136822734662,1.391277014036569,-1.3939058597868204,0.34679818576595106,0.6477354225430237,2.706778432905762,-1.5128536496055287,1.4137954711914062,2.710775500781645,-1.161281159075907,1.2549865513759704
4.699845790863037,0.3809400218815788,1.775663371652049,-0.023819322359524053,1.087435676242984,1.4035300849440384,0.2637692387608406,-1.1826091506604124,0.614580968387681,2.7148216324766477,-1.5074629487763858,1.3979148864746094,2.715244933437188,-1.1546248786228555,1.2543167759794953
4.719781875610352,0.3823968244961569,1.7595450987657109,-0.019814575631782017,1.0675091927741125,1.3985815887983548,0.20087929894466905,-0.9995183969889446,-0.24821805326395405,2.7228648306804812,-1.5020722483218494,1.3979148864746094,2.7196709871400357,-1.147928031798425,1.2536962862484466
4.7399818897247314,0.37542200225273226,1.758031600027691,-0.029078325089911983,1.0465657935399286,1.4122781586847644,-0.4586011378841233,-1.036801217840476,0.6780475404053953,2.724737913061542,-1.4874754222115114,1.3979148864746094,2.7241119482483866,-1.1411013046793113,1.253117584540862
4.759891986846924,0.37691886872166447,1.7274074229474263,-0.02442374494441607,1.0283864354319054,1.3877179918688156,0.23377988148072767,-0.9130722967574041,-1.2335533405597132,2.7327811113133444,-1.482084721724003,1.3979148864746094,2.728446338282219,-1.1343326121023969,1.2525962242356856
4.779805421829224,0.37847129984701544,1.74322978211966,-0.05284624696775486,1.0354037351681247,1.4014265776879915,-1.4273028258862588,0.3523902200929475,0.6884088973781199,2.7408243095651468,-1.4766940212364945,1.3979148864746094,2.7327391964165573,-1.1275236460976457,1.2521232376100069
4.800015687942505,0.37468232287888337,1.7552635673037043,-0.04101848162529281,1.0156138660663412,1.431012281541518,0.585235507348881,-0.9791988383952303,1.4638948189843077,2.7488675088242887,-1.4713033200565753,1.3829784393310547,2.7370531101436417,-1.1205736971781688,1.2516925120680715
4.819949626922607,0.37636051201813914,1.7648595924180783,-0.03825242062569473,1.0041558625990092,1.4508401486292075,0.13876138591369647,-0.5747987629925516,0.9946788292811094,2.756910707339866,-1.4659126199528156,1.3829784393310547,2.7412658678545547,-1.1136804489188725,1.2513160996406567
4.839956998825073,0.3781205465743195,1.7816644485106343,-0.06716938937999817,1.0114504512528002,1.4651909312023221,-1.4453157013960216,0.3645950447340828,0.717274744682781,2.7649539043205538,-1.4605219197739703,1.3829784393310547,2.7454523056259514,-1.1067240420841609,1.2509864049797217
4.859978914260864,0.3710087528763854,1.761605734882418,-0.0453771692215052,0.9743007073310521,1.4669471051739658,1.0884183498017064,-1.8554540418914913,0.0877125856052865,2.7668269850709915,-1.4459250913941135,1.3829784393310547,2.7496000620029286,-1.0997252608307897,1.2507044617299266
4.880025386810303,0.37283794710508955,1.7787577823026495,-0.07451004375926376,0.9815848094769996,1.4815258226859342,-1.4532668760507,0.3633607921784459,0.7272460267518164,2.774870185385441,-1.440534389488811,1.3829784393310547,2.75371133147393,-1.0926810391516733,1.2504700080449005
4.900012731552124,0.3708064993974233,1.7733370689327907,-0.07104646079263585,0.9751346309413699,1.4794557147812233,0.17328879905597208,-0.3227131276789058,-0.10357093107917885,2.7829133825819357,-1.435143689726686,1.3715248107910156,2.757769290203857,-1.0856214278224405,1.2502836335978116
4.920003175735474,0.37275342048255095,1.7662216808579714,-0.06924330956619382,0.97070170217961,1.473934393179929,0.09020065836975803,-0.22175238934671038,-0.2761980449585596,2.790956580833738,-1.4297529892391776,1.3715248107910156,2.7617869866511624,-1.0785251202150117,1.2501442881466942
4.939956903457642,0.37475099302336373,1.7841778697778619,-0.09883628554535293,0.9780403932476079,1.4889456164819221,-1.483080073618637,0.367785466965395,0.7523017007652272,2.7989997800928794,-1.4243622880592581,1.3715248107910156,2.7657567516303967,-1.0714068671347343,1.2500518563088265
4.959904432296753,0.36758137838833727,1.746391292462875,-0.07806748265958449,0.9476879388272148,1.464812474394853,1.041171718726724,-1.521614765678682,-1.209831166643112,2.8008728621619907,-1.4097654638585202,1.3715248107910156,2.7696850207443804,-1.0642564040519549,1.2500057675213978
4.980005264282227,0.37408850658152726,1.7725643589342908,-0.083132262759677,0.9717505064936894,1.4801264765491655,-0.25196867989109595,1.197093119521821,0.761859119332951,2.8008728621619907,-1.4097654638585202,1.3715248107910156,2.773603002518172,-1.0570166652185147,1.250005879881315
4.999917268753052,0.36864291902230545,1.7772968558725777,-0.09849519306954654,0.9537014894362232,1.4965080286733754,-0.7715411239676601,-0.906438981766571,0.8226972903813837,2.8169592594091593,-1.398984061807344,1.3614730834960938,2.7774443178082793,-1.0498115196110902,1.2500517798249802
5.019916296005249,0.3751260673078727,1.8044838546395416,-0.07399821801217446,0.9723762854225426,1.5182788297719425,1.2249083292128937,0.9337852161918329,1.0885930012508571,2.8169592594091593,-1.398984061807344,1.3614730834960938,2.7812627353070702,-1.042541865687983,1.2501434586583775
5.040014266967773,0.36801292929078344,1.807315678877516,-0.08517423189396753,0.9517375480408259,1.5340570240336588,-0.5560767254879793,-1.0269065180858632,0.7850640391080808,2.81883234133457,-1.3843872354451452,1.3614730834960938,2.785060202759751,-1.0352034044656675,1.2502813078840371
5.059948205947876,0.3701996033293574,1.8121416659127005,-0.08539488032890424,0.9551130028143243,1.5376359398783168,-0.011068983162683508,0.16933205107468774,0.17953881810465744,2.826875540593712,-1.378996534265226,1.3614730834960938,2.7887874271586197,-1.0278928413889712,1.2504629994098915
5.079914569854736,0.37246495794098416,1.8312216475232281,-0.11575482502238935,0.962616294305247,1.5534939371557768,-1.5205545103309253,0.37579659100295987,0.7942356130257258,2.83491873853377,-1.3736058334269414,1.3614730834960938,2.7924817643698834,-1.020538896145091,1.2506895742710897
5.100024700164795,0.37283258798577895,1.8202545439426914,-0.11563272989772413,0.9665435549800039,1.5380992272434935,0.0060713243913761384,0.19528767910532063,-0.7655201470565934,2.842961937049348,-1.3682151333231811,1.354440689086914,2.796163526464766,-1.0131006060260044,1.2509625757806058
5.119889736175537,0.3656582614147548,1.8037388793562694,-0.09836577753081845,0.9434632859602247,1.534169204083208,0.8692132426826932,-1.1618538726684597,-0.19783619612671544,2.844835016912316,-1.3536183061184002,1.354440689086914,2.7997620034816624,-1.0057225605522646,1.2512760739413906
5.140018939971924,0.3681408270190432,1.8236274026695294,-0.1291543626624339,0.9511618328251691,1.5505570683303274,-1.529548085609931,0.3824566010070575,0.814133753768296,2.8528782171787976,-1.3482276042460697,1.354440689086914,2.803369642770036,-0.9982159669307952,1.2516378519560356
5.160003662109375,0.37064741550591007,1.8070917332454584,-0.13076748256691612,0.9570391142856952,1.5272709424311188,-0.08071765488594093,0.29408872538248415,-1.1651963804675853,2.8609214143752917,-1.3428369044839445,1.354440689086914,2.8069130440724317,-0.9907334660332004,1.2520406344501955
5.179900407791138,0.36353091431115,1.8110008620314737,-0.14280863173717478,0.9362107025441508,1.5436448223026837,-0.6051818404300938,-1.0468250474064027,0.8229426124983427,2.8627944965644785,-1.328240078505494,1.354440689086914,2.810403106117189,-0.9832548624317408,1.252484480068306
5.199944019317627,0.36495344365520577,1.8142247650513512,-0.13854447297874012,0.9429046762092095,1.543744699979721,0.21274403331950606,0.33397043522880143,0.004983018000790158,2.870837694768312,-1.322849378050958,1.350076675415039,2.813881078158389,-0.9756921715671358,1.2529744929138589
5.219960451126099,0.37152312727595727,1.846094705249801,-0.11854399369153086,0.9669750265410123,1.5681110548545407,0.9992030287208498,1.2025295298443441,1.2173176072524032,2.870837694768312,-1.322849378050958,1.350076675415039,2.81731661570743,-0.9681112723342656,1.2535064701258367
5.239895343780518,0.3605701199229575,1.8439872355458702,-0.1556108324607543,0.92968468048735,1.5848534911922003,-1.8593949519465747,-1.8706068149003159,0.8398558561562315,2.8807539750656,-1.3028618494235382,1.350076675415039,2.8207008957461728,-0.9605334272609793,1.254078287797312
5.259980201721191,0.36715631317617636,1.8597383656803892,-0.1349106510705643,0.9539356986509873,1.5907333490722242,1.0306361862918674,1.2074279158592687,0.29275078257419884,2.8807539750656,-1.3028618494235382,1.350076675415039,2.8240732455857858,-0.9528708935471627,1.2546964677433237
5.279944896697998,0.3698912870213137,1.8806794538443072,-0.16643892748589095,0.9615879213599295,1.6076697300826928,-1.5792015080597848,0.38328773456504145,0.84831654228346,2.888797173005658,-1.2974711485852537,1.350076675415039,2.827388409931893,-0.9452271298268778,1.2553524478859481
5.300198554992676,0.3724817522730341,1.859121623187354,-0.16967512178135755,0.9708359927428138,1.5763949498924243,-0.15978319809597075,0.4566123930961409,-1.5441546280301774,2.896840371473268,-1.292080448514466,1.3488178253173828,2.8307140814492,-0.9374455256928043,1.25605985498967
5.319902658462524,0.36540130212077426,1.8462655510136032,-0.155539829812993,0.9509446504167175,1.5748676509615454,0.7173780826919874,-1.0095025311115642,-0.07751171897854067,2.8987134546218254,-1.2774836218765762,1.3488178253173828,2.8339134367348175,-0.9298492933227869,1.256788249178204
5.340014219284058,0.36835838390401027,1.8680242949802672,-0.18751184862851092,0.958774651443357,1.5922013820525693,-1.5897333428883287,0.389328361737895,0.8618789583185891,2.9067566525618833,-1.2720929210382914,1.3488178253173828,2.8371425091102904,-0.9220700462627491,1.2575722382583896
5.359966278076172,0.37134105215036334,1.8472045205950696,-0.19311002179927425,0.968577105705651,1.5610033474308789,-0.280581228688837,0.49130038982083635,-1.563649894316721,2.914799850765717,-1.2667022205837555,1.3488178253173828,2.840309752493565,-0.9143270912608481,1.258390116587103
5.3800225257873535,0.3680416608918693,1.8418002368520112,-0.18161913019966186,0.9646994541565193,1.5583958313482993,0.5729332707237185,-0.19333883411152386,-0.13001016541722604,2.908629734391357,-1.2574960947420366,1.3488178253173828,2.8434573827467453,-0.9065185690445341,1.259252177949568
5.4000160694122314,0.37132984151815196,1.8199968762055616,-0.18175058144484518,0.9754087058760829,1.5257566031459961,-0.006574684690699761,0.5356354991637452,-1.6324884079923785,2.916672932331415,-1.252105393903752,1.3500480651855469,2.8465592748577535,-0.8987097982789095,1.2601510172333215
5.420138359069824,0.3744394031766635,1.8345610276082878,-0.1903835438747131,0.9861167061720787,1.535233569216493,-0.429024856354278,0.5321462158733695,0.47096857424079436,2.9247161314946197,-1.2467146927897763,1.3500480651855469,2.849645152153518,-0.8908262532484368,1.2610950814644026
5.440172433853149,0.36758353807480254,1.8231248982330779,-0.20391151009187644,0.9657065477483433,1.5328455089295197,-0.6752478646242737,-1.0187721990896839,-0.1191999287614162,2.9265892133240934,-1.2321178664935215,1.3500480651855469,2.852681807891576,-0.8829532813005607,1.2620739477824667
5.459957838058472,0.3706826154766537,1.8321938786540115,-0.21213043202206944,0.9767405961742099,1.5355497050153115,-0.41540328642778546,0.5576862777915087,0.1366763123830666,2.9346324102088435,-1.2267271663806203,1.3500480651855469,2.855645988419756,-0.8751549384410842,1.263078443298362
5.480175495147705,0.37400626295648526,1.855628201454348,-0.24496789293309135,0.9848557900770613,1.553514025110912,-1.6241971444114063,0.4013914108362702,0.8885460870323685,2.9426756081489014,-1.2213364655423355,1.3500480651855469,2.858639438718876,-0.867162806426123,1.2641433147555703
5.500213146209717,0.3813317905619429,1.8326819673839398,-0.22788999593488737,1.0128540004587965,1.5102702132670422,0.8522903680352544,1.3972800651676927,-2.15812780200836,2.9426756081489014,-1.2213364655423355,1.3530254364013672,2.861570991134954,-0.8592189348770687,1.2652366582057009
5.520242691040039,0.37455517689563717,1.8159465899033767,-0.21801606975935367,0.9957193220559767,1.5028885661927078,0.4929680758688932,-0.8554701840692853,-0.3685379341800875,2.944548689618662,-1.2067396389282763,1.3530254364013672,2.864466477013842,-0.8512558451424715,1.2663669566126594
5.539894104003906,0.37776142591713074,1.8226457525254032,-0.25087822383551306,1.0032399557387137,1.5008688307821623,-1.6722540072096916,0.38270193072453007,-0.1027781266547717,2.952591888518091,-1.2013489374305522,1.3530254364013672,2.8672735596129213,-0.8434216940403654,1.2675118930127605
5.559943199157715,0.38118359080080905,1.807814244476164,-0.25981140348447623,1.0142157278959718,1.4737899560109624,-0.44556522777868096,0.5474447636193245,-1.350628273418906,2.960635086458149,-1.1959582365922676,1.3530254364013672,2.870103217014831,-0.8354074182004955,1.2687163748010863
5.5800371170043945,0.3744997586470706,1.7971360153086735,-0.27419858871145186,0.9940325550139455,1.4718737279538052,-0.7159970164480872,-1.0044418931155017,-0.09536358572670409,2.9625081696786078,-1.1813614104700143,1.3530254364013672,2.8729046638273905,-0.8273537547267789,1.2699600366186423
5.600104570388794,0.37893773017534843,1.7858152999541426,-0.27784103437639907,1.0054295306019874,1.4495006395860692,-0.18151010968730424,0.5679333281472557,-1.114894248870113,2.970551367570698,-1.1759707096647016,1.3570842742919922,2.8756680813693345,-0.8192896098113396,1.2712381424194883
5.620137929916382,0.38559498146944154,1.8281612730818295,-0.2639104730744896,1.0325431658354267,1.4853886741470492,0.6953682073506298,1.3534242819383953,1.7914136923244788,2.970551367570698,-1.1759707096647016,1.3570842742919922,2.87839274195944,-0.8112184948456125,1.272549670463548
5.639990568161011,0.37889081633545113,1.8337108618108713,-0.27845539072084735,1.0121622908825108,1.503491142979278,-0.732644068114868,-1.0266078846437434,0.9118419733017836,2.972424448033119,-1.1613738837430534,1.3570842742919922,2.881059406250726,-0.803200172148801,1.273884080985465
5.659951686859131,0.3824673104542969,1.8752140989910961,-0.28867950419745103,1.022192327226799,1.5453850352161311,-0.512201426745013,0.50247866845423,2.098774766606567,2.9804676471963236,-1.1559831826290778,1.3570842742919922,2.8837072769278427,-0.7951182422535477,1.2752602611942772
5.680052280426025,0.3861762862872329,1.9003855982790299,-0.32257922912575565,1.0304186302999927,1.5638559746388627,-1.686503675400766,0.4092567239776618,0.9189250735935001,2.988510845136382,-1.150592481790793,1.3570842742919922,2.886340004133117,-0.7869601187121915,1.2766806185221427
5.700191259384155,0.39323378619964994,2.07321512141316,-0.313129460866743,1.0694928401304202,1.7482436744639611,0.46922777359563717,1.9402279485799703,9.155762077533883,2.988510845136382,-1.150592481790793,1.3585433959960938,2.8889440574030623,-0.7787669154742183,1.2781380875722188
5.720213890075684,0.38667728971372084,2.1105182244454683,-0.30607306458915273,1.0784764049718691,1.78815410375292,0.352421037290362,0.4486705558251096,1.9932660150319432,2.990383926726218,-1.1359956533990216,1.3585433959960938,2.8914997767304773,-0.770602044827891,1.2796208892230825
5.740259408950806,0.3904604386914223,2.1459456309048295,-0.340218251559395,1.1067808258854988,1.8067568722873615,-1.7033825456431013,1.4120073962643807,0.9280262910793893,2.998427124882083,-1.1306049529774571,1.3585433959960938,2.894025329188682,-0.7624091681581047,1.2811387237834138
5.760158061981201,0.3942809675298231,2.145319064901115,-0.35056114806574906,1.1432479562028601,1.7811470692598637,-0.5197787252511575,1.832643157386445,-1.2870118891152302,3.006470322726204,-1.1252142522051165,1.3585433959960938,2.896499779145878,-0.7542581760507986,1.2826780517004743
5.779998302459717,0.3906626733525326,2.1678615865760715,-0.3411807750621869,1.1594503167935617,1.7996928905142116,0.47279532794574036,0.8166413410284316,0.9347578863487357,3.000300206783458,-1.1160081271968387,1.3585433959960938,2.898934781606305,-0.746113412233108,1.284244844385023
5.7999067306518555,0.3937481007592468,2.160353059809911,-0.3348503032862615,1.1953736707138225,1.7680730767655803,0.3179794866188974,1.8044294393088258,-1.5882626917335978,3.0083434036202394,-1.1106174271169094,1.354318618774414,2.9013460018670956,-0.7379231815689411,1.28584875529404
5.819896221160889,0.3977310772115397,2.1749137083559367,-0.3253132690858129,1.226495188088053,1.7663891047411173,0.47710241519856844,1.5568939768708354,-0.08424286870653545,3.016386601776105,-1.1052267266953448,1.354318618774414,2.903734783333965,-0.7296822941360019,1.287490804541028
5.840012550354004,0.391373948062021,2.1899779385644917,-0.32100333089770205,1.2268092038995126,1.7854689608557204,0.21425072868592168,0.015609995662980785,0.9484760331488854,3.018259683629717,-1.0906298986873213,1.354318618774414,2.9061062397042825,-0.7213719078705431,1.2891748665392682
5.859851121902466,0.3954330889845356,2.1880078965104284,-0.31114046772603865,1.255059543275171,1.7650483583656085,0.4971559140520918,1.424010761392173,-1.0293383492973875,3.0263028812580304,-1.0852391974982605,1.354318618774414,2.908413167808419,-0.7131597025121348,1.290866331680174
5.88000226020813,0.38915516790508853,2.2031788721111845,-0.3070615547298067,1.2553951968157213,1.7842906836992793,0.20241600917827451,0.016656802978518234,0.954900167017476,3.028175965126116,-1.0706423703657912,1.354318618774414,2.9107242913920635,-0.7048014997647852,1.2926152441324603
5.900033950805664,0.395989164584554,2.1772181359371645,-0.27104785265483355,1.2970133231303724,1.7275903196786018,1.7978363782938152,2.077614273843374,-2.830533136711744,3.028175965126116,-1.0706423703657912,1.3538780212402344,2.9129897276374312,-0.6964765919966132,1.2943841605572997
5.920085906982422,0.40023832408464466,2.1741892842543598,-0.26126352715566725,1.3184611818330398,1.7089471978806392,0.48794867757128335,1.0696142816992382,-0.9297408010282697,3.0362191609075895,-1.065251671011245,1.3538780212402344,2.915225657876172,-0.6881273121500135,1.2961848132883742
5.940104961395264,0.39399532368602613,2.189043532468028,-0.25753271292564217,1.3186000286436974,1.7282599495660662,0.18636315947229973,0.0069357327171506965,0.9647184770644457,3.0380922424972203,-1.05065484487985,1.3538780212402344,2.9174263186654565,-0.6797761053381282,1.2980120166558085
5.960188150405884,0.3983896497937335,2.1701256044147637,-0.24882208935744352,1.33629292432642,1.6917014887915314,0.4337271119438463,0.8809803897860337,-1.8203513772241298,3.0461354413966495,-1.045264143382126,1.3538780212402344,2.9196024412886317,-0.6713827281144983,1.299874315220057
5.9801928997039795,0.3947923723637952,2.192501972780565,-0.22057400668611346,1.3529491450558675,1.7111226195435854,1.4120688167793762,0.8326133200296059,0.9708260004989278,3.0399653243028637,-1.0360580169047986,1.3538780212402344,2.9217387394492453,-0.6630070783799039,1.3017580713536605
5.999966621398926,0.39971052963385867,2.169721165378192,-0.2081744553533468,1.363728204097205,1.6746936188384578,0.6270722084621884,0.5451203980529548,-1.8422935887905196,3.048008522458729,-1.030667316483234,1.3584613800048828,2.923819765943847,-0.6547136757233658,1.3036478756937453
6.019879102706909,0.40413748997224314,2.1938984526233845,-0.20421283873361634,1.3756560143226704,1.6967787325333568,0.19895142943045244,0.5990117475054832,1.1091090735158406,3.0560517212622207,-1.0252766150514543,1.3584613800048828,2.925884788873013,-0.646347752918188,1.3055785098498274
6.0400238037109375,0.3980873606820387,2.2091217917704413,-0.20096744895446134,1.3761174035918144,1.7164300355294138,0.1611038941956015,0.022903753649746946,0.9755073054758837,3.057924802012556,-1.010679787801786,1.3584613800048828,2.9279427699419625,-0.6378699040611238,1.307559428579964
6.060071229934692,0.4051251426119011,2.1415762532495686,-0.17098594006961382,1.4008775592904568,1.610793196117175,1.4955290794047866,1.235079028214762,-5.269346709806865,3.057924802012556,-1.010679787801786,1.3584613800048828,2.9299598528215576,-0.6294189532838412,1.3095581181756468
6.080186605453491,0.39910439508696927,2.141333066607978,-0.16786415048541375,1.4013160572903196,1.6104167897506696,0.15519419865080789,0.021799145606456263,-0.01871237085053261,3.059797883817994,-0.9960829620871114,1.3584613800048828,2.9319528585237093,-0.6209255305099732,1.3115906085403102
6.100123167037964,0.4049231629462284,1.9798013083790036,-0.16324788052394965,1.390328635374768,1.399982012677516,0.2315479498259837,-0.5511192022253779,-10.55521917265052,3.0678410816141466,-0.9906922613477427,1.368295669555664,2.933897708189493,-0.6124942266189188,1.3136313563956425
6.120057582855225,0.3988903850848841,1.929298140685352,-0.14494448538326005,1.3387533774226206,1.3816373642343585,0.9181806634554658,-2.587247021680442,-0.920250114742431,3.069714161788757,-0.9760954356239262,1.368295669555664,2.93581217287035,-0.6040507450851976,1.3156977140934631
6.1400086879730225,0.40358435795228376,1.9360839237811391,-0.16123121036065785,1.3470588713906255,1.3812522773690632,-0.8163319716494726,0.41629242685889317,-0.019301530567934957,3.077757361911332,-0.9707047338505113,1.368295669555664,2.9376981453497892,-0.5955873429072868,1.3177912850739975
6.159969806671143,0.3976478368398687,1.892981197062796,-0.14578988167362045,1.2942572768113663,1.37368891101869,0.7735703053803105,-2.6452222131333736,-0.3789049333735705,3.079630441870135,-0.9561079077099748,1.368295669555664,2.93955504884354,-0.5871070754760865,1.3199110415983304
6.180055618286133,0.4047070642565559,1.9093604397657122,-0.13750584812898917,1.319278123989175,1.3734098668046055,0.4124321039857223,1.2456975927791505,-0.013892603367656827,3.079630441870135,-0.9561079077099748,1.368295669555664,2.9413933637848593,-0.5785613323834848,1.322069036963137
6.200154781341553,0.4012262750601747,1.7156980585754542,-0.12027027229171676,1.2531844890891803,1.1656258087863143,0.857527041785189,-3.2883774671489125,-10.337945786367477,3.081503522788309,-0.9415110809099989,1.3861656188964844,2.943202699248148,-0.5699976144080913,1.3242531789953451
6.219975233078003,0.40593608395260417,1.6033017855382392,-0.12624187132007325,1.217127618035078,1.0359729566219233,-0.3012847087321731,-1.8191750386694256,-6.5413671639964095,3.0895467208002683,-0.9361203805873504,1.3861656188964844,2.944957462349707,-0.561540870906774,1.3264308591417866
6.240096092224121,0.40012279599724987,1.587853272394302,-0.12401965358304719,1.1973247576245367,1.0355242947211711,0.11044348160723481,-0.984195568724601,-0.022298347078224562,3.0914198011908907,-0.9215235530198778,1.3861656188964844,2.9467089960991943,-0.5529441763496288,1.3286653766383807
6.259927988052368,0.3942459739780922,1.5313764315061618,-0.11450921174775902,1.1329058527004676,1.023975460797025,0.47955283335757565,-3.24824744351045,-0.5823363547370382,3.093292883595987,-0.9069267263279595,1.3861656188964844,2.9484060641263152,-0.5444596186835868,1.3308909102331175
6.280180215835571,0.3993131643425388,1.538786050320903,-0.13139687964754165,1.141396675883149,1.0236263952067626,-0.8338671715804518,0.41925378647595574,-0.017235910735311635,3.1013360817038835,-0.901536025939367,1.3861656188964844,2.9501091898582548,-0.53578380427195,1.333186918031792
6.29997181892395,0.3973194580398413,1.47558437323764,-0.12402807283053664,1.0805672166483946,0.9971663702701786,0.3723198562592322,-3.073498339832405,-1.3369318704719053,3.1032091635814285,-0.886939198479952,1.4101314544677734,2.9517444639867803,-0.5272944655450391,1.3354530600959644
6.319873094558716,0.3915195889209615,1.5055077361620783,-0.11863322411517861,1.0265183668834499,1.0948697384761528,0.2710805485219121,-2.715848509254681,4.909402291544352,3.105082244667441,-0.8723423721296681,1.4101314544677734,2.95335988996051,-0.5187474434744211,1.3377536814962752
6.340060710906982,0.3983474223021101,1.5215267953772855,-0.11111901796398191,1.0513606189926146,1.0942290444551628,0.3722185929019751,1.2305688636339551,-0.03173698221409867,3.105082244667441,-0.8723423721296681,1.4101314544677734,2.954969043213112,-0.5100667597658975,1.3401094844132062
6.359917163848877,0.39087325310051907,1.5376250181627225,-0.13157835431031253,0.9868563286819578,1.1717902626738583,-1.0303620896541945,-3.2485303643815,3.9060963428695503,3.114998523237862,-0.8523548446892395,1.4101314544677734,2.956522888026919,-0.5015182507682517,1.3424479453995328
6.380148410797119,0.39770204950072946,1.5526717683270497,-0.12432206667221149,1.0116928866929662,1.1712434191546395,0.3586673454515622,1.2276335746653677,-0.02702964975999004,3.114998523237862,-0.8523548446892395,1.4101314544677734,2.9580766812303234,-0.49279812300096415,1.3448519050910972
6.400145769119263,0.3956151674231086,1.5580921938806314,-0.12133486014198229,0.9669917238008194,1.2156710667145139,0.14938005721092643,-2.235353398786083,2.2216758255853515,3.1168716030527586,-0.8377580186476188,1.4293861389160156,2.9595834540253483,-0.48416889667935237,1.3472488654254995
6.420010566711426,0.38991346291741935,1.6176201351361523,-0.1200186047177276,0.9342353190024517,1.3151025833933643,0.06626070153234125,-1.6489674584598102,5.005413028626952,3.1187446866330335,-0.8231611917129813,1.4293861389160156,2.961051729968059,-0.47558732479270494,1.34965003030393
6.439912557601929,0.3842650256086981,1.6051055991261376,-0.1188564794734816,0.9136300607173498,1.314350498834637,0.0583924116255402,-1.0353365348455978,-0.03778941327352863,3.1206177674552698,-0.8085643649789496,1.4293861389160156,2.9624943531724015,-0.4669803396879324,1.3520754059770017
6.459909915924072,0.3894436131818001,1.6644830558158297,-0.1373219588337827,0.9145683854964286,1.3839115546054637,-0.9233959337446003,0.046922436652036076,3.478512243979745,3.1286609641481458,-0.803173664997936,1.4293861389160156,2.963915345084992,-0.4583228964241489,1.3545319054908966
6.479928970336914,0.3839412708129701,1.653513818944604,-0.14640499108811897,0.8940448041131812,1.3832416333610986,-0.4537193449311818,-1.0252023377328927,-0.033464180203002285,3.130534045138221,-0.7885768387135961,1.4293861389160156,2.965309305897849,-0.4496470247080556,1.3570102717046366
6.500183343887329,0.3911730372253683,1.6478489714787439,-0.1856172251701498,0.90017106893803,1.3677150745570703,-1.9359884908031297,0.30246627028972006,-0.7665780807972781,3.138577242886405,-0.7831861380071992,1.4388103485107422,2.966690647994689,-0.44086016695313646,1.359536941301619
6.520081520080566,0.3857088296386727,1.6737026436676972,-0.20628666184057431,0.8823890351888042,1.4071659259467173,-1.0387603602308702,-0.8936514370231236,1.982636549527336,3.140450324668013,-0.768589310613728,1.4388103485107422,2.968019365700802,-0.43221926855518095,1.3620375639030835
6.539923667907715,0.3802749516145937,1.6730717193811544,-0.2256207736415815,0.8614770822289624,1.4163761793706713,-0.9743961172667941,-1.0539157928875855,0.46417623254234225,3.142323405394312,-0.75399248394564,1.4388103485107422,2.9693164644815053,-0.4235944228675976,1.3645489288007453
6.559913396835327,0.37493933832134224,1.6982614714711743,-0.2468114415895702,0.8476039196378876,1.4507734947945548,-1.0600778041926067,-0.6940145432343207,1.7207494683116793,3.1441964876075343,-0.7393956573856093,1.4388103485107422,2.9705951427329733,-0.4148972548573504,1.3670965615852304
6.580196142196655,0.3806005689864541,1.7249086983609627,-0.28562552796499624,0.8553496367735491,1.4704098320969514,-1.9136505282677612,0.3818870176435686,0.9681301496707677,3.15223968430041,-0.7340049574045957,1.4388103485107422,2.9718638512916478,-0.40606441197351406,1.3696992014968745
6.600125789642334,0.37626612668757997,1.7561625251432582,-0.30631979510044227,0.8474921270313451,1.5073261400463587,-1.0383659415878483,-0.3942623552985995,1.8523312090707211,3.154112764403221,-0.7194081300349549,1.4436912536621094,2.973082372924077,-0.39737754770428574,1.3722734722827359
6.620067834854126,0.3819457530118434,1.8335000951393774,-0.34562020710020275,0.8685239305553385,1.5773190715174987,-1.970731265643788,1.0546462662494107,3.5098171089168084,3.1621559628470006,-0.7140174282853704,1.4436912536621094,2.974273851534639,-0.38867772060226424,1.3748657852854649
6.640056133270264,0.37684332083824207,1.8443187840727864,-0.3657060374292404,0.8475488882517273,1.5966940074713079,-1.0048794505099654,-1.0493660774384326,0.9693139230984581,3.1640290435733,-0.6994206016172826,1.4436912536621094,2.9754402603894685,-0.3799503193060516,1.377480242209191
6.659994602203369,0.3717849659655449,1.8822892280463333,-0.3843999166109939,0.84209610578287,1.638939776426836,-0.9375784692632289,-0.2734805007922938,2.1188070707567785,3.1659021251630337,-0.6848237743556991,1.4436912536621094,2.976576070368053,-0.37123749579197124,1.3801038980768885
6.679978847503662,0.37772930230768254,1.9107413133527207,-0.42366310769454724,0.8492421887680932,1.658381633565645,-1.9647072227930351,0.35758583213139766,0.9728592121776969,3.1739453225515044,-0.6794330733314977,1.4436912536621094,2.9776868066104982,-0.36249765812606777,1.3827489585704067
6.700205564498901,0.37327971367306906,1.8977583759393293,-0.4408347896085532,0.8468996803546075,1.6400952634325625,-0.8489604080606684,-0.11581258659213281,-0.9040701037833513,3.1758184027020793,-0.6648362481892616,1.4460601806640625,2.9787828709467337,-0.35364481328885045,1.385441415332197
6.720181226730347,0.3684275788480497,1.9172882019340933,-0.4562007463885129,0.8449197661499533,1.6595136387024183,-0.7692339108423082,-0.09911632374006656,0.9721017028055146,3.177691483548249,-0.6502394220038379,1.4460601806640625,2.9798376008345873,-0.3448951921245065,1.388115178892015
6.740025758743286,0.37456078123337044,1.9467442551611664,-0.49573834875364375,0.8517216822141975,1.678876666293338,-1.992367587169641,0.3427602152476589,0.9757361664308485,3.185734681248464,-0.644848721330413,1.4460601806640625,2.9808581859420182,-0.3361966327144569,1.3907855146577566
6.760113477706909,0.3698934617535331,1.944564094248039,-0.5084661526900252,0.8510809582349306,1.6728577018793958,-0.633611210881148,-0.03189630342933637,-0.29963404131858445,3.1876077623106465,-0.6302518933013328,1.4460601806640625,2.981863711557704,-0.32738516736519185,1.3935025461234405
6.780097723007202,0.37624731132831074,1.9751357555904918,-0.5484008683895544,0.8579817796051784,1.6924198670622892,-1.9983099236148678,0.34531308370932917,0.978879356660352,3.1956509599149245,-0.6248611926938519,1.4460601806640625,2.982836596383014,-0.3186129961629701,1.3962191526061163
6.800195932388306,0.37211299627669403,1.9763836186381751,-0.5558303304569829,0.8635124565911474,1.6886358663362953,-0.36965790964511475,0.27518257378535266,-0.18827551520841884,3.19752404102487,-0.6102643668921766,1.4489326477050781,2.9837874659228056,-0.3097848404177319,1.3989645315573591
6.819915294647217,0.3782886170719064,2.02964693849298,-0.5577624031729114,0.9082725084256348,1.727254713983699,-0.09797845845929097,2.269852911407438,1.9584227491916923,3.19752404102487,-0.6102643668921766,1.4489326477050781,2.9846936007890403,-0.30111748755814466,1.4016707337232277
6.8400421142578125,0.3741750487025833,2.043137890258666,-0.6039309186224048,0.8704586215343957,1.7469921786713787,-2.293880322015115,-1.8787810306270194,0.9806549206258626,3.207440319163574,-0.5902768397484954,1.4489326477050781,2.9855911352012603,-0.2922654542509157,1.404445337597037
6.85990309715271,0.3803623226390577,2.075663137545149,-0.6029749326646694,0.9154963159661371,1.762573455659151,0.048133869446158606,2.267646806307466,0.7845169128953516,3.207440319163574,-0.5902768397484954,1.4489326477050781,2.9864498067987517,-0.2835250147867677,1.407195280625187
6.879920721054077,0.3760256731963744,2.089484420915213,-0.6245815288495041,0.8940911035159577,1.7822581624672158,-1.079378666084291,-1.0693183444573309,0.9833688006657137,3.209313400489531,-0.5756800121031636,1.4489326477050781,2.9872881588990525,-0.2747104439357527,1.4099785973816727
6.900015592575073,0.3832669336525461,2.0694513884764643,-0.6447769280334109,0.9231726389958145,1.736273031798993,-1.005002652682086,1.4472118146896842,-2.2884013276808144,3.217356597830034,-0.5702893111119343,1.4534893035888672,2.988102441725956,-0.26585679124178335,1.4127840805094842
6.919827699661255,0.37900393966787627,2.0716052781649568,-0.6445994066893804,0.9218631307799808,1.7396000694197327,0.008960245533616183,-0.06609636270071378,0.16792951937253686,3.2192296798513818,-0.5556924846837916,1.4534893035888672,2.9888785317927637,-0.2571229401998816,1.415560923996294
6.939885139465332,0.38590489492524044,2.104217557029628,-0.6856410616412598,0.9286739833703623,1.759315916631861,-2.0462060638235946,0.33956739528626345,0.982969282456511,3.227272875440981,-0.5503017854611332,1.4534893035888672,2.989637242030104,-0.24827625045147228,1.4183827534479012
6.959888458251953,0.38187067196440905,2.0869680718189025,-0.6836485422150386,0.926678869974415,1.7404961003868125,0.09960944218685933,-0.09973911915465643,-0.9408346907732091,3.229145957894148,-0.5357049576060544,1.4534893035888672,2.990366903912784,-0.23944891888672415,1.421207218640015
6.98022723197937,0.3890252102188475,2.120690113847959,-0.7252300913747043,0.9337473790903782,1.7605350622975269,-2.0444472079264604,0.34753860831023337,0.9852591006360218,3.2371891542273117,-0.5303142573072364,1.4534893035888672,2.9910812029591183,-0.23046909286468392,1.4240891697658773
7.000118732452393,0.38571107991751086,2.094594936027421,-0.715413071351551,0.9342927715360942,1.7328038262961163,0.4935283809518293,0.027418366274365932,-1.3941248946513938,3.2390622338744723,-0.515717429685735,1.460897445678711,2.991752917121075,-0.2216825946552643,1.4269172336913767
7.019954204559326,0.39179410743346743,2.137283692666354,-0.7055508485320923,0.9729196958028266,1.7673728663165866,0.49720131521403554,1.9473660147080676,1.742788870066095,3.2390622338744723,-0.515717429685735,1.460897445678711,2.9923963158751152,-0.2129169097781296,1.4297463195224107
7.039917469024658,0.3879311753377146,2.1513765668206712,-0.7281857778747005,0.9512676322160023,1.7869685215650206,-1.1338290579637311,-1.0845953388247185,0.9815857162271014,3.2409353168551913,-0.5011206025981529,1.460897445678711,2.993017257966741,-0.20409094164854086,1.4326023331671485
7.060151815414429,0.39522962077743085,2.1758377358628898,-0.7410172043134164,0.9731228388170513,1.7994986235863357,-0.634140890520826,1.0801044016968062,0.6192491608055948,3.2489785131883546,-0.4957299022993351,1.460897445678711,2.9936194376317453,-0.1951413910348797,1.4355056642019406
7.08019495010376,0.391567148437081,2.1905717693795013,-0.7640323230335657,0.9514917845292612,1.8192093530255649,-1.1482794022434129,-1.0792251123924395,0.9834155058450583,3.250851593794682,-0.4811330762787709,1.460897445678711,2.994188971970383,-0.18627288974320944,1.438389653924788
7.099989414215088,0.38845744498154267,2.133945774737841,-0.7549176546504018,0.943793016561602,1.758715055404989,0.46046552874081953,-0.3889354076149663,-3.0561220187797686,3.252724673969394,-0.46653624942476624,1.4695281982421875,2.9947251449970826,-0.17751114090595577,1.441245407408473
7.120163917541504,0.39590616183149385,2.1497636519197107,-0.7654921302862829,0.962688484893062,1.7631609225023226,-0.5241504816644051,0.9366014134642301,0.22037058486154698,3.260767871261928,-0.4611455484665088,1.4695281982421875,2.995244758442631,-0.16857796725984833,1.4441633414166506
7.140090227127075,0.3910123053397722,2.162887067966964,-0.7640452414330767,0.9573313068623975,1.782647499289564,0.07261198301635867,-0.268849483024375,0.9779320502654297,3.254597754359914,-0.4519394229874818,1.4695281982421875,2.9957313989796917,-0.1597516980053339,1.4470522922751228
7.160162925720215,0.39850872293296435,2.1591772006254693,-0.7729527826467487,0.974313327787272,1.7650222998012175,-0.44376400972395236,0.8460258019655851,-0.8780682580652293,3.2626409529235634,-0.4465487217205617,1.4695281982421875,2.9961949377378363,-0.15085772937124636,1.4499690497743594
7.18012547492981,0.3951023093695086,2.1739766796721347,-0.7964840973441027,0.9524146364970523,1.7845711099932156,-1.1787730339592113,-1.0969887192410477,0.9792742393141948,3.2645140330023388,-0.43195189493250097,1.4695281982421875,2.9966294062159538,-0.1420098913279118,1.4528759867856127
7.200127601623535,0.4032746845560255,2.145275356897294,-0.7974462146283983,0.9708717165874194,1.7388772244227735,-0.04810074943667466,0.9227558835609678,-2.284451362103194,3.2725572302948724,-0.42656119397424375,1.4807929992675781,2.997038230661778,-0.13314199290185552,1.4557945095735552
7.220206022262573,0.3984303254427284,2.1579492488141754,-0.7643391957683693,0.9746785826474283,1.7670688200515072,1.6488856098402302,0.1895998758292418,1.4040743610043396,3.26638711334489,-0.4173550685281886,1.4807929992675781,2.9974219561237585,-0.12423789497321525,1.4587296586194767
7.240095853805542,0.395088054479125,2.172474802083814,-0.7880832308445268,0.9525939434140229,1.786375203007946,-1.1937775855397463,-1.11034822922935,0.970665986523341,3.2682601939032487,-0.40275824254059667,1.4807929992675781,2.997775766493384,-0.11541524871175686,1.461642301673573
7.260125637054443,0.40279549620626653,2.195320054733324,-0.7975214100625846,0.9673993746326232,1.802089951463722,-0.4712072567522901,0.7391708155110618,0.7845690719912299,3.2763033919393463,-0.3973675405061796,1.4807929992675781,2.99810562473236,-0.10652848154595612,1.4645801689091398
7.280062675476074,0.3979826335492745,2.208603917728439,-0.7968560949570895,0.9618933337520815,1.8214589876849974,0.03337080921573675,-0.27617145355790673,0.9715102018492717,3.2701332754689463,-0.3881614158605933,1.4807929992675781,2.9984076251782845,-0.09768099111565948,1.4675087822813973
7.299931526184082,0.4062025087753247,2.1521041588373744,-0.7946711002934436,0.9760082901820142,1.7456969869766952,0.10997086322488402,0.7104062855655691,-3.8131043320873896,3.2781764727135116,-0.3827707149353081,1.4928207397460938,2.9986824764024407,-0.0888620576639256,1.4704313372893996
7.320091485977173,0.4031096901044151,2.1266739971349353,-0.7652679614391128,0.9609120289194337,1.736017082278468,1.4584919392749855,-0.7488239767102223,-0.4801549605046679,3.280049551473204,-0.3681738884888821,1.4928207397460938,2.998934724512684,-0.07991232993901902,1.473400384923427
7.340198755264282,0.40925718309885856,2.1360341806190886,-0.763948570978838,0.9838496044534397,1.7352419305356999,0.06561758543317969,1.1407603492290774,-0.03855082118311525,3.280049551473204,-0.3681738884888821,1.4928207397460938,2.999159610051121,-0.07098457021255378,1.4763649860908352
7.360118627548218,0.40615611676647856,2.2035447480733037,-0.7389574026912329,0.9683723021176578,1.8362479403012584,1.2545847649715745,-0.776977990379168,5.070615329547829,3.2819226337344967,-0.3535770607656912,1.4928207397460938,2.999356116718139,-0.062138773070195885,1.4793048560092654
7.380185842514038,0.40320578463060414,2.211675053469346,-0.7435959345287941,0.9463153306034345,1.8555481463319126,-0.2311497557315188,-1.099154593788526,0.9617780077368713,3.283795713813067,-0.338980236238007,1.4928207397460938,2.999527638284657,-0.05322644835631333,1.4822690239510437
7.400079250335693,0.4008069292599922,1.9991796322472821,-0.7012993279780586,0.9347263776219522,1.6220928005350512,2.126161939167251,-0.5825524256767608,-11.735311912860396,3.2856687932683544,-0.32438340874839366,1.5065555572509766,2.999671492331501,-0.04439038715556441,1.4852096850744445
7.419956922531128,0.40679793222376626,1.9782016151698703,-0.6648352793393374,0.9590418492868574,1.5973460529650154,1.8344224756405905,1.2232554911781826,-1.244951990692328,3.2856687932683544,-0.32438340874839366,1.5065555572509766,2.9997892042531262,-0.035560544420693105,1.4881498166367315
7.44002366065979,0.40392476563649826,1.9683974740069028,-0.6697739844844612,0.9368679501909841,1.596330125409374,-0.24611399787341115,-1.1050076476655395,-0.05062743875599316,3.287541873203224,-0.3097865820592487,1.5065555572509766,2.9998816526388628,-0.026646090492711754,1.4911193713612263
7.4602110385894775,0.41011328324812835,1.932679663495855,-0.6342198673072555,0.9603992189197993,1.5526265429592068,1.7612053086359427,1.1656426511047853,-2.1648964319381414,3.287541873203224,-0.3097865820592487,1.5065555572509766,2.999947915001207,-0.017677568518117134,1.4941078863731352
7.480024337768555,0.4072288138829315,1.9225121377173076,-0.6393596498224658,0.9379497127684656,1.5516193135453098,-0.2594107356253881,-1.1330523982114176,-0.05083602709439755,3.2894149544092093,-0.2951897550614411,1.5065555572509766,2.9999868724619287,-0.008874929113445885,1.4970417420758357
7.500118732452393,0.4053271801399673,1.7759975817600058,-0.6088902793119985,0.9147784467940414,1.3952062325899444,1.5163119362323556,-1.1531208747014943,-7.78391603311992,3.291288034823662,-0.2805929291727651,1.526082992553711,2.999999999536218,5.275121789276659e-05,1.5000175837392866
7.520245552062988,0.4005579698270672,1.7744195505279106,-0.5595071426452859,0.9070675157442702,1.418712451663866,2.4535986123070814,-0.383117213695887,1.167905288997916,3.285117917825711,-0.2713868037596818,1.526082992553711,2.9999865153355447,0.008994836160463083,1.5029982248125655
7.540127992630005,0.40857848707237426,1.784055929050581,-0.5838477775483303,0.9127661321940161,1.417333876880103,-1.2242277209883168,0.286615540508616,-0.06933629597012743,3.2931611150223077,-0.2659961028673685,1.526082992553711,2.9999470235974037,0.01782819068998416,1.505942310467742
7.559948682785034,0.403802941429116,1.7827221723178976,-0.5376782597121714,0.9057765569731384,1.4382521550634373,2.3293597485778674,-0.3526403554168974,1.0553758733787866,3.286990997976388,-0.2567899774872573,1.526082992553711,2.9998817617658453,0.02663380381642187,1.5088765350179745
7.57995867729187,0.4011149992089087,1.7719389192390054,-0.5432093582370244,0.8832636572737514,1.43684948354969,-0.2764167937659073,-1.1250827526062526,-0.07009854566766566,3.288864077551545,-0.24219315048030787,1.526082992553711,2.999789648601815,0.03552305114943721,1.5118376961335867
7.6000611782073975,0.4106306754968208,1.7643588108718833,-0.5388635889595972,0.8896297821408585,1.4251831098924927,0.21618052876548002,0.3166832273187378,-0.5803443912884567,3.296907275011918,-0.23680244997174293,1.548919677734375,2.9996705682004468,0.044452763900957926,1.5148110798114458
7.620166301727295,0.40586129893434103,1.8139741725656187,-0.5007512392476179,0.8859490962289966,1.5016140296421447,1.8956535966695556,-0.1830720367482056,3.8015642964844516,3.2907371579659976,-0.22759632459163193,1.548919677734375,2.9995248570707655,0.053382852250611075,1.517783011871909
7.639937162399292,0.4031242287876841,1.8030106038638212,-0.5066036848382283,0.8630423854052844,1.4997859131048226,-0.2960136985285435,-1.158609693515097,-0.09246519752736278,3.29261023881227,-0.21299949727601963,1.548919677734375,2.9993556028471327,0.062163550699030574,1.5207033819161788
7.6599555015563965,0.39838393049866794,1.8343679244321556,-0.47045240403104127,0.8601114314943474,1.5504156033592067,1.805908098742394,-0.14641344059238867,2.529165374661748,3.286440122293902,-0.20379337266340536,1.548919677734375,2.999157986212462,0.0710530687940163,1.5236577699235083
7.680059909820557,0.40662498852185947,1.8419878942208183,-0.4954077854255927,0.8657636185297124,1.5485295881661718,-1.2412890280903741,0.2811416760492791,-0.09381102732563669,3.29448331944253,-0.1984026718040639,1.548919677734375,2.9989329301236975,0.0799795454292722,1.5266219246605628
7.699900150299072,0.40308912732972624,1.7870212482276318,-0.46210595931789944,0.8640997539005049,1.4944010971921207,1.6784991161651888,-0.08386312812131895,-2.7282174846955707,3.2883132015573144,-0.18919654530567964,1.5658912658691406,2.9986846935472284,0.08878733915936331,1.5295438877378715
7.720096826553345,0.4005314833412819,1.8042681237004332,-0.45715279296211275,0.8478470044385024,1.5256310966787088,0.2452466085719862,-0.8047239683096049,1.546294008648162,3.290186281132472,-0.17459971829873022,1.5658912658691406,2.9984053133126523,0.09775177953531886,1.5325146633870577
7.740145444869995,0.3958287759035838,1.7948109263744805,-0.4386608541929422,0.8415477402382917,1.5233910585702424,0.9223547716409454,-0.31419941767154647,-0.1117302984717929,3.284016165045718,-0.1653935945195566,1.5658912658691406,2.998101337516683,0.10664876665185072,1.5354596218015344
7.7600884437561035,0.39329401405376246,1.79320948135286,-0.4361793350001612,0.825698349024072,1.530872322615943,0.12443059376137965,-0.7947345985793453,0.37513235037644704,3.2858892453644386,-0.1507967664364478,1.5658912658691406,2.997772608256944,0.11549700783996356,1.538384708577961
7.7799177169799805,0.40157513456262156,1.7999557927780132,-0.46156391522829954,0.8307381529282506,1.5286182418719227,-1.2801568641241015,0.25415978928113275,-0.11367440039638663,3.2939324401866434,-0.1454060666111523,1.5658912658691406,2.9974196728083498,0.12429278180821482,1.5412884481052995
7.799920082092285,0.3979382464760234,1.7854205813994763,-0.43677396882268593,0.8347345715303535,1.5166322387895361,1.239350760094054,0.1997973029521607,-0.599229291890752,3.2877623228769486,-0.13619994084729292,1.5799522399902344,2.9970372873913185,0.13316314049987343,1.5442124560310206
7.819878101348877,0.3955033167278044,1.835712377906579,-0.4405081679237357,0.8201822720099077,1.5821167874314988,-0.18710269055464662,-0.7291454794863679,3.2811146136325218,3.2896354046823864,-0.12160311513261823,1.5799522399902344,2.996629330486603,0.14201148214829082,1.5471245363316908
7.840070724487305,0.3908683803807858,1.8438048331022179,-0.42247166156827265,0.8137166570447676,1.5996872068597436,0.8932225512166637,-0.320196881842243,0.870140511601356,3.2834652867492027,-0.11239698866720582,1.5799522399902344,2.9961896958625265,0.15096127474544546,1.5500649391003534
7.8601109981536865,0.3992768118641817,1.9000827912296192,-0.44669050923611014,0.8285896510437893,1.6505215517128082,-1.2085088293212953,0.7421552343355297,2.5366093147889863,3.291508483849862,-0.10700628784083643,1.5799522399902344,2.995726616639685,0.15984084318796812,1.5529769145282037
7.880016803741455,0.3970198764678444,1.9067403197115322,-0.45363879769295545,0.8051978433930689,1.6677910303861443,-0.349058390337882,-1.175124892463229,0.8675598984020807,3.293381565127749,-0.09240946135866501,1.5799522399902344,2.995240223818673,0.1686580074126355,1.5558628302358763
7.899964809417725,0.39305397936332653,1.8760813500934752,-0.43558532227771907,0.8080672462195514,1.6361460768439726,0.9050265830189276,0.1438440951466142,-1.5863717935380888,3.287211447985892,-0.0832033360444977,1.5900917053222656,2.99472635467009,0.17749087518615314,1.5587479800774613
7.9200685024261475,0.3908960042604184,1.9008592023654989,-0.44382393473265497,0.7955768226265377,1.6683355602142773,-0.40980592229915996,-0.6212999565692009,1.601172648071091,3.2890845276809193,-0.06860650952021263,1.5900917053222656,2.9941816594581945,0.1863894855275991,1.5616483059060988
7.939926385879517,0.39690908612320713,1.9249873070997523,-0.4452437008321804,0.8167730382898112,1.6852940346679124,-0.071496345663392,1.0673955113618743,0.8539920426795463,3.2890845276809193,-0.06860650952021263,1.5900917053222656,2.9936171625283823,0.19517599313260542,1.5645055748763999
7.960097074508667,0.3948454002157259,1.9270771720614077,-0.45447290964740755,0.8046625473516864,1.6910348862061677,-0.45755546500723987,-0.6004004702458628,0.28461356197619964,3.2909576081672736,-0.05400968414717289,1.5900917053222656,2.9930168157703205,0.20409736610078855,1.5673997483839848
7.979961633682251,0.39023803644593613,1.9349688234464157,-0.4371180550812091,0.7974899668945677,1.7079349830523785,0.8736591844070241,-0.36107423247815146,0.8507662666224478,3.2847874902340894,-0.04480355768176025,1.5900917053222656,2.992398989709303,0.21287970810032186,1.5702416578178495
7.999915361404419,0.3887694606987157,1.9258283630900042,-0.44870332143229374,0.7879711971540112,1.69899429247812,-0.5806066170890853,-0.4770421784387429,-0.4480711924481942,3.286660570456668,-0.03020673192497214,1.5998210906982422,2.9917517879808546,0.2216976652873457,1.5730876237382234
8.019863367080688,0.39742996106438017,1.983836460536565,-0.47937923714546826,0.8037144679598771,1.7492414650756616,-1.5377936126049474,0.7892152760210187,2.5189070733680596,3.2947037675093593,-0.0248160311315746,1.5998210906982422,2.991078081672176,0.23050911706494542,1.5759236943973916
8.039900064468384,0.392873691457819,1.9917566796209394,-0.4624093450410244,0.7965564399092702,1.7660039939004752,0.8469405798814541,-0.3572459029601727,0.8365914052835701,3.288533650319534,-0.015609905850379358,1.5998210906982422,2.9903744741774076,0.23935557091455703,1.5787628671271348
8.059993743896484,0.3910372215327856,2.0130399429056705,-0.4750639797883421,0.7849350095280527,1.7917926938288713,-0.6297818571555623,-0.5783624857160361,1.2834234775504132,3.2904067304463807,-0.0010130778991583878,1.5998210906982422,2.989641741521307,0.2482228108605282,1.5816001737303682
8.079913854598999,0.3892812136841422,2.020498936269776,-0.4829858338329251,0.760856360311347,1.808380002863828,-0.39768122591723254,-1.2087608134459897,0.8326916091316057,3.292279810309246,0.013583748175434396,1.5998210906982422,2.988888480956138,0.2570089735457594,1.5844027816418307
8.10020112991333,0.3958354070049882,1.9879419885218947,-0.49023171930212667,0.7950835302859001,1.7548300176901965,-0.3571640526849377,1.6871250300613225,-2.639584879878047,3.292279810309246,0.013583748175434396,1.6088485717773438,2.988093806292025,0.265952294896759,1.5872462333713677
8.11996579170227,0.3940437577905862,1.996273500753086,-0.5030100780432567,0.7829913776930036,1.7660728336210572,-0.64652554531848,-0.6118067044113419,0.5688342179045882,3.294152890435888,0.028180573866278813,1.6088485717773438,2.9872928346263086,0.2746604538128982,1.5900055894293181
8.140006303787231,0.38954081789320816,2.0038148425050974,-0.4865550078980289,0.7754642983140572,1.7824683080978927,0.8210903032550859,-0.37559316583507096,0.8181165434958741,3.2879827730302553,0.03738669956419427,1.6088485717773438,2.986453662906179,0.2834851265480346,1.592792146621926
8.160053968429565,0.3879583497451147,1.9914402705920207,-0.4988899731082088,0.764054319771187,1.770074614954607,-0.6152819009218944,-0.5691425283908685,-0.6182113161008493,3.2898558515740373,0.05198352529715233,1.6088485717773438,2.9855869160949773,0.2923077246175425,1.5955679369880835
8.180202007293701,0.3941205159979045,2.014685051928735,-0.5015936554046667,0.7847938212879902,1.786465314914082,-0.13419084183277777,1.0293558423554734,0.8135134178568122,3.2898558515740373,0.05198352529715233,1.6088485717773438,2.984688290554038,0.30116904679314394,1.5983453956705567
8.200022459030151,0.39289454144142716,1.9903114635719459,-0.5158280790722165,0.7763737098431253,1.7585519547431605,-0.7181684785403961,-0.42481935108372115,-1.4083109982598518,3.2917289311731275,0.06658035175549326,1.6194171905517578,2.9837772809765695,0.3098808092948501,1.6010653732895435
8.220123052597046,0.39146787646686987,2.0262821121445618,-0.5282301447105484,0.7644055224152393,1.8006877323726023,-0.616999970526143,-0.5954146273370479,2.0962454411713964,3.293602013218511,0.08117717876521624,1.6194171905517578,2.9828259980616796,0.3187099372938538,1.6038109310864896
8.240074157714844,0.40058085793191905,2.0492026409538173,-0.5560801154550953,0.7681463650228463,1.8165785231554774,-1.3959111828698978,0.18750052117513433,0.7964867454234096,3.301645209263863,0.08656787886620254,1.6194171905517578,2.9818544470853725,0.3274675039680438,1.6065228975286847
8.260059833526611,0.39612053493169747,2.063835146672124,-0.5438041870447354,0.7725052665632769,1.8349191077330254,0.6142363423673557,0.21810128321325473,0.9176864845745671,3.2954750922898444,0.09577400373067735,1.6194171905517578,2.9808538424593447,0.33623416183181126,1.6092260318518765
8.28006625175476,0.3948796603682004,2.0713136224799134,-0.5529160348380493,0.7479009646022567,1.8507479915528329,-0.4554462317744273,-1.2298204346443895,0.7911902890011553,3.297348173543901,0.11037083189164543,1.6194171905517578,2.979824701325941,0.34500363746228657,1.6119180363857544
8.299976348876953,0.4011878872766816,2.020179213331715,-0.5592356612111756,0.7803436841077662,1.7774822822971723,-0.3174081137998211,1.6294606352948355,-3.679826813802753,3.297348173543901,0.11037083189164543,1.630096435546875,2.978773137620733,0.3537244772548933,1.6145828714013237
8.320010662078857,0.39995923382960946,2.007930068878682,-0.5709482607810157,0.7671873761536144,1.7655664175807193,-0.5846269573506893,-0.6566887430361856,-0.5947728078505023,3.2992212520397146,0.12496765759163142,1.630096435546875,2.977687382714185,0.3624930660382193,1.6172496482285137
8.339912176132202,0.39883141968869135,1.997294590697701,-0.5804528357950998,0.7422723811566099,1.7610485227897104,-0.4775804990820136,-1.2519145493263235,-0.22701261717570942,3.3010943318066435,0.1395644836002803,1.630096435546875,2.9765813153780485,0.3711967472823667,1.619883800195317
8.359943866729736,0.3944254866012306,1.963908155284632,-0.5663841351396555,0.7453503044232244,1.726440609332333,0.702322182291299,0.1536526960432072,-1.7276581469183356,3.2949242140412975,0.1487706096160002,1.630096435546875,2.975440259507745,0.379950325985761,1.6225197597970904
8.379937887191772,0.4038111148791132,1.9725955664461305,-0.6050653459116382,0.7486648293126406,1.721781103767269,-1.9346389509518156,0.16577580760756364,-0.23304495331048058,3.302967410734276,0.15416131072720218,1.630096435546875,2.97427351255822,0.3886802259438521,1.6251349632506096
8.399906635284424,0.4032141124876143,1.9317194936653623,-0.6357286491402554,0.7370748265020554,1.668565248051761,-1.535564627604347,-0.5804070819467344,-2.6649570352931544,3.3048404904052675,0.16875813666990713,1.6433372497558594,2.9730804110357605,0.3973917013549284,1.627730733638126
8.420073986053467,0.39883060742158527,1.9592311065115222,-0.6408492135107028,0.738897310465365,1.6976246872769396,-0.2539036698021583,0.09036804011497467,1.440915049178649,3.298670373263411,0.17796426198407422,1.6433372497558594,2.9718471430452653,0.40618210998337145,1.6303355783011053
8.440025091171265,0.39798719845829295,1.9555099091675976,-0.670897790336251,0.7135928871852825,1.6925425699618826,-1.5061108970220722,-1.2683218864657841,-0.25472861202678,3.300543454157549,0.19256108820246998,1.6433372497558594,2.970599035248978,0.41487047145865064,1.6328955696217746
8.460060596466064,0.4075258231774235,1.9844065710905272,-0.7183652122930961,0.7265913534676186,1.7011425179039092,-2.3691652023952345,0.648771572819273,0.42923539064716193,3.3085866508505277,0.1979517893136722,1.6433372497558594,2.9693174836237106,0.42358756958883337,1.6354490696566337
8.480023384094238,0.40314759109052506,1.9787856283487355,-0.7240772508064672,0.7177420540872016,1.6959218854707703,-0.28613431248998505,-0.44328976219372485,-0.26151820729540814,3.302416533037214,0.20715791529642003,1.6433372497558594,2.96801243353065,0.43226484960517253,1.6379756677680322
8.500001192092896,0.4028257865317628,1.9195972201774862,-0.7515231495534613,0.7029005243497924,1.6204929176849758,-1.3738193273675885,-0.7429008096587324,-3.7756378372874675,3.3042896129719805,0.2217547408553766,1.6561336517333984,2.9666781921028686,0.4409402765683005,1.6404861686159349
8.519977569580078,0.41241099717739643,1.9505940695220585,-0.7973853002575524,0.7259246635917064,1.6254314165098036,-2.295819186112069,1.1525682900559344,0.24721693550276816,3.312332809928735,0.22714544158283,1.6561336517333984,2.965315747424324,0.4496064959382897,1.6429781122643519
8.539852380752563,0.40799725110487417,1.9523924395322014,-0.8034284601926007,0.7366294167648368,1.6197888904581805,-0.3040612503234484,0.5386090504321421,-0.28390337913924824,3.306162692379197,0.23635156718182992,1.6561336517333984,2.963932063703705,0.45821993676014316,1.6454387797765995
8.559977769851685,0.4075663606747756,1.9480139644337147,-0.8290289473065289,0.7321084496932742,1.603585553702794,-1.2720492999087487,-0.22463998332137214,-0.8051191793401926,3.3080357707311046,0.25094839278289993,1.6561336517333984,2.962502225259109,0.4669328786902911,1.647911173119653
8.57992672920227,0.4172918960697257,1.9697723907091345,-0.879123286235842,0.7444954687851538,1.5977709522194496,-2.5111254200756985,0.6209356024135585,-0.2914739250884114,3.3160789693907935,0.2563390952459521,1.6561336517333984,2.9610563187317838,0.4755602278783083,1.6503423606938783
8.599934816360474,0.4133030283825188,1.9517120270752115,-0.8758051927751245,0.7690421531765822,1.56547732898809,0.1658376152843354,1.2268381378658912,-1.614028516370176,3.3099088520570628,0.2655452204282318,1.6693668365478516,2.959577436981387,0.4842037069846364,1.6527608394956312
8.61982798576355,0.412948759436321,1.9966580517997536,-0.8973836796774305,0.7737039614477073,1.6070868325344176,-1.0847184008280368,0.2343421591938075,2.091647776341435,3.3117819314642785,0.2801420467546849,1.6693668365478516,2.9580784722004148,0.49278796910942313,1.6551452849209916
8.639900207519531,0.41279356019347047,1.999917287872066,-0.9290893586211784,0.7576571699086696,1.600755363855587,-1.5795799453191923,-0.7994526831219254,-0.3154343727267744,3.3136550117349284,0.2947388736746335,1.6693668365478516,2.9565370465446446,0.501439580566056,1.65753045001573
8.660119533538818,0.4185149184376454,2.04498774513639,-0.9428146407665409,0.7976919563492322,1.6299579668476147,-0.6788199632505074,1.980025763587451,1.44429161309193,3.3136550117349284,0.2947388736746335,1.6693668365478516,2.9549548082358834,0.5101443060961968,1.6599116449637517
8.680079936981201,0.4184001244851072,2.068144102477839,-0.9746771151748446,0.7913798157746679,1.6434544523511323,-1.5962840881586937,-0.31623311586786157,0.6761629614589791,3.315528091309983,0.3093356995513945,1.6693668365478516,2.9533636716690976,0.5187272412829628,1.6622408582563697
8.69994330406189,0.4143570994784911,2.029556896393634,-0.9643800763237007,0.8123481337759071,1.5903341704307472,0.518393422893283,1.055627573918472,-2.674283856538582,3.309357973232893,0.3185418259178907,1.6802501678466797,2.9517514147460457,0.5272580377175189,1.6645371748970814
8.719987630844116,0.4143589973416972,2.0436399266086647,-0.9777250302162476,0.8157703196162769,1.59844821641205,-0.6657721178433352,0.17073089445958697,0.40480511365926736,3.3112310507453,0.3331386503768574,1.6802501678466797,2.9500951953676102,0.5358557711928912,1.6668322109717164
8.73996877670288,0.4243231893451324,2.0719557032765032,-1.0289829748860186,0.837415995845948,1.5915178050012788,-2.565315574596388,1.0833050508049955,-0.3468475461696864,3.319274248349681,0.3385293521145267,1.6802501678466797,2.948414823134495,0.5444154189111401,1.6690974442283242
8.760198593139648,0.42012529796775705,2.0602739922094733,-1.0150163715856322,0.8565787538651397,1.5750376271107758,0.6903969368205555,0.9472531833933775,-0.8146479204107069,3.313104131807277,0.3477354761455609,1.6802501678466797,2.9466835619817795,0.5530701554802538,1.6713675182547456
8.780007362365723,0.4202847078861605,2.068107006110206,-1.047349520908063,0.8494401337952356,1.5679850218907396,-1.6322644255893894,-0.3603767598295569,-0.35603449863774594,3.3149772102792605,0.36233230352434354,1.6802501678466797,2.9449589911079292,0.5615334363973842,1.6735672174257086
8.800118684768677,0.416319556104564,2.046043394494697,-1.0257344992376205,0.8681761649918905,1.542865015407733,1.074768791298752,0.9316160728397856,-1.2490479730620196,3.3088070928975606,0.3715384286736507,1.6901016235351562,2.943178283331847,0.5701142153718081,1.6757767030164161
8.819942474365234,0.42634625276862703,2.1068229474964237,-1.0525203580598088,0.8948154024968104,1.5906631395181197,-1.3511976956635805,1.3438014651621246,2.411149688487752,3.3168502907657174,0.37692913002757167,1.6901016235351562,2.9413935347338493,0.5785605305319054,1.6779307595338877
8.83994197845459,0.42673199087407404,2.129901352913936,-1.085601558401594,0.8877467996256718,1.603076619907802,-1.654101031404684,-0.35343890726274163,0.6206894098083767,3.318723370244834,0.3915259558383888,1.6901016235351562,2.9395631881948536,0.5870695728149675,1.6800795357839216
8.860034942626953,0.42256056791767704,2.153193197992148,-1.067594306943531,0.901844146825258,1.6380355547113246,0.8961968629213436,0.7016061482345303,1.7398595102063956,3.312553252119776,0.40073208217191314,1.6901016235351562,2.9376940543992225,0.5956058621218318,1.6822133200899652
8.87995719909668,0.42308588394901814,2.1718721886452,-1.1007806029306546,0.8843889881733848,1.6502021044768338,-1.6657900191955077,-0.8761637356891615,0.6107013923848068,3.314426332390221,0.41532890683148493,1.6901016235351562,2.935810762268699,0.604057020392319,1.6843038299681563
8.900012731552124,0.4287592078839187,2.155155417166933,-1.0985599244204098,0.9152160119210053,1.6125261598265035,0.11072647984680829,1.5370832869237574,-1.8785811213953922,3.314426332390221,0.41532890683148493,1.6975879669189453,2.9338845508498244,0.6125517544108385,1.6863826449692054
8.919888973236084,0.42930784933960564,2.1658107274315905,-1.1025904077304782,0.8985577240868585,1.6332864158874087,-0.2027789445386434,-0.8381004869542297,1.044475932170753,3.316299410982074,0.42992573372760323,1.6975879669189453,2.9319454211455596,0.6209574979288808,1.6884170854183729
8.94002103805542,0.42521846211431097,2.174953015756254,-1.1118038439976963,0.8876139539133582,1.6451304817665575,-0.4576498411811667,-0.543598993531421,0.5883184852342159,3.3101292939121185,0.43913185852613434,1.6975879669189453,2.9299506386685126,0.629457885057767,1.6904511437669147
8.960011959075928,0.4259630969306878,2.147756101496612,-1.103463296454155,0.8594697200685832,1.6298885928736617,0.4172167723030362,-1.4078507846588457,-0.7624405537523662,3.312002373079492,0.45372868468772776,1.6975879669189453,2.9279391439132874,0.6378849680836951,1.6924441128197156
8.979923009872437,0.4314525039361726,2.1576228595066693,-1.121639914675288,0.8763985015601194,1.6214764790573213,-0.9128909572326548,0.8502203959272959,-0.42248467458158573,3.312002373079492,0.45372868468772776,1.6975879669189453,2.9259051582903277,0.6462645373263584,1.6944021650483614
9.000200986862183,0.4324302511794242,2.1142999441700825,-1.1054724319817013,0.845983850262048,1.5913850197679622,0.7972926836716534,-1.499885876853056,-1.4839477973850814,3.313875452414909,0.46832551266000544,1.7048568725585938,2.9238022603470517,0.654784007475375,1.696368252159541
9.020052671432495,0.4283375924437755,1.9739440533785753,-1.0560602775309036,0.8294761818492051,1.4467760987225546,2.4890660677075167,-0.8315500054604708,-7.284465987418778,3.3077053356087296,0.4775316370747882,1.7048568725585938,2.921712700213254,0.6631099999083614,1.6982652286819893
9.040148496627808,0.429318291573037,1.9635388445793325,-1.0705134796470581,0.8013589589676854,1.4378141406134923,-0.7192141639212629,-1.39915741743605,-0.44596118954860087,3.309578414728134,0.49212846320340975,1.7048568725585938,2.919566222771551,0.6715235527022518,1.7001571419157726
9.06012773513794,0.42530678493883833,1.8781232108176933,-1.0195640923010592,0.7801750091853126,1.3708255949409378,2.5501165782750728,-1.060298157591444,-3.352907851747373,3.3034082970346903,0.5013345887034935,1.7048568725585938,2.9174009203796274,0.6798732632905703,1.7020093895336068
9.079926013946533,0.42637861619487527,1.8677711707055875,-1.0341213293642095,0.7515013614715031,1.36176647263009,-0.735277909958091,-1.448289924140435,-0.45757120598360146,3.30528137742521,0.5159314151407779,1.7048568725585938,2.9152243334665773,0.6881322976946559,1.7038162697643195
9.099931240081787,0.42256916871820227,1.7877900558266213,-0.9835765437156817,0.7278266745486393,1.3034718248509773,2.526579070228856,-1.1834251091590282,-2.9139709486404546,3.2991112600435106,0.5251375402900853,1.716827392578125,2.9129936336678766,0.6964621227675576,1.705612741796288
9.119881391525269,0.4185789797400876,1.7830936223866964,-0.9361467078689023,0.7058243804540927,1.3434523257261208,2.3774173334547153,-1.1028635124339192,2.004019918766421,3.292941142086291,0.5343436661739174,1.716827392578125,2.9107375379090508,0.7047532064184666,1.7073745714213797
9.140065908432007,0.41989798460367767,1.7724742272049216,-0.9511679985902517,0.6770300162798035,1.333632138792279,-0.7441986741993696,-1.4265570143359048,-0.48652078121144365,3.2948142199343753,0.5489404897334993,1.716827392578125,2.9084227567685508,0.7131252981519244,1.7091265256523396
9.160198211669922,0.4160058346588468,1.7591962839604194,-0.905466608102661,0.6563266939473065,1.3579900802006655,2.270052757874298,-1.0283633267308738,1.2098934295065347,3.2886441017613484,0.5581466160340518,1.716827392578125,2.906081568375699,0.7214590429932988,1.710842936008129
9.180014610290527,0.41740794566740624,1.748668280402084,-0.9205664776874983,0.6269140979727257,1.3481011938298468,-0.7619885870248997,-1.4842553653516544,-0.4990254061873779,3.2905171805210403,0.5727434424804778,1.716827392578125,2.903745370986882,0.7296454809715023,1.712501797437782
9.200048446655273,0.4137757372900017,1.7310585747390144,-0.8712526516009291,0.608063131559393,1.3666535165483613,2.461526848314866,-0.940956393479639,0.9260494286137497,3.2843470644102504,0.5819495656780713,1.728384017944336,2.9013513993278033,0.737904705220644,1.714147594650712
9.219923734664917,0.40985244387016884,1.7647979398459082,-0.8337825012392347,0.5932211901999738,1.4378480895453918,1.8852632647896117,-0.7467535238844251,3.5820649724666445,3.2781769459254795,0.5911556923294004,1.728384017944336,2.898944284419118,0.7460813807932325,1.7157489379224773
9.240066051483154,0.41150365076114537,1.7538315696587454,-0.8493472886273337,0.5636000265102517,1.4271963313261071,-0.772740669733,-1.4705936738569445,-0.5288248772673616,3.2800500254767035,0.6057525198849576,1.728384017944336,2.8964720869959293,0.7543500891633792,1.7173394670193431
9.260001420974731,0.4076490739252058,1.7701152729739484,-0.8148212894393874,0.5519520920093643,1.471299845041267,1.73189662737547,-0.5842848564110461,2.2123248698146303,3.2738799083108114,0.6149586446175448,1.728384017944336,2.893992669296302,0.7625159230024129,1.7188812445775092
9.280011177062988,0.4038441139809198,1.752774114172271,-0.8058084716352264,0.5384879819962671,1.460452154505199,0.4504211727723326,-0.6728772681541544,-0.5421200782369536,3.2677097906173675,0.6241647701176287,1.728384017944336,2.8914712249708296,0.770693952143215,1.7203959686090777
9.300034284591675,0.4058156027912161,1.7184124818979991,-0.7974566799588513,0.5137261806586626,1.4328606746078667,0.4171076674492084,-1.2366612576059444,-1.3779819070442851,3.269582870432162,0.638761595029061,1.734170913696289,2.8889150738158276,0.7788588001390646,1.721878427844004
9.320064783096313,0.40205103279423005,1.7325087962413859,-0.7688656061598951,0.5079718589832782,1.4671049721131837,1.4273770466738542,-0.28727800628884886,1.7096078511169694,3.2634127527387182,0.6479677205291448,1.734170913696289,2.886324769554471,0.7870076851800347,1.7233277527723183
9.340260744094849,0.3983599543773389,1.7321338228724052,-0.7602803533112784,0.49415378396273657,1.4758297335745612,0.42509751574779564,-0.6841999259923264,0.4320052639243204,3.257242634517723,0.6571738467967252,1.734170913696289,2.8836792861989355,0.7952043155175466,1.7247545582929427
9.359988927841187,0.4003260453158747,1.7437481041103424,-0.7592176913973017,0.474616485800849,1.4963238750564056,0.0538651670949693,-0.9903242190510452,1.0388255576567593,3.2591157152918884,0.6717706723675971,1.734170913696289,2.88106214336738,0.8031918802560309,1.7261145230333708
9.38008975982666,0.3966669850247392,1.7435364939599054,-0.750860109892825,0.46036070272440216,1.5047247670350974,0.41578286463547603,-0.7092135831367136,0.4179375254100365,3.25294559786222,0.6809767974839325,1.734170913696289,2.8783619633964137,0.8113103478689003,1.7274654351113734
9.400087833404541,0.39305675096228465,1.7622111721229183,-0.725393518827387,0.46372000400244273,1.5375812875701973,1.2734522135974984,0.16798124404123468,1.6429842808179937,3.2467754801687763,0.6901829229840162,1.736825942993164,2.8756417479666707,0.8193670282627109,1.728774282164092
9.419918060302734,0.38937860055715706,1.8102512597606735,-0.7070501631185293,0.4655119438486139,1.6001213455339727,0.9250199608421464,0.09036406166055562,3.153774199601978,3.240605362739108,0.6993890481003515,1.736825942993164,2.8729108693095027,0.8273357806723765,1.7300371509401746
9.439978122711182,0.3916904403031632,1.816021315676047,-0.7236519478264833,0.43420139588413253,1.608020654472127,-0.8276038413999673,-1.5608400077208393,0.3937828695302504,3.242478441402863,0.7139858744808336,1.736825942993164,2.870114255164186,0.8353759207087252,1.7312788258604537
9.45997929573059,0.38811763001123123,1.841868048666903,-0.7076768551829131,0.43762543181800223,1.6432149460020604,0.7987077871916791,0.17119175613085313,1.7596113735819825,3.2363083230859306,0.7231920006824704,1.736825942993164,2.8672915398979972,0.8433711443433145,1.7324806144542686
9.48009467124939,0.37595118658359217,1.8287080132945084,-0.6808195912683623,0.3942083794175335,1.6508353750843023,1.335160951355411,-2.1584012866124875,0.37883603391446735,3.223968088586307,0.7416042505973368,1.736825942993164,2.864417988351076,0.851390172675144,1.733652391674518
9.500056266784668,0.3810837272985707,1.8200964470753138,-0.6860660409863506,0.42874214255803217,1.630412413856152,-0.2628271727435898,1.7300101627380842,-1.023112666122137,3.223968088586307,0.7416042505973368,1.7372989654541016,2.8615317996648373,0.8593259134313678,1.7347782940762453
9.519985675811768,0.36893582599989183,1.8174091273795001,-0.6555310808098703,0.40715063974470944,1.6454431910370024,1.53215582734839,-1.0833990503161954,0.75420084762232,3.211627853942778,0.7600165004132873,1.7372989654541016,2.858615707739573,0.867226635330953,1.7358653301568399
9.53992509841919,0.3801790714366912,1.8361641084217832,-0.6914777432076457,0.4031102830681621,1.6525311686590147,-1.8027935465089757,-0.2026315784612256,0.3554755702591911,3.219671050252008,0.7654072012607134,1.7372989654541016,2.8556634226255673,0.8751087342704688,1.7369155028811152
9.560129404067993,0.3683200814218193,1.8125822362816897,-0.6634346967834649,0.38272853222579656,1.6428108950844131,1.3879737770568314,-1.008782543515537,-0.48109911538470135,3.2073308150809274,0.7838194518441607,1.7372989654541016,2.852636318154614,0.8830720785516903,1.737941087265699
9.580092191696167,0.364929014481722,1.8126605187607432,-0.6559198915407043,0.36653968794095576,1.6495926495105828,0.3764406746558195,-0.8109510849072602,0.33971981030337045,3.2011606973874835,0.7930255773442445,1.7372989654541016,2.8496099973275872,0.8909167221501675,1.738915958522579
9.600101232528687,0.36157680116929836,1.8169994637498168,-0.6493878156678495,0.38076550090940303,1.6537231175279834,0.3264562218414066,0.7109692607217275,0.20643008587835804,3.1949905802215914,0.8022317020768317,1.7378730773925781,2.846541185024158,0.89875567119146,1.739854369073133
9.620288848876953,0.3583029434053699,1.8532353117202718,-0.6444170257985793,0.38854057018224525,1.693589100930418,0.24622965800006677,0.3851405306456509,1.9747741741613642,3.18882046300773,0.8114378267764466,1.7378730773925781,2.843408806949537,0.9066399491071726,1.740761505306471
9.640126705169678,0.36137930972537013,1.85840313779677,-0.6618545930563144,0.3551877320991652,1.6998389321313336,-0.8790046162462753,-1.6812722902580937,0.3150456938841563,3.190693541311772,0.826034653474733,1.7378730773925781,2.8402950846303963,0.9143632114950758,1.741613784670899
9.660222053527832,0.3581560469419001,1.8735225062712053,-0.6587442715874714,0.36399434373631656,1.7157070507179828,0.15477818116952125,0.4382413024244888,0.7896413788821028,3.184523423882104,0.8352407785910685,1.7378730773925781,2.837104799112665,0.9221615578117568,1.7424372053518513
9.680006504058838,0.35488696240193646,1.8732116268249845,-0.6516922437269391,0.3467842093267506,1.7216154421066492,0.3564429474288635,-0.8698818490103906,0.29863813399350453,3.1783533067162115,0.8444469033236557,1.7378730773925781,2.833928110195886,0.9298142008269847,1.7432083001420717
9.69997525215149,0.35994142848575,1.8531914147667192,-0.6694421575177422,0.3854590896245562,1.6845138490760097,-0.8888846565867154,1.9367704033503357,-1.8579829270465467,3.1783533067162115,0.8444469033236557,1.7390613555908203,2.830685689063688,0.9375124498212155,1.7439463971762492
9.719968557357788,0.3551341411124405,1.851780046968284,-0.6753669563826731,0.3499808508170725,1.6883371169993338,-0.29633913971684506,-1.7745059379329853,0.19122740756838916,3.174056267758424,0.8682498546885853,1.7390613555908203,2.82740270259871,0.9451939325651026,1.744644618567178
9.739940404891968,0.36010187220059003,1.8633470599941178,-0.6878510475977359,0.3606106391287808,1.6937777803639271,-0.6250844441756119,0.5322386070450693,0.2724166282204114,3.174056267758424,0.8682498546885853,1.7390613555908203,2.8240864996899235,0.9528405549231591,1.7453010057632643
9.760064840316772,0.3570424528516532,1.8395565995800438,-0.6893269334828678,0.37064156125028597,1.6647587497615233,-0.0733380019850294,0.4984448959567543,-1.44197986129022,3.167886150328756,0.8774559798049206,1.7390613555908203,2.820707628827778,0.9605182403161653,1.745920526494226
9.780077457427979,0.353987245422162,1.8201964503279335,-0.6831347205053233,0.35273957750238366,1.6498535880162104,0.30941545241862134,-0.8945348651015813,-0.7447882334673125,3.161716032059792,0.8866621060395293,1.7390613555908203,2.8173101524177526,0.9681256391155835,1.7464945761801551
9.800055742263794,0.35091897018825197,1.801186314058709,-0.6877292861332934,0.3690540432412458,1.6232990113082302,-0.22997798188027407,0.8166099278760358,-1.3291719948038463,3.155545915373482,0.8958682299716475,1.74090576171875,2.813881126751468,0.9756920651240109,1.7470254999015482
9.82005000114441,0.35461714992754206,1.8254936235796717,-0.715155003373387,0.360739548905356,1.640380220782856,-1.3716796108248483,-0.4158440873220293,0.8543057072841187,3.1574189946368953,0.9104650573293733,1.74090576171875,2.8104117679981497,0.9832361650746704,1.7475143592054674
9.840022325515747,0.35166932687866953,1.8057534677376539,-0.7093803082119924,0.3421546103013095,1.6249478106133686,0.28913485751722673,-0.9305345866862427,-0.7726897421931668,3.1512488769434515,0.919671182829457,1.74090576171875,2.806908462500065,0.9907432120570647,1.7479599172120301
9.860091924667358,0.34878051575805036,1.8060611741941899,-0.7127939062042514,0.3506036876524804,1.621992252267027,-0.1700880005859497,0.4209888442387025,-0.14726543983337873,3.145078759945397,0.9288773071123518,1.74090576171875,2.803349884794967,0.9982573824142393,1.7483642610301238
9.880235195159912,0.34594535595890114,1.7860055992576322,-0.7073415637857323,0.3317081407139403,1.6060677514055468,0.27067811160728117,-0.9380575485755983,-0.7905618339071041,3.138908642251953,0.9380834326124355,1.74090576171875,2.7997395160782124,1.0057690038339882,1.7487260307987746
9.90019941329956,0.3509686182861942,1.753924137106469,-0.7298390113545062,0.3689130616962237,1.551608213802591,-1.126888486761951,1.8635801673793253,-2.727857270543466,3.138908642251953,0.9380834326124355,1.7429790496826172,2.796122724727999,1.0131836457770618,1.7490407121285811
9.920015573501587,0.35488768215948946,1.7588897652040343,-0.7574409092520764,0.36008540498451463,1.5460643506167617,-1.3928984029281135,-0.4454776617523682,-0.2797647540850234,3.1407817201962827,0.9526802596285264,1.7429790496826172,2.7924946290971295,1.0205130970353,1.7493095545259312
9.94010305404663,0.3521410190042321,1.7383932435020528,-0.7525340518129942,0.34062395073467056,1.529600893730587,0.24427440903199255,-0.9688350017914854,-0.819587944304778,3.1346116026706774,0.961886384678918,1.7429790496826172,2.7887779042305993,1.0279116578610372,1.7495375243393223
9.960005760192871,0.34938497746040403,1.720173800170986,-0.7557500755394656,0.34770649764705885,1.5056360508472157,-0.161587258679342,0.35585848780298873,-1.204099719268494,3.128441485504785,0.9710925094115052,1.7429790496826172,2.7850564380702623,1.0352107340853869,1.749718852206973
9.980019807815552,0.3466947076774961,1.6994675711658704,-0.7510152005186204,0.32779313339873406,1.4888646196787132,0.23657758341093907,-0.9949693647055295,-0.8379829749928515,3.122271367763372,0.9802986348786168,1.7429790496826172,2.781274879561904,1.0425185714668936,1.7498561753031976
9.999969959259033,0.35177135772261986,1.71303458878163,-0.7741202633237264,0.36838350886936577,1.4830775133710803,-1.158139719919542,2.034589841867807,-0.2900783146447641,3.122271367763372,0.9802986348786168,1.744852066040039,2.7774659649563143,1.0497706111670533,1.7499478309146013
10.020005464553833,0.35604315554796595,1.751209474521123,-0.8003526115341695,0.3560014173745619,1.516388245697745,-1.3092930687029714,-0.6180074479088684,1.6625850876499024,3.124144446714836,0.9948954603267424,1.744852066040039,2.773600922341268,1.0570205380643132,1.749994132590704
10.039905786514282,0.35343512885345996,1.7302418991577948,-0.796140460782857,0.3354610283342669,1.4991208406177765,0.21166244243102406,-1.0321636544935262,-0.8676947596268345,3.1179743289254547,1.0041015857608824,1.744852066040039,2.769722202181447,1.0641882100487208,1.7499944494980848
10.060174226760864,0.35096113931066014,1.7410252799235935,-0.797337154502764,0.33928021801413366,1.5100700053463563,-0.05904222058274774,0.18843036925403392,0.5402075638467629,3.1118042114957865,1.0133077108772177,1.744852066040039,2.7657308134507996,1.0714537262804988,1.7499476881369072
10.079974889755249,0.3484095954739692,1.7199394854865144,-0.7932912476648463,0.31825496983155654,1.4925128489535635,0.20433188722342754,-1.0618456659021787,-0.8866953797340908,3.10563409401815,1.0225138359605812,1.744852066040039,2.761791370589272,1.0785173181745673,1.749855838942025
10.10001540184021,0.35357218753276826,1.70428799560882,-0.8129990532645516,0.36091591510424526,1.4537433795521606,-0.9833983042027502,2.1287352883913027,-1.9345548275932931,3.10563409401815,1.0225138359605812,1.745767593383789,2.7577636076309275,1.0856313889789952,1.7497161372156433
10.120042085647583,0.35817048610754715,1.719478360268838,-0.8371803291974407,0.3663534704172319,1.4565438759443283,-1.2074528247151182,0.2715155122679234,0.13983824876371667,3.107507171602561,1.0371106610340997,1.745767593383789,2.7536975649589266,1.0927048069234273,1.749529282901735
10.140161037445068,0.35582205161407177,1.6999014873206633,-0.8340115615130225,0.35487006401923293,1.4381088343795814,0.15750162912633783,-0.5707755808348942,-0.9163022880273084,3.1013370541249246,1.0463167861174631,1.745767593383789,2.7495712302296287,1.099774282154628,1.7492937345533046
10.160048961639404,0.36099120956769604,1.702378291872792,-0.8518690214645266,0.3945295437959154,1.420125859908544,-0.897904667023515,1.994148780392952,-0.9042157590362746,3.1013370541249246,1.0463167861174631,1.745767593383789,2.7454510730595674,1.1067261059851552,1.7490135045685509
10.180163383483887,0.3586894507080944,1.6848898221161426,-0.8490701101204107,0.39278235869276334,1.4013049915954876,0.13914948019665233,-0.08686230788340317,-0.9356902454653028,3.095166936167705,1.0555229120012952,1.745767593383789,2.741242121979928,1.1137196022006561,1.7486819031239642
10.200066328048706,0.3563857621679576,1.6971459473900778,-0.84742940865944,0.4185536016252757,1.4096030103004842,0.08243511183117794,1.2948457374526332,0.4169241731027201,3.088996819169651,1.0647290362841901,1.7447853088378906,2.7370356958301025,1.1206019724003442,1.7483058405249094
10.220142602920532,0.3541649440979581,1.7293222658381937,-0.8444788903831035,0.43651314266032687,1.4445993143795521,0.14696542536768617,0.8945654086582807,1.7431672111732066,3.0828267016920146,1.0739351613675536,1.7447853088378906,2.732750377414691,1.1275057732680225,1.7478779370077877
10.240127801895142,0.36658868228416475,1.7362875996400862,-0.8857595875845068,0.44559869620702786,1.4253302717632337,-2.0655634829480163,0.45461411508806704,-0.9641656628387449,3.0908698974976256,1.0793258624338686,1.7447853088378906,2.7284420739402147,1.134339323467204,1.7474032842793652
10.259984016418457,0.3643966581567596,1.7579792362127373,-0.8818749965985772,0.4626514890737103,1.4487032425542705,0.19563603029007864,0.8588138915732814,1.1771111136814114,3.084699779228662,1.088531988668477,1.7447853088378906,2.72411940714432,1.141089747061666,1.74688334983244
10.280258178710938,0.3623652078175181,1.756664411240243,-0.8801553624582023,0.45990051192766795,1.4490299896077958,0.08481899846548545,-0.13568881941241287,0.01611642684968046,3.078529662014801,1.0977381133680921,1.7447853088378906,2.719662184638818,1.1479414556926986,1.7463025226889821
10.300130367279053,0.36772503020617103,1.767969561707187,-0.9044239897076995,0.5038126671554961,1.433145636136808,-1.2212357570135035,2.2097291940096047,-0.7993258224448483,3.078529662014801,1.0977381133680921,1.7418632507324219,2.715250280724585,1.1546168514686477,1.7456839995616256
10.32008171081543,0.3656548721510154,1.7802197203903047,-0.9190425301419071,0.5164461661054853,1.4345126134586066,-0.7327095745483894,0.633215448721775,0.06851555231386759,3.072359544009613,1.1069442392189524,1.7418632507324219,2.710777720421407,1.1612778795265273,1.74501379184945
10.340152740478516,0.3636691669268647,1.7726787211665582,-0.9377654923037096,0.5128018153499733,1.4142206433562114,-0.9328351597345959,-0.18157268544197538,-1.011007927496393,3.066189426747784,1.1161503638855954,1.7418632507324219,2.706234519838878,1.167936856750873,1.744289589990488
10.360067367553711,0.36169449845973695,1.7650385923301342,-0.951428065538442,0.5232843005197682,1.3915169454052858,-0.6860571972120801,0.5263711507232469,-1.1400513735556845,3.060019309797698,1.1253564882014624,1.7418632507324219,2.701683008415336,1.1745017448208004,1.7435212855538162
10.379964113235474,0.37436225488141306,1.7858359866291462,-1.0138978199382875,0.5306282819259216,1.3710051087740076,-3.139697084086731,0.36910465277168003,-1.0309141484418378,3.0680625070902323,1.1307471891597194,1.7418632507324219,2.6970918577935166,1.1810181389249472,1.7427039944336347
10.400131940841675,0.37258872435838214,1.805267111833231,-1.0266416104957252,0.5407809027229983,1.382950600677963,-0.6318871227121776,0.5034067622610465,0.5923043441864041,3.061892389085044,1.1399533150105796,1.736867904663086,2.6923933188400366,1.1875791975880672,1.7418247096619675
10.419972896575928,0.3707384011996613,1.8425505703699638,-1.0397372238919438,0.5438798207001033,1.4206103794705205,-0.6600293640900889,0.15618793865635958,1.8980828996832315,3.0557222710318874,1.149159440828468,1.736867904663086,2.6877265590039796,1.1939900486829056,1.740909519755566
10.440045356750488,0.3690100474489372,1.8514360862876018,-1.0594783214047099,0.5388897262325192,1.4194784714966446,-0.9834916767096433,-0.24860402881299468,-0.056391093270690106,3.0495521541297705,1.1583655651773066,1.736867904663086,2.6829603587842916,1.2004307134455245,1.7399328687441475
10.460096597671509,0.3745512832300429,1.8976937329483374,-1.0905003752447056,0.5680274859635686,1.4454740436453573,-1.5471388510161501,1.4531649111304183,1.2964570248348288,3.0495521541297705,1.1583655651773066,1.736867904663086,2.6781537233652104,1.2068187923816571,1.7389060823731082
10.480039358139038,0.3728489557456979,1.9064058731106297,-1.1104186949721,0.5624633992426818,1.4439489601088842,-0.9987744555135859,-0.27900283563783085,-0.07647304087897983,3.0433820366041653,1.1675716902276982,1.736867904663086,2.673327732570443,1.2131263013373936,1.737833965437159
10.500123977661133,0.3712976660432035,1.9100530765642496,-1.120648151834607,0.5612480034210712,1.4413365858598386,-0.5093179311290283,-0.06051375881298829,-0.13006839617607716,3.03721191907856,1.1767778152780894,1.7306861877441406,2.6684214488279405,1.2194316119753568,1.7367027888415532
10.51996374130249,0.3696746653790695,1.922432568764746,-1.1289226614892534,0.5578195606967025,1.452624501902532,-0.41706694717862286,-0.17280663148737674,0.5689541592704676,3.031041801648892,1.185983940394425,1.7306861877441406,2.6635293776869986,1.2256130908269511,1.7355345784850864
10.540087223052979,0.3757136443933402,1.9313150074158194,-1.1744590409617386,0.5248710434521126,1.4405325427487887,-2.262847952312245,-1.6373169242340702,-0.6008880224442158,3.0329148793054097,1.200580767212684,1.7306861877441406,2.6585208363987776,1.2318345419102779,1.734297944450264
10.560011625289917,0.3742974276555648,1.903380712863254,-1.1805190997802704,0.4987632045808925,1.407291035610619,-0.3041526037502316,-1.3103449007277062,-1.6683816529532955,3.026744762091549,1.2097868919122994,1.7306861877441406,2.6535153638378293,1.2379458011043223,1.7330220948173194
10.58018183708191,0.37989645712082143,1.912547428565844,-1.220864479642834,0.4999838713164658,1.384681810844518,-2.000245722684047,0.06051829044541441,-1.120921535146055,3.026744762091549,1.2097868919122994,1.7306861877441406,2.6484008022743804,1.2440824017536287,1.7316782600903942
10.59999942779541,0.37858834010269016,1.9096151961309829,-1.220897809574463,0.47251885535192595,1.3902390683647028,-0.0016818357039813914,-1.3858907655121264,0.28042044063402805,3.020574644613912,1.2189930169956626,1.7232704162597656,2.643328920483916,1.2500620845796768,1.73030660321047
10.620025157928467,0.3773192264573277,1.9162325109533171,-1.2244664596181467,0.4432481713633374,1.4057595754209584,-0.17820324252712189,-1.4616537721274492,0.7750282737824273,3.0144045265607553,1.228199142813551,1.7232704162597656,2.6381565051646945,1.2560538220058388,1.728868799687168
10.639945268630981,0.37609567543438865,1.9072021073154573,-1.2459316669889504,0.4152886897290261,1.3829712446489277,-1.0775646627352333,-1.4035806352613174,-1.1439861510987468,3.0082344087713744,1.2374052682476908,1.7232704162597656,2.6329639140568895,1.2619627018474942,1.7273868871009093
10.659881830215454,0.3749543670883091,1.8987408195420714,-1.2472956109425768,0.38531995123715523,1.3787671644977906,-0.06841420211039147,-1.5032049716743359,-0.2108728796249125,3.002064291869258,1.2466113925965296,1.7232704162597656,2.6277193787552404,1.2678245611052927,1.7258520641970205
10.679920196533203,0.37392182885270514,1.8909594460176613,-1.269355052518994,0.3566875206466973,1.355448040222433,-1.1008602810538535,-1.4288804853865114,-1.1637238238679513,2.9958941743436527,1.2558175176469208,1.7232704162597656,2.622399746051949,1.273663309969461,1.724257241465035
10.699917316436768,0.3796427047915672,1.883736300978882,-1.2866117089665283,0.35480955216197085,1.329361855805428,-0.8629570923590001,-0.09391194800965756,-1.3044970747189957,2.9958941743436527,1.2558175176469208,1.7161235809326172,2.6170424672510277,1.2794363264222866,1.7226135120950898
10.7198965549469,0.3864368689002063,1.8851444281802143,-1.3090482708582951,0.30902116244982314,1.3208588345542362,-1.1229938458559772,-2.2917985432191315,-0.4255928596517734,2.997767254542401,1.2704143450825058,1.7161235809326172,2.611641212135732,1.2851498651149267,1.720919148691783
10.739909648895264,0.3855901425608091,1.8800072363651377,-1.3318628321577932,0.2794140389210349,1.297110789391461,-1.1399817218847774,-1.4793876251806706,-1.1866253775676794,2.991597136968827,1.2796204700999252,1.7161235809326172,2.6061816513318377,1.2908179152331567,1.7191696757697825
10.759979963302612,0.3848476635507249,1.8551432966976107,-1.3287471181820907,0.2506640372750955,1.2701005029610128,0.15523991864132122,-1.4324639396487346,-1.3457829250825568,2.9854270192274144,1.2888265955670373,1.7161235809326172,2.600656783971403,1.2964459680519855,1.7173626791617407
10.779926300048828,0.38416127397612365,1.851630410222993,-1.3517974011678895,0.2203446459709271,1.246044621693082,-1.1556148519437717,-1.5200481015603302,-1.2060300381970952,2.9792569022293605,1.2980327198499317,1.7161235809326172,2.595116419053639,1.301982770469448,1.715514722505084
10.799968719482422,0.3836361461887075,1.8559622928211255,-1.3415261463447545,0.1945108396996987,1.2677023169051003,0.5124757945100666,-1.2889564733850198,1.0805928537608114,2.9730867845359166,1.3072388453500157,1.7075023651123047,2.589499269881294,1.307488738700302,1.7136055459982606
10.820014715194702,0.3831245292538667,1.8617188317931121,-1.3277520505282219,0.16919182740947847,1.2940037196658492,0.6871245516676722,-1.2630458797668849,1.3120526981174856,2.9669166662189843,1.3164449715516524,1.7075023651123047,2.58383057763694,1.3129372766572696,1.7116435880518366
10.84006381034851,0.38271238609508224,1.8520771081026244,-1.3415751428967304,0.13774689746741492,1.269405980196052,-0.689462155895981,-1.5683964638219676,-1.22687529193179,2.960746548693379,1.3256510966020438,1.7075023651123047,2.578110151432646,1.3183274501775382,1.7096289033712397
10.860193729400635,0.3884363555065385,1.859587391687387,-1.3457784200113931,0.14244788161251248,1.2754035881157173,-0.2088074524184049,0.23353219319585572,0.2979449596461473,2.960746548693379,1.3256510966020438,1.7075023651123047,2.5723152028362914,1.3236789835554785,1.7075534041670455
10.879976987838745,0.3821441190979574,1.8281409762716831,-1.3307737034985117,0.08209779243389032,1.2507600615937176,0.7584552645774718,-3.050563655497929,-1.2456758121567377,2.9484063137381056,1.3440633467687708,1.7075023651123047,2.5665694476573018,1.328878704637837,1.705462241072046
10.900062561035156,0.38788546959162756,1.8164380689379354,-1.3228640731082293,0.0901785521825762,1.2415094567069296,0.3937965978334961,0.40231661151346904,-0.46055966620065686,2.9484063137381056,1.3440633467687708,1.6980438232421875,2.5606843674248605,1.3340965051643996,1.7032870985372561
10.920114040374756,0.3877446054788422,1.7951581651012918,-1.2968001319949503,0.07196395544412848,1.2392430933858585,1.2998512813867766,-0.9083916667672377,-0.11302723767593911,2.9422361962125008,1.3532694718191622,1.6980438232421875,2.5547571396584736,1.3392430052714397,1.7010634335034045
10.940062999725342,0.3876848784349637,1.7803085143937296,-1.301600671990399,0.03876085615580849,1.2140147005399147,-0.24064112373399144,-1.6644025738287325,-1.2646470626650907,2.936066078686895,1.3624755968695537,1.6980438232421875,2.548808206954963,1.3443004832617675,1.6987994647783748
10.96002459526062,0.3877424583930507,1.7462856750019333,-1.275198118664607,0.023029841050529243,1.192834038453125,1.3226674831243024,-0.7880640140953498,-1.0610705967544931,2.9298959612092585,1.3716817219529172,1.6980438232421875,2.542803293224013,1.3492977321117403,1.6964825956670475
10.980087995529175,0.387946300913994,1.7326456090004643,-1.2805523540180672,-0.011015429079784145,1.1671011675641338,-0.2668657995051723,-1.69688436030818,-1.2825777557417468,2.923725843467846,1.3808878474200292,1.6980438232421875,2.5367148305244225,1.3542556932954644,1.694102171298911
11.000054121017456,0.3882356464292467,1.734976724151819,-1.2475057783247179,-0.020029590494394012,1.2056004238136462,1.6551321242944919,-0.4514727416644037,1.9282287027650291,2.9175557262060163,1.3900939720866723,1.6857414245605469,2.530602873797957,1.3591243484860085,1.6916819283805091
11.01996111869812,0.38008780140057846,1.7284842214206273,-1.1994490330942862,-0.015364302443033273,1.2444852987961301,2.4140629341163713,0.23435417666684094,1.9533269459439053,2.903342411147932,1.3939093948837584,1.6857414245605469,2.5244560662102677,1.36391293244412,1.6892180082874548
11.03989863395691,0.38049183995375796,1.7288536720030816,-1.2051416447776733,-0.05052418893541394,1.2385539719986052,-0.28552262453454963,-1.7635039289502799,-0.29749578724009956,2.897172292615192,1.4031155215021152,1.6857414245605469,2.5182465485001053,1.3686423057504369,1.6866996071957168
11.05996036529541,0.38106126899342074,1.7341070037815605,-1.1825493750311715,-0.06074051431470284,1.2668917341661172,1.126137588292011,-0.5092444518825001,1.4125282454126147,2.891002175089587,1.4123216465525066,1.6857414245605469,2.5119442194852057,1.373333056784137,1.6841144986935324
11.079939603805542,0.3817395094501645,1.7353921489045259,-1.1887310861108467,-0.09677508596873874,1.2606105259472244,-0.309406741229916,-1.8036008547453952,-0.3143867678293875,2.8848320581395015,1.4215277708683733,1.6857414245605469,2.5056135011027907,1.3779358107154631,1.6814893563256517
11.099895715713501,0.3825373258096663,1.738810444765881,-1.1672782435449494,-0.10424088727566294,1.2845454847507427,1.0750011156903456,-0.37411101628201726,1.1993798648709928,2.878661940661865,1.4307338959517368,1.6724491119384766,2.499235709295956,1.3824639213209537,1.678817010981172
11.120076656341553,0.38345452975768246,1.7373304510119298,-1.1484453567740631,-0.11128096661710851,1.2988482994507757,0.9332016340560604,-0.3488479289047495,0.7087288429039793,2.8724918229204524,1.4399400214188485,1.6724491119384766,2.492730495325598,1.386971683930732,1.6760637597531725
11.139999151229858,0.37569893643786745,1.7220598838413639,-1.1304517352351837,-0.13201402821608604,1.2923395119679875,0.9031811346801502,-1.0406860041985837,-0.32670544122507833,2.8582785097092085,1.4437554460504494,1.6724491119384766,2.486253381060927,1.3913505086376614,1.6732958879041548
11.160000085830688,0.37679865565069215,1.6974574165910228,-1.1139493404983072,-0.13731521761114426,1.2734296521424573,0.8250811807660055,-0.26504708409167094,-0.9454488104143581,2.8521083921836032,1.452961571100841,1.6724491119384766,2.479695328883778,1.3956744811507935,1.670467569896433
11.179997444152832,0.3780465241844787,1.6857447966270644,-1.1211391626335334,-0.17550012446262908,1.246588225388883,-0.3595385960186936,-1.9094975564448307,-1.3422486271025216,2.8459382744901593,1.4621676966009247,1.6724491119384766,2.473082588344024,1.3999245859605352,1.6675904151720125
11.200224876403809,0.37952704070107235,1.7072187138323605,-1.1028078477762449,-0.1723076926592564,1.2917897068768542,0.9062601040922306,0.15782684444381426,2.234662359864734,2.839768156964554,1.4713738216513164,1.6562385559082031,2.466336662184286,1.4041482918066317,1.6646303058204428
11.22004222869873,0.3720030688821502,1.7097675549250642,-1.0675529694310566,-0.16085528267033095,1.325805916177181,1.7789903424294573,0.5778980874180707,1.7164860771558874,2.825554842482194,1.4751892459742542,1.6562385559082031,2.4596713692851444,1.408212102892174,1.661681864053451
11.24009919166565,0.37355703737783214,1.7134203402100432,-1.0753809916174564,-0.20038304550758493,1.3187917273726208,-0.39028950690645253,-1.9707750820724603,-0.3497134045732123,2.8193847247407824,1.484395371441366,1.6562385559082031,2.452868721856321,1.4122492187168165,1.6586494584666949
11.260064601898193,0.3795240323596687,1.7279510608392106,-1.0862942916451905,-0.176854130179219,1.3321044242975018,-0.5466103576447082,1.1784839406912568,0.6667880484209131,2.8193847247407824,1.484395371441366,1.6562385559082031,2.446040029729457,1.4161912656644067,1.6555829641078554
11.279991149902344,0.3680766004949297,1.7063739233837991,-1.0507566555430856,-0.22885408918873418,1.3248578124077026,1.7834316357606437,-2.6095819004217087,-0.36366619488181195,2.7990012946753895,1.4974169204547774,1.6562385559082031,2.439167521893392,1.4200484736307004,1.65247514875407
11.30006742477417,0.37422762889284406,1.7240680669323603,-1.063734486316529,-0.20377658363519524,1.3414002929769937,-0.6464262347620917,1.2491114867495259,0.8239815740172894,2.7990012946753895,1.4974169204547774,1.6402873992919922,2.4321853925181953,1.423855749405012,1.6492966315096174
11.320044755935669,0.37610049492540387,1.722847683704785,-1.0601216105035705,-0.208090612612572,1.34203003287288,0.18084877222846482,-0.21594621135834702,0.03152272397125715,2.7928311764064255,1.506623046689386,1.6402873992919922,2.425179536127242,1.4275647252526829,1.6460870108971455
11.340001106262207,0.3691118195624212,1.7028080084667891,-1.044217708802555,-0.23313571411170367,1.3246932585045494,0.7969343813265444,-1.2549940790439285,-0.8687347177542795,2.7786178642504895,1.5104384720463702,1.6402873992919922,2.4181228295126376,1.4311896433359315,1.642834636630727
11.360006332397461,0.37129585954275446,1.6708388996628405,-1.0422956208886356,-0.2373401714889628,1.2841308774032711,0.09607928952786425,-0.21016795055617463,-2.0275892322855507,2.7724477468208213,1.5196445971627055,1.6402873992919922,2.4109901417203687,1.4347420700796873,1.6395285030174565
11.380009412765503,0.3645662537986319,1.643929489170272,-1.0268106974966598,-0.2633356304896384,1.2565103670820543,0.7741269398045003,-1.2995727919089566,-1.3808128454727826,2.7582344331779627,1.5234600226277468,1.6402873992919922,2.403799126912959,1.4382117104788792,1.636177367981799
11.400115251541138,0.3671590049549892,1.6635205526966017,-1.0250405999867,-0.25967999980527284,1.2841957387112164,0.08803897861276008,0.18181935731005666,1.3769816787107907,2.75206431601207,1.532666147360334,1.6228885650634766,2.396511322658794,1.4416151575061225,1.6327638414460068
11.419901847839355,0.3696249757951058,1.672387700309974,-1.0275387534484686,-0.266297475825406,1.2923352446941423,-0.12625483555216266,-0.33444236292066243,0.4113646359510071,2.745894198582402,1.5418722724766694,1.6228885650634766,2.3892802525657224,1.4448814138771437,1.629360781536381
11.439913034439087,0.36314434275239277,1.6465927395063196,-1.0126838650283219,-0.29376627431340213,1.2646898494817806,0.7423292140180264,-1.3726721477058608,-1.3814970478928348,2.731680884675768,1.545687698325459,1.6228885650634766,2.381907386721173,1.448099832372148,1.625875573659492
11.460190773010254,0.36610672410505973,1.643975556765027,-1.0176736367818124,-0.3018789365310037,1.2553346597298547,-0.2460714115619164,-0.4000772664628899,-0.46135271539737366,2.725510767773651,1.5548938226742979,1.6228885650634766,2.3743747329811735,1.4512730141021468,1.6222998919726581
11.479930639266968,0.3598283649527598,1.6193314349250203,-1.002801416261753,-0.3300978851781462,1.2278676646449578,0.7534103993739697,-1.4295410252612388,-1.391447881545546,2.7112974542265245,1.5587092459449066,1.6228885650634766,2.3669818578046224,1.4542759317269918,1.6187769757517025
11.499918222427368,0.36307630059532087,1.6236930615137284,-1.0085564155648534,-0.3371869859417543,1.226987388338737,-0.2879287233937514,-0.35467523545583446,-0.04404115791071713,2.705127336269305,1.5679153718287386,1.6067886352539062,2.3594357165209354,1.4572289399395553,1.6151682465440373
11.520017147064209,0.35705693116534626,1.6011592335824854,-0.9911514379524308,-0.32921208752674386,1.2136511524147144,0.8659656139274124,0.39678234328978157,-0.6635298238582163,2.6909140232499347,1.5717307965922274,1.6067886352539062,2.351785807805832,1.4601085361320667,1.6114978339837516
11.53991985321045,0.36345223930191045,1.6028686533387964,-1.0207974283847019,-0.3472582893420188,1.185989970675368,-1.4895457037068027,-0.906721009830314,-1.389820134814772,2.6909140232499347,1.5717307965922274,1.6067886352539062,2.3441491995235353,1.4628702537661482,1.607822799256246
11.559990882873535,0.3576557680831393,1.569025380429881,-1.0051795381759736,-0.3391233524729512,1.156049346815687,0.7781309913288732,0.40530740104625124,-1.4917333272017947,2.676700710230565,1.5755462213557159,1.6067886352539062,2.336385904428267,1.4655638295503033,1.604076645643817
11.580107927322388,0.3613723371171359,1.5669333597370474,-1.0166504952640627,-0.38658960618171023,1.1279407789101508,-0.5702108536496966,-2.359504341179027,-1.397251369454496,2.670530591745794,1.5847523480070447,1.6067886352539062,2.3285418849870636,1.4681703696395587,1.6002822689166125
11.600196599960327,0.3558588400987084,1.587925752152908,-1.0028130975512317,-0.3699834330067471,1.174302492984931,0.6888159293659697,0.8266436252040241,2.3078535307117103,2.656317279301944,1.5885677720360085,1.5885562896728516,2.3206457239846063,1.470679091167231,1.5964543875614106
11.620091676712036,0.3597161125950462,1.6197019196430693,-1.0145666271089058,-0.38053056361620335,1.2038626822882406,-0.5907757835950259,-0.5301377190490246,1.4858042355011416,2.650147161920244,1.597773897185316,1.5885562896728516,2.312763053444814,1.473069913457151,1.5926258659476917
11.640002250671387,0.3543638744000551,1.606432554060612,-1.0016283158539094,-0.4128210489785065,1.186147144811995,0.6498211091961078,-1.6217757171755771,-0.8897552382173255,2.6359338486370985,1.601589322332553,1.5885562896728516,2.304811602722696,1.475368194363355,1.5887577706978468
11.660063743591309,0.3611723299804347,1.6303359927948222,-1.0330795539582733,-0.39530592310353696,1.1976958344065969,-1.5677416546169176,0.8730719067062218,0.5756645151335503,2.6359338486370985,1.601589322332553,1.5885562896728516,2.2967362178600377,1.4775873448754944,1.5848241581821532
11.679983854293823,0.35608328692723656,1.6178791652713072,-1.0206806977075837,-0.42851831782526983,1.1798796370962348,0.6224290836458255,-1.6672796259882356,-0.8943824447779322,2.6217205346583574,1.6054047464366024,1.5885562896728516,2.2886541339808297,1.4796939580167958,1.5808831127889338
11.700166702270508,0.3605967636116659,1.6468277448117212,-1.0344013095265732,-0.438304918147769,1.2041363505263214,-0.679815446999334,-0.4848968953145142,1.2018478986765504,2.6155504173246262,1.6146108716188816,1.5700016021728516,2.280400584076321,1.481728809913649,1.576855278398608
11.720020294189453,0.35566479380579974,1.6456564966826295,-1.0235287382907254,-0.43283685938990957,1.213765413957829,0.5476374894898773,0.2754191171140945,0.4850035938493914,2.601337104928745,1.6184262956808175,1.5700016021728516,2.2722175275542194,1.4836317105953105,1.5728597787527352
11.740108489990234,0.3627183784284275,1.6592601753526104,-1.0557423605334775,-0.45610379968647885,1.196044197175812,-1.603609530802125,-1.1582394221617658,-0.8821706517480233,2.601337104928745,1.6184262956808175,1.5700016021728516,2.2638728405831037,1.4854563342110838,1.568784356864486
11.760047674179077,0.35809376775751967,1.629319808960827,-1.0457346597336983,-0.4503466213036986,1.165465564478048,0.5019112469696294,0.28873690760135157,-1.533594976010835,2.5871237901586763,1.622241720936112,1.5700016021728516,2.2555250625071013,1.4871661755085102,1.5647075154651342
11.780045986175537,0.3631940216905885,1.63390066607248,-1.0593444622278307,-0.502837963486669,1.137793777191588,-0.680547563041402,-2.6247886417744763,-1.3837061493669265,2.580953672033618,1.6314478472696363,1.5700016021728516,2.24708723543281,1.4887787125038545,1.5605878946967542
11.800009489059448,0.3609150207395746,1.6690781543625623,-1.0687928229585744,-0.45993460864958413,1.196646958266695,-0.47328170740808156,2.149089520339703,2.948038799470285,2.5729104764439166,1.6260571469167897,1.5486259460449219,2.23859854685947,1.4902851451759211,1.5564457591020906
11.820045232772827,0.36607534915552564,1.7051834410981113,-1.083946078916758,-0.47361332356851493,1.2281701370472116,-0.7563111294972852,-0.6827156063988188,1.5733470756798968,2.5667403599015124,1.6352632709478239,1.5486259460449219,2.230013014942844,1.4916922040999625,1.552259839355518
11.839963912963867,0.36191273810401825,1.704167521570374,-1.0734974270109485,-0.5110267386128209,1.220918460913311,0.524565473495059,-1.8783079343347016,-0.3640640877984748,2.5525270488249197,1.639078697611771,1.5486259460449219,2.221411632815011,1.492985908319699,1.5480707889545406
11.85991883277893,0.3599280538474397,1.711320267591066,-1.0834950407315196,-0.480113163099001,1.234563447376129,-0.50100996712721,1.549170620594727,0.6837905934614592,2.5444838520120716,1.6336879969832336,1.5486259460449219,2.2127283414566845,1.4941758016245354,1.5438476086001267
11.879906177520752,0.36560506828795786,1.7317856973535708,-1.0983523459294136,-0.5351449931089018,1.2273237804671677,-0.7433356151008249,-2.7533337079413505,-0.36221254010860127,2.538313733887013,1.642894123316758,1.5486259460449219,2.2039641602168167,1.4952600578078823,1.539592051772718
11.900040626525879,0.361870461035761,1.747341003965662,-1.0896194446301424,-0.5321062841167143,1.2580909952889459,0.4337293410436744,0.15092089142413262,1.5280882438820995,2.5241004215870686,1.6467095474446376,1.5284042358398438,2.195067631155588,1.4962423735840638,1.5352804980163113
11.920052766799927,0.3600516854984066,1.744396467698287,-1.0987573777207928,-0.5030518920168143,1.258010355824105,-0.45661948025123184,1.4518383192415627,-0.004029527263783568,2.516057225037996,1.6413188464323514,1.5284042358398438,2.186157307433909,1.4971083451561074,1.5309717086663293
11.940009593963623,0.3660427985047705,1.7594444626607995,-1.1142948733498717,-0.5596560994580291,1.2412803078891437,-0.7785554037038138,-2.83633299907433,-0.8383120121115787,2.5098871069129376,1.6505249727658762,1.5284042358398438,2.1772039855993244,1.4978612789674397,1.5266527433183141
11.960042238235474,0.36276003765800846,1.72442035793905,-1.1045930071757764,-0.559909267236149,1.200000613264883,0.4843028230540757,-0.012637761380091294,-2.0606213570250387,2.4956737943492175,1.6543403972775041,1.5284042358398438,2.168148476834299,1.4985048889496142,1.5222964004966353
11.98014521598816,0.3709231125731074,1.7453847699334497,-1.149913956344896,-0.5896177173852627,1.1732079250773337,-2.2544396022656468,-1.4778134122515747,-1.3327721155125936,2.4956737943492175,1.6543403972775041,1.5284042358398438,2.1589922227321052,1.4990367006939682,1.5179048738667327
12.000100135803223,0.3677123835675808,1.77505760070599,-1.1601187688481696,-0.5808654854374175,1.21142445733024,-0.5113933104141211,0.43860020631295155,1.915143363495628,2.48146048214521,1.6581558214713277,1.5064983367919922,2.1498347502504602,1.4994505411814583,1.5135272045768535
12.020117044448853,0.36633467322444946,1.7950995077522303,-1.1889957879411301,-0.5560062923933535,1.2245522699376892,-1.4426313075703154,1.2419097016507197,0.6558361653069391,2.4734172866514457,1.652765121184425,1.5064983367919922,2.1405798873309374,1.499750442335538,1.5091187330972577
12.04005765914917,0.37299568573670383,1.8280679970730906,-1.2257811200086552,-0.6153529460066813,1.2085669197831153,-1.8447441375485587,-2.9761697171944865,-0.801647812507981,2.46724716831058,1.6619712479346695,1.5064983367919922,2.1312913295484686,1.4999334062391312,1.5047112054337304
12.059935331344604,0.37031256701807663,1.8267323334112795,-1.235001619816856,-0.6192931048158759,1.195072410905495,-0.46386215234591516,-0.19822033336979353,-0.67887772496417,2.453033855267277,1.6657866732467663,1.5064983367919922,2.121963312266067,1.4999997243105945,1.5003031442335262
12.079923868179321,0.369320293997558,1.8370549920481798,-1.2666333560000735,-0.635045615230279,1.1692425119939514,-1.5824938285767043,-0.7880772136879803,-1.2922356010911948,2.444990658766173,1.6603959722674524,1.5064983367919922,2.112513802252161,1.49994851009089,1.49585731606537
12.099876880645752,0.3763420972887196,1.8725456017635074,-1.3009524157564745,-0.6552487259245452,1.1766898273527775,-1.7199939013790515,-1.0125343593232488,0.3732426555316223,2.438820542007962,1.669602096715207,1.4863624572753906,2.1030113064853126,1.4997784277666282,1.491407553330918
12.120017290115356,0.3754905463040271,1.8721309910635149,-1.3287034802879147,-0.6331589206414476,1.156949130421644,-1.377879857572987,1.0967902771011215,-0.9801537034748886,2.430777346562165,1.6642113964612761,1.4863624572753906,2.093348655643599,1.4994851566977303,1.4869054508687427
12.13991379737854,0.37327861276661983,1.8822341782143652,-1.3419579733388796,-0.6787140008912647,1.1319459370591363,-0.6661718499452853,-2.289601870681692,-1.2566624398832786,2.41656403203194,1.6680268218814305,1.4863624572753906,2.08373269385826,1.4990744422067155,1.4824488297074394
12.160232067108154,0.38114912511429777,1.8925055694634798,-1.3746839141908276,-0.7021050307941281,1.0949292179172365,-1.6106657351954212,-1.151231389982514,-1.8218440661778983,2.410393914794146,1.6772329471296537,1.4863624572753906,2.0738406842748525,1.498529850256091,1.4778900449731094
12.179972410202026,0.3805301380724737,1.9090066630642533,-1.4069939961740439,-0.720372548348301,1.0703913891376764,-1.6367538208211887,-0.9253900738859807,-1.2430294986705333,2.4023507213150603,1.6718422482275732,1.4863624572753906,2.0641596268969837,1.4978785670027868,1.4734548140946853
12.199963331222534,0.3786345045648699,1.9380373303602756,-1.4101314452925395,-0.7185762484372153,1.118555396951378,-0.1569437003566319,0.08985578549597124,2.4092940872655246,2.38813740920699,1.6756576724873409,1.4642581939697266,2.054284949066955,1.4970952807795177,1.4689587442686405
12.219947338104248,0.3781974986131108,1.9599570484402804,-1.4327726149723576,-0.6997259789896209,1.1397270812975466,-1.132964465726623,0.9432677620244022,1.0594313978915597,2.380094212226303,1.6702669723084953,1.4642581939697266,2.044342227832538,1.4961867846275343,1.4644611467337305
12.240147352218628,0.38651904946579857,2.0055763711971912,-1.472951849126792,-0.7653577819877124,1.1256006824843823,-1.9890696079183263,-3.249096888074446,-0.699326185277669,2.3739240941971818,1.6794730987079638,1.4642581939697266,2.034219249225055,1.495139930884838,1.4599134105805152
12.260175704956055,0.386426207267363,2.010480729418431,-1.4933615967108231,-0.7470142220542917,1.119765000739346,-1.0190427466304695,0.915879611963411,-0.2913710289379497,2.365880898799354,1.6740823984870048,1.4642581939697266,2.024109700803592,1.493973344429465,1.4554043512966774
12.28000783920288,0.3853304961694186,2.0276815379054063,-1.508311197186269,-0.7965795647030696,1.096335144334261,-0.7538069422779531,-2.4992440063131403,-1.1814087235131832,2.351667583261789,1.677897823214748,1.4642581939697266,2.01402773172988,1.4926909759308047,1.4509410751062959
12.299973964691162,0.3851406830514443,2.0475015939441468,-1.5257457469055136,-0.7771358063030493,1.1226854553102878,-0.8732064580820854,0.9738373332088077,1.3197508445738575,2.343624388655494,1.6725071241029206,1.4432735443115234,2.0038056891218337,1.4912710859562281,1.4464509120075053
12.320001363754272,0.38428347831615006,2.051518150105698,-1.522784928756182,-0.7875464942068595,1.126775621154726,0.14783837581711615,-0.5198222630409471,0.20422850873192153,2.3294110765474234,1.676322548362688,1.4432735443115234,1.9934795031715566,1.489715948895575,1.4419518971218201
12.340002298355103,0.39423718389223666,2.104974138080749,-1.582684301807237,-0.8274889851027389,1.1141312769756395,-2.9948287040831043,-1.9970312234420151,-0.6321876667984143,2.3294110765474234,1.676322548362688,1.4432735443115234,1.9830939826706666,1.488031036989543,1.4374654123523065
12.359997510910034,0.39377567253037404,2.087399829679691,-1.577342545913444,-0.8378531400541944,1.0803844952142851,0.2671517434044699,-0.5183318218289836,-1.6877430869336285,2.315197763384251,1.6801379741574491,1.4432735443115234,1.9726383311956872,1.4862139343307614,1.432988483655674
12.380001783370972,0.3944130961428208,2.1132289633949752,-1.6131136743385817,-0.8624676425642217,1.0581826359012871,-1.7881744259876582,-1.230462270402096,-1.1098558748563214,2.3071545677226473,1.6747472743202387,1.4432735443115234,1.9621046028638927,1.4842622856405934,1.4285195195164517
12.400069952011108,0.3939468836005446,2.1346214275324744,-1.6003824988966566,-0.863669000806426,1.1177926252897277,0.6343964748463615,-0.0598638701790408,2.9703751476963083,2.2929412538638787,1.6785626990718119,1.4199848175048828,1.9514633397308998,1.4821690352853212,1.424048077586364
12.419968128204346,0.3945988183932985,2.150674096167889,-1.610607997119725,-0.8481213691182371,1.1454392566987401,-0.5138912292144431,0.7813596350339356,1.3894052972758675,2.284898058466051,1.6731719988508529,1.4199848175048828,1.9408388866468866,1.4799586805482772,1.419627893135406
12.439989566802979,0.3947076395400209,2.185379071057789,-1.6282250846013677,-0.9028340339526284,1.1444017936149424,-0.8799111709608027,-2.7327039745349477,-0.051817609343444065,2.2706847453988153,1.676987424711558,1.4199848175048828,1.9300748269957302,1.4775981886130958,1.4151955874236972
12.460035562515259,0.39576916404042606,2.19183752487066,-1.637866773981563,-0.8877174279479283,1.1547735424038268,-0.48097832198421747,0.7540960410083097,0.5173975360341206,2.2626415500009873,1.6715967244905992,1.4199848175048828,1.9192232000306415,1.4750967325532462,1.4107749707350927
12.479971170425415,0.3962548612466947,2.2279732903445315,-1.6557202363263868,-0.9434531932519203,1.1542753370191567,-0.8955564548261485,-2.795789601961288,-0.02499072949845865,2.2484282381568983,1.675412150626995,1.4199848175048828,1.908357320491459,1.4724710991107317,1.406397484091125
12.500203132629395,0.39736227727502776,2.245212124546272,-1.6635602026786138,-0.9272701603077829,1.1889974710133961,-0.38750400347648867,0.7998746132964988,1.7162019997946512,2.2403850405285843,1.6700214494379337,1.3980522155761719,1.8972544150471133,1.4696648743672829,1.401975999954699
12.52009630203247,0.39801589869961074,2.2404283308739923,-1.6509996849923725,-0.9405423817544076,1.1870548319524483,0.6313985183426349,-0.6671748064726388,-0.09765357251959192,2.2261717289962393,1.6738368752235533,1.3980522155761719,1.8862629195453973,1.4667656412878654,1.3976510276880736
12.540005207061768,0.39942572707344726,2.2808638435251156,-1.6884736874741648,-0.9697801195692447,1.1878227978515228,-1.8822734061289461,-1.4685758846010057,0.03857398977715579,2.218128531631701,1.6684461736507439,1.3980522155761719,1.8751887203982895,1.4637242726049677,1.3933468408251493
12.559927940368652,0.4010559060485621,2.260921934882755,-1.693739077935256,-0.9544154123993098,1.154169464196513,-0.2642905659572079,0.7712148194357068,-1.6891925990586885,2.210085336018066,1.6630554738465053,1.3980522155761719,1.8640325707988668,1.4605398763959543,1.3890657674555202
12.580150604248047,0.402452464856082,2.2921659036113375,-1.7138119883009375,-1.0138209389184103,1.1353590190970257,-0.9925947681964133,-2.9375717696435886,-0.9301665305654305,2.195872024269914,1.666870900048845,1.3980522155761719,1.8526324510330046,1.4571625215559327,1.3847489143785938
12.600086212158203,0.3944106212404846,2.2768456766366345,-1.6862713831362357,-0.9716869616131831,1.1816681032615213,1.3814780712391102,2.1135035106585285,2.322933134178629,2.1797856332584513,1.6560895000236475,1.3746833801269531,1.8413188757031709,1.4536891896626043,1.380523460868981
12.620116472244263,0.40557115633387886,2.3086077788524126,-1.6978026962314252,-1.0033283801061221,1.2001950020395844,-0.5756946263126629,-1.579680860707367,0.9249454923931449,2.173615515373236,1.6652956265220318,1.3746833801269531,1.8298763128135063,1.4500546512933044,1.3763100504030277
12.640127897262573,0.3979930494568992,2.3275723174424123,-1.7121509408280136,-1.0192480448903787,1.2030234709818135,-0.7170026414140739,-0.7955287926616911,0.14134270496184248,2.1575291231386267,1.6545142262211434,1.3746833801269531,1.8183690154475924,1.4462778392848767,1.3721346701125943
12.660006761550903,0.39984821435601403,2.3243891682982403,-1.697708392645009,-1.0340014201264487,1.2047457335144922,0.7265278324518335,-0.7421638893491015,0.08663787365809253,2.1433158106469103,1.6583296513473236,1.3746833801269531,1.8068630932670362,1.4423810525575385,1.3680225864715483
12.679981708526611,0.40225462154573727,2.370053047498189,-1.737077481431035,-1.0676039026335875,1.208277773751631,-1.9709233187904693,-1.6822313745314854,0.17682351004156446,2.135272615081244,1.6529389515760569,1.3746833801269531,1.795226392469584,1.438319108290085,1.363928385457015
12.699986219406128,0.40465025660396964,2.378771704404928,-1.7412262495239923,-1.053632253718905,1.2314808336183556,-0.20739162871536956,0.6984249202008096,1.1598913868213128,2.12722941946761,1.6475482517718183,1.3542976379394531,1.783496844078523,1.434103369890585,1.3598680225536985
12.72014331817627,0.3973798768844221,2.3349014338681506,-1.693172026527945,-1.0534564265034878,1.2145627822065426,2.383985093491192,0.008722843372556197,-0.8393098433824944,2.104972910450856,1.6459729764672926,1.3542976379394531,1.7716012379665855,1.4297051340094882,1.355819103142814
12.740118741989136,0.40011986196340144,2.365190825394653,-1.7232359417848553,-1.0888035600160013,1.1996217475389421,-1.505045176440561,-1.7695310919884637,-0.7479708469552916,2.096929713829882,1.6405822759706428,1.3542976379394531,1.7597368222010807,1.4251968772055064,1.351850645621936
12.75999665260315,0.4028334521098826,2.330625904083425,-1.6984930877595337,-1.1041910666300727,1.1522588355018628,1.2447411856192885,-0.7741008053041252,-2.382690663861275,2.0827164024416476,1.6443977041155549,1.3542976379394531,1.7478551631894725,1.4205620276885398,1.347947004606998
12.780195474624634,0.3963639858503634,2.330778984578298,-1.694811083698041,-1.1248160025703255,1.1379521193300828,0.1822880590549447,-1.0210959786820846,-0.708294580573202,2.0666300102550066,1.6336163038476381,1.3542976379394531,1.7357049705807943,1.4156998529026728,1.3440288598544703
12.800087451934814,0.39938026785832714,2.3158122234972387,-1.6706155504429807,-1.1016573191936834,1.165496069570511,1.216346312775909,1.1642222899977681,1.3846763351339282,2.058586814593404,1.6282256040104277,1.3339004516601562,1.72366352619093,1.410760542697788,1.3402199728882545
12.819949388504028,0.4025020325712129,2.3087676663200196,-1.6377784095148455,-1.1209933718442342,1.179603271720245,1.6532698517944595,-0.9735230289941534,0.7102631760288767,2.0443735010224464,1.6320410289598328,1.3339004516601562,1.7115652490281759,1.405678574485506,1.3364681028892285
12.840115070343018,0.3963467218505105,2.321349820653662,-1.6347048584937522,-1.1433087659339956,1.1871183939288426,0.1524149317456133,-1.106602507563902,0.37266888710242074,2.0282871098431454,1.6212596293843275,1.3339004516601562,1.6992053529106668,1.400364831061615,1.332713333364811
12.859872341156006,0.399897469688807,2.3132127017692037,-1.60243470255682,-1.1632443197630318,1.195833884871581,1.6333306478604381,-1.0090236661599405,0.44112828260718034,2.014073797015752,1.6250750554098923,1.3339004516601562,1.6870206768918747,1.3950074563987023,1.329089758781429
12.879894733428955,0.39397758771207925,2.327131852801879,-1.5993948493241241,-1.186368383159149,1.2041631267070563,0.1518226788915112,-1.1549101166776354,0.4159963365980127,1.9979874050928872,1.6142936547582276,1.3339004516601562,1.6745968798480306,1.3894249706200774,1.3254753287968537
12.89993667602539,0.397798584998613,2.32629737186518,-1.5867675080554775,-1.1782389731822387,1.2270212955775128,0.6300457756471365,0.40561986133799544,1.1405166320814566,1.9899442092634452,1.608902955370709,1.316690444946289,1.662084644523027,1.3836819598719186,1.3219176068584637
12.91990351676941,0.39229992940809666,2.294676986137777,-1.5335763119310908,-1.1834715952399049,1.2300736357854765,2.6639765802870516,-0.2620655978955359,0.15287046394047188,1.967687702141501,1.6073276819336701,1.316690444946289,1.64954336568213,1.377805631174743,1.3184351534722878
12.939894914627075,0.3964066142104016,2.3362976087687697,-1.5557692584222031,-1.2247943012236475,1.240059454613841,-1.1101247971312886,-2.0670243410666163,0.4995057824100759,1.9596445042973798,1.6019369811613295,1.316690444946289,1.6369107956190438,1.3717667373243418,1.3150123732843058
12.959941864013672,0.39149368117017525,2.2903344122344724,-1.5043680195152516,-1.230385336945882,1.21188304070721,2.5640429332015113,-0.2788970837614102,-1.4055212772407955,1.937387997007597,1.6003617081739827,1.316690444946289,1.6241669414749216,1.3655544893475113,1.3116463638457205
12.980052471160889,0.3863398245637451,2.29851002498828,-1.5024303971425608,-1.2566681006516314,1.2027620386087565,0.09634827822485467,-1.3069105031663275,-0.4535418563788049,1.9213016045571805,1.5895803082898148,1.316690444946289,1.611306023360719,1.3591645042282738,1.3083383840457077
12.999852180480957,0.3906883931535371,2.2994719028026442,-1.490278519571492,-1.2398193328419769,1.2367251059931998,0.6137402006579948,0.8509603619572899,1.715331616006071,1.9132584090394826,1.5841896085515201,1.2997722625732422,1.5985689151188014,1.3527181953206233,1.3051507212492648
13.019779443740845,0.38623914927275077,2.2904118855536377,-1.445553834369829,-1.2488075126591731,1.2636615503171982,2.2443967652944536,-0.45104938395072397,1.3517382679547205,1.8910018997350209,1.5826143341793508,1.2997722625732422,1.585674821434442,1.3460746311842977,1.3020138232756429
13.039803266525269,0.38140341183725907,2.3116000193604886,-1.4439277953074232,-1.2765099380439158,1.276357923750691,0.08120522639017502,-1.3834733598567341,0.6340634138736544,1.8749155083878808,1.5718329350535378,1.2997722625732422,1.5726426007839558,1.339241120675306,1.2989357376106272
13.059822797775269,0.38724334332425336,2.3210026357737332,-1.4268246511629108,-1.3023948304096327,1.286465062030337,0.8543229075112544,-1.2929819406094682,0.5048638828467097,1.8607021962319448,1.5756483604105218,1.2997722625732422,1.5595374310214019,1.3322506154878442,1.2959344362119676
13.079960823059082,0.3828305003227182,2.274549116807389,-1.4070111182575027,-1.2826948099260436,1.244422525695286,0.9838865840204207,0.9782498634274515,-2.0877189169508026,1.8446158035657212,1.5648669609430739,1.2997722625732422,1.5462784345699145,1.3250585720273271,1.2929941475228317
13.099859476089478,0.3783261259688669,2.3162222076718266,-1.405599506602349,-1.3116866140602856,1.2917637434323845,0.0709400607667981,-1.4569731976308462,2.3791167002502114,1.828529413441728,1.554085562092952,1.2857532501220703,1.533101920484581,1.3177938754158185,1.290168315573593
13.1197829246521,0.3750805124368551,2.3012915948057375,-1.3700383196372425,-1.3214005940889204,1.2933825717824345,1.7848911474001543,-0.48756519224583184,0.08125241696796671,1.8062729042334085,1.5525102900471033,1.2857532501220703,1.5198343926127762,1.3103624186523182,1.28742005827699
13.139825820922852,0.380639268779298,2.351414800071843,-1.3939498757181976,-1.3685463556970867,1.3088682814899104,-1.1930190007443462,-2.35224295786856,0.7726283416470971,1.7982297077083713,1.5471195896163974,1.2857532501220703,1.5064121820300342,1.30272696258867,1.2847391010709672
13.159854173660278,0.376742631828172,2.323938377011945,-1.3806214303005473,-1.3503092798705116,1.2927640523465072,0.6654788635085106,0.9105629437260538,-0.8040715756573164,1.7821433153059236,1.5363381897652013,1.2857532501220703,1.4929245435643366,1.2949370718948259,1.2821458965161083
13.180013179779053,0.37443334831919056,2.357538564107579,-1.3614945072854372,-1.410612888488317,1.3093861411809187,0.9488028776030223,-2.9913979023818795,0.8245490247126367,1.7598868077282266,1.5347629154498343,1.2857532501220703,1.4792732636602006,1.2869347350540958,1.2796242843985874
13.19998812675476,0.37077476600287046,2.3530252091543504,-1.3489602693822436,-1.3817679461929235,1.344526373641607,0.6274979312053649,1.444056013288664,1.7592153062245057,1.7438004163810867,1.5239815163240216,1.2720508575439453,1.465671839975429,1.2788453241495281,1.2772150977819037
13.2200345993042,0.37692466349889114,2.3803003716107476,-1.366898812068352,-1.3832582059339509,1.3725939794319288,-0.8948478412782394,-0.07434024800882429,1.4001269161495424,1.7357572195922737,1.5185908162770638,1.2720508575439453,1.4519471527120535,1.270566633579094,1.274888583429463
13.239980220794678,0.3751365173245398,2.41609238377549,-1.3477395940676213,-1.4445076971717468,1.3908622887733892,0.9605726254194087,-3.0708239032328315,0.9159057465409729,1.7135007114870255,1.5170155427291938,1.2720508575439453,1.438217532871487,1.2621701004984436,1.2726663052863105
13.259914636611938,0.3719425536451898,2.407970456212818,-1.3428202781391398,-1.4286440945143382,1.397902525150232,0.24677502333537024,0.795789693705129,0.3531699369262041,1.697414320931418,1.5062341447125125,1.2720508575439453,1.4244221473663965,1.2536193166077434,1.2705392339307413
13.27989673614502,0.368960365100731,2.439603764148089,-1.3429373036015826,-1.4627209715776044,1.4172626023246029,-0.005856514839644548,-1.7053701993051724,0.9688710209014655,1.6813279283611315,1.4954527453110085,1.2720508575439453,1.4105202952970515,1.2448886018988934,1.268503051792737
13.30004072189331,0.37584373612074956,2.449633770581617,-1.3653818690659647,-1.4627621888913163,1.4130692624035557,-1.114206778382291,-0.0020461349718423477,-0.20816833239682755,1.6732847317401573,1.4900620448143587,1.2614936828613281,1.3964316554909657,1.2359256080936671,1.2665493414210856
13.319892168045044,0.36536957865250513,2.420562922832334,-1.3206771119726723,-1.4583452331134281,1.410023407733884,2.2519647561993263,0.2225004538272624,-0.1534323820234984,1.6429850269422386,1.4830960735458518,1.2614936828613281,1.3824748841677619,1.2269340796405075,1.264722830545971
13.34019660949707,0.37264069636242186,2.4794912497171038,-1.3466950548715908,-1.511632726729987,1.4315221919645373,-1.281391707345975,-2.6244254855501468,1.0588217499825765,1.6349418311607649,1.4777053741913053,1.2614936828613281,1.3681254750426477,1.217574681985973,1.2629578092545841
13.36001467704773,0.3606452717076419,2.4313846641607655,-1.3216865805506766,-1.4784711609509327,1.406733448150295,1.26190276912657,1.67329966427283,-1.2508153860550202,1.610812242809005,1.4615332754352552,1.2614936828613281,1.354047453963438,1.2082807715405066,1.2613372053532643
13.380039930343628,0.36802525786621876,2.4906305301938345,-1.3472850995538361,-1.5316647420564284,1.4290088930426728,-1.2783118707618368,-2.656325007204321,1.1123676970887602,1.6027690482986467,1.4561425763893716,1.2614936828613281,1.3397502098973477,1.1987307952814197,1.2598037064236238
13.399941444396973,0.3659764720212768,2.4809086971628633,-1.349336361795131,-1.504201657331563,1.4392973009343113,-0.10307066265393931,1.3799495179739758,0.5169660893166784,1.5866826543613082,1.445361176613261,1.2531452178955078,1.325469765970519,1.1890817350880365,1.2583847658913316
13.419975757598877,0.36637346089220724,2.4964913591136266,-1.3331220962458832,-1.519368697245913,1.4651871363273847,0.8093247512825485,-0.7570531498383645,1.2922746655778827,1.5644261457043702,1.4437859021211192,1.2531452178955078,1.3110224128759496,1.179209434602611,1.2570636193787488
13.440017700195312,0.36474380267370504,2.53465474920242,-1.3344225045528824,-1.5575489486157814,1.489238916246506,-0.06488434445623331,-1.9050174994842417,1.2000722885714148,1.5483397562040708,1.433004504829821,1.2531452178955078,1.2964979702755113,1.1691741902182056,1.2558510525401743
13.46001124382019,0.3632415022278185,2.531290911840093,-1.3377695511025731,-1.5446375851894254,1.493954831622178,-0.16740636940047154,0.6457766401294881,0.23587191266104265,1.5322533636337845,1.422223105428317,1.2531452178955078,1.2819376074227413,1.1590048859567335,1.2547514779694533
13.48011302947998,0.3620023798221473,2.5711117980047526,-1.3394805057717152,-1.5838562848275237,1.5191468400089363,-0.08511456136777515,-1.951005761470643,1.253222415815044,1.5161669707517538,1.4114417063775897,1.2531452178955078,1.2672273658649151,1.148621576832603,1.2537580976873168
13.50000524520874,0.3607724814812512,2.549461337943651,-1.3428071557924284,-1.5694560281007601,1.494466403730865,-0.16723375948027708,0.7239141643705378,-1.2407082556614737,1.5000805794525824,1.4006603072847486,1.2484378814697266,1.252600640744728,1.138189987885144,1.25288701234732
13.520062446594238,0.3598173901538936,2.536519746948461,-1.3472715806933486,-1.5474534707021443,1.4913683215515268,-0.22258463756305313,1.096990401388914,-0.15446233598563128,1.483994186666489,1.3898789082999652,1.2484378814697266,1.2377827910538817,1.12751479992589,1.2521226561884906
13.539976119995117,0.35889952390715685,2.571248756327554,-1.3488689784038241,-1.5772207973294388,1.5179747041658194,-0.08021612478614869,-1.4948184610670885,1.3360861192550395,1.4679077957991375,1.3790975106340602,1.2484378814697266,1.223001949797108,1.1167604146975998,1.2514781035732003
13.559996604919434,0.35824309042946945,2.5456146599410294,-1.353588551355354,-1.5545629503407135,1.4937489963090764,-0.23573719464695056,1.1317331760134153,-1.2100460077926969,1.4518214042361905,1.3683161119249674,1.2484378814697266,1.2080730152062813,1.105792696067308,1.2509460306294482
13.580079317092896,0.360548817334623,2.589871012453774,-1.3368459814467486,-1.613988134569016,1.5216165694774897,0.8336807182214035,-2.9590218549678378,1.3876399227211238,1.4295648946200867,1.366740839033763,1.2484378814697266,1.193028803331906,1.0946347022468306,1.2505301344171615
13.59998893737793,0.36016543499444414,2.5729892227751403,-1.3424576455586963,-1.5898568753895153,1.5134186883261052,-0.2818569129701539,1.2120401511444108,-0.411754771513487,1.4134785018339933,1.3559594400489794,1.246673583984375,1.1780465573851862,1.08341906801803,1.2502352845645257
13.619893312454224,0.35992662425938016,2.581726820938711,-1.3473406864710233,-1.5711169576103023,1.543236196453233,-0.24532500485999886,0.9414974199080534,1.4980378943240715,1.3973921102710465,1.3451780413398868,1.246673583984375,1.1630014135710642,1.0720540407986727,1.2500583261625695
13.640099048614502,0.3508230641914761,2.591864974072537,-1.3253610915228125,-1.577143370514262,1.572832098395886,1.0877898619412705,-0.29825257818651757,1.4647277242407168,1.373262521391735,1.3290059433513333,1.246673583984375,1.1476607206970204,1.060361969687994,1.2500000395108868
13.660083532333374,0.36029859173573575,2.6058509989989362,-1.354694503107674,-1.5651911595303503,1.5828578162177562,-1.4678093263505716,0.5980745438334608,0.5016750976860459,1.3652193263538255,1.3236152450729466,1.246673583984375,1.1324212154863849,1.0486450219110686,1.250063444986276
13.680023908615112,0.3512945382137827,2.6163650910902043,-1.33223532749784,-1.5711811042612989,1.6130422374055866,1.1263165394929127,-0.30039276322153924,1.513733781216243,1.3410897377382898,1.307443146700645,1.246673583984375,1.1171497253667373,1.0368032547342727,1.250247421458865
13.70008397102356,0.35185702194487034,2.578138260755191,-1.3372924876268826,-1.5425698407541095,1.574459901204964,-0.25210091703966964,1.426279885108492,-1.9233407860374152,1.3250033449042278,1.2966617476828894,1.247976303100586,1.1017210348244777,1.0247394699517351,1.2505548241620272
13.72025465965271,0.35270104844839856,2.567601516326782,-1.3424275244179427,-1.5171357708030384,1.5775819919353087,-0.254579151236265,1.2609420738523602,0.15478354694507748,1.3089169540848447,1.2858803500499563,1.247976303100586,1.0861415510044643,1.0124574583668153,1.2509882231863487
13.74012303352356,0.35341708457036436,2.6019431016691206,-1.3446956948673412,-1.5404150857686405,1.6090440503805834,-0.11415984338438166,-1.1716769131145117,1.583524582826332,1.2928305609870068,1.2750989514159492,1.247976303100586,1.0707316031467657,1.0002116900416982,1.25153750046371
13.76000189781189,0.35430447297919454,2.5781997757360116,-1.349445760084711,-1.5157296051325413,1.5901804892273605,-0.23895053301200375,1.2417953197955511,-0.948925495924671,1.2767441684167204,1.2643175520144454,1.247976303100586,1.0552506712361116,0.9878137109479226,1.2522090510528643
13.779946088790894,0.3554173667270528,2.613854314109461,-1.3520796013302907,-1.5398342225968624,1.622660067289104,-0.1320605708375188,-1.2086034219035047,1.628523217408825,1.2606577773335614,1.2535361547652606,1.247976303100586,1.039656309601886,0.9752295611391151,1.2530057937158554
13.799901247024536,0.3474592927344241,2.557497577649539,-1.3321330942544054,-1.4909760097409912,1.5947431822247349,0.9995664700998115,2.4484001722171627,-1.3989808919331872,1.2365281884542503,1.2373640567767072,1.252389907836914,1.023991266712883,0.9624938042897268,1.2539265606779106
13.81988787651062,0.34893982563287484,2.5683378965575594,-1.336816113661722,-1.4741889239280326,1.6235914651524839,-0.23430761102452335,0.8399157959398259,1.4433790823928105,1.2204417966275278,1.2265826584513628,1.252389907836914,1.0082398934100678,0.9495940625600253,1.2549729157219511
13.840053081512451,0.3507612572646986,2.6063014250972714,-1.3401154061096374,-1.4996976714221275,1.6576503585203717,-0.16361313696616503,-1.2649882553526566,1.68899316246947,1.2043554035296897,1.2158012598173558,1.252389907836914,0.9922859910663113,0.9364343855109902,1.2561546701987276
13.860167026519775,0.35269546560210974,2.6131489229585676,-1.3452267078196656,-1.485172533535057,1.6772522004043535,-0.25411731553243033,0.7221426667807542,0.9745398964173412,1.1882690103838836,1.2050198611503768,1.252389907836914,0.9763114307683227,0.9231646255022508,1.2574596255353152
13.880171537399292,0.345571540071212,2.5673926268236684,-1.3250177597243633,-1.454552688973332,1.6492753898861208,1.0102195558300304,1.530646999876303,-1.398525097000962,1.1641394222481358,1.1888477642379829,1.252389907836914,0.960363822861166,0.9098261866661439,1.258882492144621
13.899969577789307,0.3474366632810407,2.5916635917884085,-1.3274160303857778,-1.479672789186123,1.662905677487036,-0.12113676981001148,-1.2688175050628028,0.6884665013508062,1.1480530294140738,1.1780663652202275,1.259206771850586,0.9445226050972406,0.8964884087490872,1.260413336730626
13.919952154159546,0.3497105979853246,2.60187428457783,-1.3416958054037953,-1.4705006366846889,1.675479046726393,-0.7146113070427111,0.4590075039119835,0.6292166238424974,1.1319666383788838,1.1672849680040147,1.259206771850586,0.9284758392395447,0.8828895918024998,1.2620820116815035
13.9400155544281,0.3522294177351828,2.65178069067677,-1.3649678550617552,-1.4968738356929818,1.7111903184953032,-1.1599255034768032,-1.3144929899857294,1.7799212142958885,1.1158802449693015,1.156503569720784,1.259206771850586,0.9123063580248489,0.8690990172359824,1.2638820775522572
13.95990538597107,0.3417739073730995,2.6266598191635,-1.3834253287384766,-1.4446623463910977,1.7024766871627461,-0.9279854199291218,2.6250342638191624,-0.43809477791366447,1.097920772224508,1.131125345725652,1.259206771850586,0.8962202583366291,0.8552939229571652,1.2657895275010624
13.979852437973022,0.3444626118352185,2.6766022345775826,-1.4063425247584114,-1.4708563319605634,1.7386724464180607,-1.1489014024574085,-1.3131757799047665,1.8145919132195811,1.0818343803498165,1.1203439473673358,1.259206771850586,0.8800322045544637,0.8413168896074834,1.267824998726338
14.000012159347534,0.3473709766393038,2.6665216842736448,-1.4317933599495027,-1.460309354884946,1.711082188307032,-1.2624596698677244,0.5231707760084519,-1.3685833052192682,1.065747989002882,1.1095625505018996,1.269460678100586,0.8636157352288764,0.8270579493964882,1.2700063427019008
14.0199556350708,0.3503175313403249,2.708022195485612,-1.4568323905833522,-1.4596377425882632,1.755129983050186,-1.2554998427199064,0.03367578981728127,2.208631802919226,1.049661594849736,1.0987811511425094,1.269460678100586,0.8473208266800787,0.8128220618470838,1.2722865496870703
14.040009498596191,0.3445328792332487,2.7371482208713194,-1.4554881349598252,-1.470121828629789,1.7922824780141116,0.06703225150729851,-0.5227963194349915,1.8526352748379835,1.0255320064022444,1.082609054580892,1.269460678100586,0.8308819351637837,0.7983788830506798,1.2747013108410796
14.060038328170776,0.3479131865118003,2.8231842570999737,-1.4806227937577139,-1.4728523147130372,1.8996924885851079,-1.2549239936507632,-0.13632779055212463,5.362770209363173,1.009445614311746,1.071827656639296,1.269460678100586,0.8144105220206774,0.7838268438737191,1.2772343497026202
14.080069780349731,0.3514593272146686,2.8802001556266292,-1.5038909795259496,-1.5101234273194333,1.9373673096326232,-1.1615825732635183,-1.860629587581915,1.8807833157047011,0.993359221957472,1.0610462590814485,1.269460678100586,0.7978847841852592,0.7691478669477271,1.2798881194729008
14.100156307220459,0.35499864904029527,2.928288774684683,-1.5323659638479266,-1.5374387601510229,1.9654545936169634,-1.4176161217534347,-1.3598833191713562,1.3983146098428967,0.97727282854789,1.050264860798218,1.2792778015136719,0.7812621007615919,0.7543048396462821,1.2826691571225992
14.11989426612854,0.3495830295368159,2.954703243836147,-1.5355369795697251,-1.549466708616464,1.9928748988330898,-0.16065570592004308,-0.6093815739233625,1.3892168558979032,0.9531432390930589,1.034092763544189,1.2792778015136719,0.7648783865747002,0.73960048882366,1.285517991920019
14.140045881271362,0.353690471669061,3.018188437480479,-1.5591575339921335,-1.597551679483579,2.0313340098850365,-1.1721419973039593,-2.3861596465751362,1.90848777030388,0.9370568480099,1.0233113662950044,1.2792778015136719,0.748101777499339,0.7244684860480657,1.288544084670666
14.159992456436157,0.34893076836077486,3.0161863191793956,-1.561085023885742,-1.6107703324907907,2.0163859740069885,-0.09663262378047432,-0.6627028899949862,-0.7494036321799675,0.9129272582433244,1.0071392693917522,1.2792778015136719,0.7314473299397339,0.7093733939050622,1.2916552054179378
14.180095911026001,0.36211754300931054,3.101632391227091,-1.6091835803620582,-1.6753897134890705,2.0551693368034765,-2.392551800555486,-3.214342127592611,1.9291889671579778,0.9048840619342996,1.0017485708047027,1.2792778015136719,0.7146140400653234,0.6940438580689507,1.2949060929521983
14.200085639953613,0.3573935565833717,3.0853237851227595,-1.6084848881475757,-1.6852139544411626,2.0228823869424275,0.034952560738198274,-0.4914644409470528,-1.6151769730328962,0.8807544724794683,0.9855764735506739,1.2888774871826172,0.6978292074881107,0.678687862069001,1.298252019597845
14.21993374824524,0.3617519270385184,3.2126602237207034,-1.6293274988411437,-1.716111347259289,2.17288735520393,-1.0501056517492688,-1.5566920718163453,7.557645598134431,0.8646680790698863,0.9747950752674432,1.2888774871826172,0.6811180718702319,0.6633310710278443,1.301684736540829
14.240447759628296,0.3583303075069899,3.257574623948277,-1.6293621502340696,-1.7494273227174029,2.212798105681173,-0.0016891573412370574,-1.6240595189310876,1.9455361378129499,0.8405384913659584,0.9586229797819854,1.2888774871826172,0.6638001019104971,0.6473467106222868,1.3053467078309209
14.260155439376831,0.3628764587080003,3.441679846844562,-1.653795372627787,-1.7843350079150668,2.4343930687503335,-1.2397817858560167,-1.7712732114118406,11.244091942666733,0.8244520966852611,0.9478415811900918,1.2888774871826172,0.647119272011258,0.6318849600575711,1.308972440283311
14.28016185760498,0.36791094259814544,3.5052147189176477,-1.6766044047517061,-1.8322085097169554,2.473568247007726,-1.140085739676601,-2.392907178883705,1.958130526446376,0.8083657055541338,0.9370601839079352,1.2888774871826172,0.6301431406667688,0.6160853632399677,1.3127593536421491
14.300007581710815,0.37260475636722706,3.567466022248669,-1.7062044894291435,-1.8700680685314333,2.513667734448945,-1.4915094314313508,-1.9076934967238899,2.0205605614273936,0.7922793119287446,0.9262787860414248,1.2935409545898438,0.6132619866423371,0.6003118163340908,1.3166198708252137
14.320055961608887,0.36942640670988885,3.5945295658105927,-1.7087629373396425,-1.8887713001681345,2.536398036413461,-0.12761369863831756,-0.932904889661463,1.133772508306393,0.7681497229057328,0.9101066902143322,1.2935409545898438,0.5961676843350301,0.5842775884285525,1.3206231408590048
14.340049028396606,0.3748938147420433,3.6581425095048097,-1.7313133828022718,-1.9365588433252912,2.5757135781593634,-1.1279132762403605,-2.3902057480500685,1.9664587811036185,0.7520633292323752,0.8993252923148498,1.2935409545898438,0.5790807062996939,0.5681902045243497,1.3247168768560582
14.360021591186523,0.37207514294117877,3.6571651395289915,-1.729254786038653,-1.950572422404865,2.5651124668719962,0.1030712375408391,-0.7016415082519384,-0.5307837255977524,0.7279337395137682,0.8831531954445695,1.2935409545898438,0.5619725649572802,0.5520246088994114,1.3289056220863054
14.380198955535889,0.3780818031377486,3.7217928055693106,-1.7522572393552478,-1.9989922032252916,2.6048735912053584,-1.140012784539847,-2.39970790942028,1.9705806786709021,0.7118473481668337,0.8723717985791333,1.2935409545898438,0.5446508297315628,0.5355996392357907,1.3332358759052672
14.400135278701782,0.38379336282601273,3.734203883302167,-1.7683198543030516,-2.017968863788341,2.5971378861599566,-0.8056959557759996,-0.9518636112156408,-0.38802064859361285,0.6957609542297002,0.8615904010633992,1.2950706481933594,0.5274993208662485,0.519280876650887,1.3376095431442447
14.420062780380249,0.38979879458485184,3.7739316313966698,-1.7813541503558996,-2.036999336593556,2.6305837854331027,-0.6540858088062573,-0.9549853821253848,1.6783789464831407,0.6796745615157134,0.8508090038233562,1.2950706481933594,0.5103200468071643,0.5028824651197498,1.342073544629251
14.440038442611694,0.38775763927666185,3.8168659195988615,-1.778728305758406,-2.0678865037069087,2.669913195269822,0.13145219252656581,-1.5462399571780314,1.9688663825526422,0.6555449715812993,0.8346369073697962,1.2950706481933594,0.49306485829252567,0.4863597984242837,1.3466386129353645
14.459962606430054,0.3940730130518827,3.837475584641707,-1.7884706621684399,-2.0804964032540045,2.6831187579626703,-0.4889719086256774,-0.6328947935810606,0.6627913127616435,0.639458577859973,0.823855509437342,1.2950706481933594,0.4758209109164251,0.4697978744072344,1.3512795856495055
14.479949712753296,0.39247902436274806,3.8803317504110963,-1.7856304895694326,-2.1111958537890683,2.7223795317538513,0.14210023967824406,-1.5359627371054008,1.9643050452744244,0.6153289898922694,0.8076834143356325,1.2950706481933594,0.4584902404150395,0.4531041176977596,1.3560207394397608
14.49997353553772,0.39269313598958033,3.8447130386746156,-1.8118136801440539,-2.0872932983256804,2.6725187043240983,-1.307601992711836,1.1937059032494628,-2.4900753450804007,0.605412710075077,0.787695890558686,1.299774169921875,0.4410964489123492,0.43630248640313246,1.3608539610708714
14.519996881484985,0.3913675376719878,3.8307971028984666,-1.793184033935284,-2.0703853113634545,2.678246091475785,0.9303962613358276,0.8444136662651476,0.28603546913539957,0.5812831220594048,0.7715237954240046,1.299774169921875,0.4236728747340311,0.4194266666201676,1.3657678921200016
14.540117263793945,0.3984401186173652,3.8940248200277647,-1.8152180959852078,-2.1175650728807995,2.717412505512448,-1.095111499949561,-2.3448740084990862,1.9466038684176241,0.5651967281222714,0.7607423979082706,1.299774169921875,0.40613560144932137,0.40239669704669045,1.3707843436956009
14.559980630874634,0.4053431764033182,3.8744251291080896,-1.8198234306914083,-2.10876735700131,2.693049014818798,-0.2318506569149544,0.44291160928313644,-1.226553916799759,0.5491103354082845,0.7499610006682276,1.299774169921875,0.3887946547672716,0.3855157899242395,1.37581140792478
14.580143213272095,0.41271669065325695,3.937529086323874,-1.841853761253623,-2.1558575240322146,2.7320300810708678,-1.0926343723207288,-2.3355226082961753,1.9333369845014807,0.5330239434858299,0.739179604537316,1.299774169921875,0.37116558411345857,0.36831389509129075,1.3809872464684314
14.600069999694824,0.41004253751061454,3.8727860032598493,-1.8174426082890074,-2.110749715863353,2.690745143933892,1.2250421340779272,2.2636770030018294,-2.0718311654047743,0.5088943511770241,0.7230075070167381,1.3096790313720703,0.35371712964639723,0.3512498801715583,1.3861720334612713
14.620049238204956,0.4095148551578334,3.8716543404636696,-1.7972027297122315,-2.077906979379909,2.7280161776262135,1.0130455455803224,1.6438432559273193,1.865488200334593,0.4847647628975763,0.706835412265805,1.3096790313720703,0.33619844231929075,0.3340806439512076,1.391436891443761
14.64022970199585,0.40946918641154617,3.9132573070699235,-1.7939615284843988,-2.107787213592955,2.766318464650828,0.16061083934529108,-1.480651511415175,1.8979884417670572,0.46063517233967366,0.6906633165137979,1.3096790313720703,0.3184798092010514,0.3166801012750805,1.3968192750667674
14.659996509552002,0.41684032092748696,3.9147027950591324,-1.7964796531498726,-2.0858975284866283,2.783269719253898,-0.1273915708604137,1.1073960751701417,0.8575615741143736,0.44454877962568684,0.6798819192737549,1.3096790313720703,0.30110256474813346,0.2995821266416102,1.4021512126601794
14.680189609527588,0.4171897247715336,3.9557879548135957,-1.7929361700112514,-2.1153500881525993,2.821157960530836,0.17547989872309658,-1.4585457260935646,1.876296424162023,0.4204191890677843,0.6637098235217478,1.3096790313720703,0.2833295683176221,0.28206315673432514,1.407656192320807
14.700093507766724,0.4157125744328921,3.8777419002691453,-1.8125612489619785,-2.0484813490824068,2.7486775231601612,-0.9859917245828534,3.3595800313484756,-3.641519691261349,0.4105029133516461,0.6437222997384332,1.3222923278808594,0.26579146227929823,0.26474624799154095,1.4131366599687514
14.720048189163208,0.41586748083295055,3.8366612193562646,-1.7781895341604643,-1.9846428887678431,2.760290545717555,1.7224887793783445,3.1991721163641693,0.5819698308708559,0.38637332274577507,0.6275502039534541,1.3222923278808594,0.24819025179930893,0.24733945337828428,1.4186820870112484
14.739943504333496,0.4237191404455862,3.875166087206684,-1.777979263557239,-2.008630496659846,2.796623941413154,0.010568850074787818,-1.2056912738847239,1.82622870683947,0.37028692849689737,0.6167688067884965,1.3222923278808594,0.23062428567860876,0.2299418123599457,1.4242586584136947
14.759948968887329,0.4168733905582622,3.7871968852220963,-1.706953209985201,-1.924705771702672,2.7793306170248235,3.550332629412972,4.195090033092679,-0.8644300331939583,0.33811414131822565,0.5952060128002163,1.3222923278808594,0.2129450472011425,0.21240791869821998,1.4299108243641747
14.780046701431274,0.4251828169957566,3.825770594502875,-1.7067082939860523,-1.9485847180721443,2.8154369176910716,0.01218625029530751,-1.1881413148104616,1.7965360314801062,0.32202774908402687,0.5844246170200812,1.3222923278808594,0.19516931565222245,0.1947558662538197,1.4356308933029462
14.799809694290161,0.4147987328935224,3.7078120840599302,-1.6708338975782495,-1.8349391687011132,2.754847143594502,1.8152309553495243,5.7504220227418,-3.065819763696603,0.3040682737972079,0.5590463946680002,1.339303970336914,0.17767620496416583,0.17736431841647338,1.4412933149494715
14.82009243965149,0.41601870131141144,3.6780868388697807,-1.6208572636196636,-1.7721274860072664,2.78580485651383,2.4639975046905276,3.0968037893729092,1.526307823119108,0.2799386829275611,0.5428742992667696,1.339303970336914,0.1597104752006895,0.15948399213081885,1.447140004675251
14.83999490737915,0.4170212999210573,3.695578709754958,-1.5947909461728262,-1.777671195069544,2.8202533503604466,1.3097027867860598,-0.27854380361952796,1.730865454374738,0.2558090930652537,0.5267022045579501,1.339303970336914,0.14207038633206995,0.14191098869516422,1.452908509741597
14.860013723373413,0.42546452811490537,3.6672900705114655,-1.5673074972153418,-1.7308409400412936,2.8278531275017698,1.372880841971927,2.3393119274222705,0.379631699672012,0.23972269903218318,0.5159208069762722,1.339303970336914,0.12431725094839177,0.12421046644034606,1.4587387071342428
14.88000226020813,0.41296447205879006,3.6613858488752395,-1.5352510837348083,-1.690963161334474,2.861711730982818,1.6037398707871775,1.9950324046509746,1.6939010474364171,0.2137200257097795,0.4851518882407161,1.339303970336914,0.10658226313691557,0.10651497795758633,1.4645846359837766
14.899988174438477,0.4157926332868499,3.543671794806409,-1.5064422961136665,-1.6436293932844241,2.7544008087636294,1.441454580916716,2.368356408643949,-5.369327666594672,0.19763363141293325,0.4743704910427866,1.3591594696044922,0.08884214394835076,0.08880317848582543,1.4704508602798676
14.919979333877563,0.4103154833838874,3.479968842938585,-1.429834170487963,-1.5716006826658537,2.7560530994472034,3.8321001770371885,3.6030281704291327,0.08265106826888248,0.16546084562545205,0.4528076991408816,1.3591594696044922,0.07109114741457002,0.07107118398974492,1.47633621202553
14.939974069595337,0.41888182045303374,3.513707139093202,-1.4274112113351365,-1.5917687699598366,2.7883520717531063,0.12117985388887326,-1.0086698608401892,1.6153738044755497,0.14937445132860577,0.44202630194295206,1.3591594696044922,0.05333199286869594,0.0533235648546841,1.4822367130701828
14.960101842880249,0.4069528149232065,3.2076210671789354,-1.3622849457320778,-1.479786973778184,2.498648264457862,3.2356418507494658,5.563546180520371,-14.393236807392293,0.12337177970872634,0.41125738042224147,1.3591594696044922,0.03545090314991021,0.03544842786856778,1.4881871574066132
14.980238676071167,0.40916988185915165,3.2222138634236375,-1.3349151453716692,-1.4826519648612155,2.5302977863069787,1.3591908966476818,-0.14227614917740775,1.5717228994771164,0.09924219054201425,0.3950852867566096,1.3591594696044922,0.017559242352975207,0.017558941573267074,1.4941474205048841
15.00002408027649,0.40092835158748524,2.9601629434398355,-1.260851870901369,-1.40848797766566,2.2779330166030363,3.743328855034322,3.7484191086480516,-12.755098004824,0.07511259804153944,0.3789131913645205,1.3927364349365234,-2.1398139967383106e-05,-2.1398139966838786e-05,1.5000071327133215
15.020154237747192,0.3955069381396392,2.9000813209698855,-1.217718958006388,-1.3315934769003537,2.2703504178489053,2.1427012162103223,3.819865834493172,-0.3766785612664196,0.05715312263495301,0.3535349706252922,1.3927364349365234,-0.017908365257223995,-0.017908046177509497,1.5059689232975875
15.040208578109741,0.39126335868386475,2.8784821728890884,-1.1645405881806359,-1.316042694071915,2.2798106205341098,2.651713736995408,0.7754322778663685,0.47172843953876464,0.02498033447308004,0.3319721776563692,1.3927364349365234,-0.0357267002044739,-0.03572416670037737,1.511904677920641
15.060054302215576,0.3997360155615782,2.833365887467248,-1.1278629575319676,-1.2873686803300148,2.258001169662156,1.8481376871446296,1.4448459319995046,-1.0989496153250167,0.008893941927137022,0.3211907822270105,1.3927364349365234,-0.05335719884830889,-0.05334875887817275,1.5177716690024483
15.080017328262329,0.3882403626497881,2.806102163788488,-1.0928296846747352,-1.242237213370945,2.2664464122560988,1.7549079370625158,2.2607527963632905,0.42304421054023533,-0.017108732834323057,0.2904218625022955,1.3927364349365234,-0.07108818604066289,-0.07106822511075758,1.523662805005699
15.100024938583374,0.3779622754445985,2.594411689575138,-1.033218089506506,-1.2010041685759376,2.054512443764668,2.979446031369724,2.060868046377159,-10.592667744458662,-0.04123832332011888,0.27424976849502886,1.435892105102539,-0.08885378873598268,-0.08881480794727134,1.529552995794772
15.120069026947021,0.3742792777835334,2.5253296631140167,-0.955663112567885,-1.153292955043431,2.033202715551946,3.8692194691815893,2.380313470331585,-1.0631427993188298,-0.07341111148199185,0.2526869755261058,1.435892105102539,-0.10664553160674764,-0.10657812650719944,1.5354362538915731
15.13998293876648,0.3767491636399029,2.517863975892198,-0.92510654582537,-1.1510863771111721,2.039317786024482,1.5344331650930605,0.11080585031529604,0.30707530132583233,-0.09754070227953193,0.23651488186961558,1.435892105102539,-0.12431429076238397,-0.12420751388445525,1.5412603188321108
15.16006350517273,0.36553453945866904,2.432251516797998,-0.8715691080391678,-1.0814716930055435,1.9966556308251295,2.6661318561979863,3.466768949503404,-2.124549394486902,-0.12354337565000681,0.20574596197089917,1.435892105102539,-0.142122179204156,-0.1419626071093651,1.5471084644383521
15.179941415786743,0.373822374851341,2.4398431834004435,-0.8649899262340655,-1.0944443559531396,2.0017039588364494,0.33097954472458835,-0.6526170279913914,0.2539667326887373,-0.139629770522373,0.19496456550749444,1.435892105102539,-0.1597404667752008,-0.1595138560291024,1.5528697803258302
15.200008392333984,0.35774416900595307,2.2638605616758603,-0.7972929116354125,-1.058399545796181,1.835532363437296,3.3735532823932006,1.7962252595503234,-8.280848637459464,-0.17180255830039498,0.17340177393253545,1.4877758026123047,-0.1775151410675732,-0.177204102424482,1.558654405306036
15.220043420791626,0.35135828242581935,2.280396100480903,-0.7826751916591762,-1.0223125466590623,1.8821538131601365,0.7296081464092412,1.8011953021885847,2.3269969304714695,-0.18976203399479272,0.14802355299547543,1.4877758026123047,-0.19524905890775002,-0.19483510215544597,1.5643948457734402
15.240006923675537,0.34879895364690083,2.253770313035084,-0.7257847874704051,-1.0004262234704548,1.8846390735595615,2.849720538504287,1.0963167794688977,0.12449019662916413,-0.2219348228281227,0.12646076069513326,1.4877758026123047,-0.2129060578191551,-0.21236922454895757,1.5700766687503651
15.260015726089478,0.35172137650475904,2.2649527428817913,-0.6986045147948436,-0.9979901030684539,1.9094445301116834,1.3584157668839063,0.12175243433378288,1.239727198007589,-0.24606441393740705,0.11028866738941942,1.4877758026123047,-0.2305882802726777,-0.22990612686642375,1.5757298698202424
15.280016660690308,0.3501869132616859,2.2388540731232123,-0.6409238403148094,-0.9749294422304193,1.9108105019412043,2.8838989592836506,1.1529791631375832,0.068295400029168,-0.2782372042576594,0.08872587519713473,1.4877758026123047,-0.248247480906506,-0.24739609312870176,1.5813360138232364
15.300016641616821,0.3381215355007127,2.097481037605091,-0.6635731725345312,-0.9657419332974115,1.7396665962408904,-1.1324676909914393,0.4593758847453725,-8.557203445800841,-0.28815348220407844,0.06873835270609482,1.5363521575927734,-0.2658885654509803,-0.2648422036721594,1.5868938102934091
15.319967985153198,0.33613495569816787,2.103424719317548,-0.6238370117743836,-0.957612777877489,1.765842773358453,1.9916533785154544,0.40744902242301556,1.312000721647442,-0.32032627151699133,0.04717556120622135,1.5363521575927734,-0.28346833512730024,-0.2822000590851654,1.5923869835938147
15.340104579925537,0.3391191009692929,2.0888512075843857,-0.590062535518821,-0.9493792209632679,1.7645975933359495,1.6772685072829523,0.4088852662184645,-0.06183667281292187,-0.34445586368158365,0.03100346717512434,1.5363521575927734,-0.3011914994061081,-0.29966971137506376,1.5978762050342077
15.360054016113281,0.3381467513918548,2.083206670098166,-0.5568441594588687,-0.9465621161158633,1.7702244978398345,1.6651285654057708,0.14121225386486277,0.28205832239719636,-0.37662865309043364,0.009440675609306975,1.5363521575927734,-0.31872905716436123,-0.3169251124538184,1.603256825967989
15.379926443099976,0.33140163475599843,2.0596712406346622,-0.5406522788018335,-0.9081128405466368,1.767843828441368,0.8147913019318919,1.9348052250975873,-0.1197976170731673,-0.3945881309192778,-0.015937545099722922,1.5363521575927734,-0.33617709231344806,-0.33405969823924,1.6085566572435162
15.399930715560913,0.3233468699761389,1.9673635175557622,-0.5212496906914874,-0.9170191015950632,1.6606908012851742,0.9699222077800482,-0.44521794360768313,-5.356507084445703,-0.42676091826548024,-0.0375003352477459,1.5859222412109375,-0.3537177417365698,-0.35125047942335574,1.613828149469163
15.420066356658936,0.3297663649157193,2.055582342509619,-0.5481188785762823,-0.9547963315559405,1.735899889692067,-1.334409356721883,-1.876137430984873,3.735122613715991,-0.4428473138093035,-0.048281731042569775,1.5859222412109375,-0.37134894850003736,-0.36849302006184353,1.6190669175926011
15.439980030059814,0.3294412008115433,2.0226216099601557,-0.4871935946820747,-0.9261393762660962,1.730868693491224,3.059469876186611,1.4390592189073186,-0.2526503322395986,-0.4750201031701849,-0.06984452257541518,1.5859222412109375,-0.38876028661060696,-0.38548229367738196,1.6241785647802771
15.459950923919678,0.33564772845778906,2.0904939594434535,-0.519300331480967,-0.9670296951889996,1.7791418517970947,-1.6076765028239006,-2.047495680956132,2.417175647950748,-0.49110649866603956,-0.08062591833726707,1.5859222412109375,-0.40619506246494796,-0.4024545105298914,1.6292327811343228
15.480045318603516,0.3360230809793612,2.0570862346647196,-0.4579348002135215,-0.9374260923745519,1.7728879877013815,3.053863141087915,1.4732269013436963,-0.3112243087741931,-0.5232792873313258,-0.10218870882692485,1.5859222412109375,-0.42370963529739236,-0.41946231807220613,1.634242549790005
15.500107526779175,0.3248403843870652,1.9511690928614345,-0.49133036668059027,-0.9377764957823171,1.638972404793158,-1.6646007346083922,-0.017465844472215084,-6.675017113554771,-0.5412387638171532,-0.12756692974292816,1.627035140991211,-0.4411669472724118,-0.4363706773832337,1.6391657759900229
15.519920825958252,0.3276777806587657,1.9985200889117924,-0.5080921491693126,-0.9670521412514793,1.6735396827794184,-0.8459864426022868,-1.4775755014125695,1.7446502813001243,-0.5653683562934898,-0.1437390234232488,1.627035140991211,-0.4583778801407158,-0.45299573199336046,1.6439482765502338
15.539945602416992,0.3307450282277656,1.9744231876747238,-0.4701472285725403,-0.9517005861101263,1.6648046437617896,1.8948985860069554,0.7666280406667157,-0.43621156199305544,-0.5894979489856336,-0.15991111668684904,1.627035140991211,-0.4757413916884891,-0.4697213872827908,1.648698834179499
15.56001591682434,0.3339420543870893,2.003631341125663,-0.4913433915876425,-0.9828952192951054,1.6754215023602277,-1.0560952152967436,-1.5542672900807832,0.5289831730065365,-0.6136275417737144,-0.17608321001639327,1.627035140991211,-0.49311185835573157,-0.48640487206575655,1.6533739299057952
15.579952716827393,0.33717720074389806,1.9779033101302042,-0.4524373496571308,-0.9660688561319443,1.6655668446721572,1.9514687374381203,0.8439851511067709,-0.4942948560732921,-0.6377571327629235,-0.19225530154439469,1.627035140991211,-0.510333403520819,-0.5028952349426138,1.6579299578036766
15.599955320358276,0.33872554124862325,1.9451840578844384,-0.49053485271700814,-1.0091661984778084,1.5889305086024126,-1.9046272152050234,-2.1545866406501712,-3.831318055743044,-0.6618867255030357,-0.20842739484096695,1.6668682098388672,-0.5275773156429899,-0.5193552061687275,1.6624105355408174
15.619953155517578,0.34168054311135043,2.0243953794126317,-0.51298524505324,-1.0395858785931287,1.6596035645824072,-1.1226411337723858,-1.5211486579921578,3.5340353301753207,-0.6860163164922447,-0.22459948636896843,1.6668682098388672,-0.5447815114809023,-0.5357237675508374,1.6667971229848122
15.639910221099854,0.3447236581515851,1.9947991016472595,-0.47289361503188254,-1.0207794060413946,1.6473021850882639,2.0088940358528595,0.9423465826778057,-0.6163921967099537,-0.7101459115108117,-0.24077158066661472,1.6668682098388672,-0.56191407314702,-0.5519692416584077,1.671079905214699
15.65989899635315,0.34924186147584574,2.0669959761169743,-0.5227609822539006,-1.0685392930964506,1.6903896295900653,-2.494768518336085,-2.3893353369502193,2.1555820181977827,-0.7262323049919874,-0.25155297504364416,1.6668682098388672,-0.5790362087593094,-0.5681482333601946,1.6752723440864086
15.679954767227173,0.3511432164452497,2.021443809076185,-0.45738014835725704,-1.0320130119869106,1.6768982128414454,3.2599511785072215,1.8212354608044192,-0.6726949980314285,-0.7584050955518773,-0.273115765140412,1.6668682098388672,-0.5961768252778331,-0.5842861787260072,1.6793790246954945
15.700000286102295,0.35549654082556265,1.9007299919931926,-0.5177671128193779,-1.0850037287524366,1.472229135677744,-3.012491960837464,-2.643519336947232,-10.21021598087493,-0.7744914903041682,-0.2838971598261043,1.6995925903320312,-0.6132686873611439,-0.6003180895011709,1.683381680002804
15.720010995864868,0.358385067033926,1.9057667773436218,-0.5446972139607626,-1.1141053544914885,1.447073327037532,-1.3457844054963541,-1.4543025252148616,-1.2571172606411873,-0.7986210830442806,-0.30006925312267657,1.6995925903320312,-0.6302899638613266,-0.6162222829680326,1.6872738116942276
15.739907264709473,0.36133492309977183,1.8691904867352258,-0.5025782094111242,-1.0918942611632896,1.4314521094207981,2.116929806216424,1.1163446524408105,-0.7851330185945915,-0.8227506753046048,-0.31624134495934086,1.6995925903320312,-0.6471723617236239,-0.6319342698489516,1.6910392502698477
15.759879350662231,0.3643968925230146,1.894342388411101,-0.5251675670853563,-1.1152260848087354,1.4384028958448676,-1.1310464879664597,-1.1682216720193395,0.34802506060261096,-0.8468802683564614,-0.33241343790513667,1.6995925903320312,-0.6640764916209838,-0.6476023650544146,1.6947125601925446
15.780023574829102,0.3681706794688717,1.8727058350522363,-0.5073724172019106,-1.1085659328205475,1.4215069284006652,0.8833872049891192,0.3306234051516086,-0.8387499714181148,-0.8629666633725279,-0.3431948322070806,1.6995925903320312,-0.6810821130241036,-0.663297954341252,1.69830776930252
15.800052165985107,0.3726247065447281,1.8677095750101278,-0.5412534090362224,-1.1381029596442835,1.3784431279672376,-1.6916313069854698,-1.4747431106695164,-2.150116306134409,-0.8870962566881602,-0.35936692476912807,1.733978271484375,-0.6979450707842714,-0.6787940997593762,1.7017714294093336
15.820002555847168,0.3648963276500963,1.9501595612210365,-0.5989855300840571,-1.1406381261291425,1.4639956674090076,-2.893784103819607,-0.12707353101304872,4.288264040617291,-0.8970125385917278,-0.3793544471548841,1.733978271484375,-0.7146965857041563,-0.6941192041983395,1.7051101059971514
15.839842796325684,0.3675814405188387,1.9078088591199935,-0.555070969176462,-1.114926628589631,1.445188387365465,2.213408701126821,1.2959267085171464,-0.9479360930079658,-0.9211421298926812,-0.3955265383321091,1.733978271484375,-0.7313095436382203,-0.7092482090840785,1.7083186161780364
15.85998821258545,0.3818671932271887,1.9902681783543898,-0.5756459265661914,-1.1728904329026384,1.5013751101584554,-1.0213220280199233,-2.87727012267165,2.789057424700943,-0.94339863977215,-0.39710180631881176,1.733978271484375,-0.748130191181362,-0.7244941774913597,1.7114611325414613
15.880013942718506,0.38460729283443773,1.946942627931012,-0.5311863586240944,-1.1462635343798377,1.48138670124233,2.2201221951307164,1.329634342712299,-0.9981363367685788,-0.9675282320324743,-0.4132738981554761,1.733978271484375,-0.7648021110032449,-0.7395318609460458,1.7144684977895213
15.89996075630188,0.38965102209816793,1.9158721953310958,-0.5729550033313638,-1.175247938836894,1.4003860593636248,-2.0940008554591545,-1.4530844405752674,-4.060831146796326,-0.9836146280558802,-0.42405529314983126,1.759756088256836,-0.7813590786325643,-0.7543916580376029,1.717347388885686
15.920169591903687,0.3922138377678686,2.012956022156078,-0.5807021363489372,-1.1829276400856858,1.5216632920247208,-0.383353755269342,-0.3800170084072217,6.001198438679665,-1.0077442195726407,-0.4402273839103359,1.759756088256836,-0.7980825950126946,-0.7693240327702514,1.7201443042442766
15.94012188911438,0.3949860448296032,1.983341358787519,-0.5597574514386798,-1.1708115673354018,1.4998382628902411,1.0497380170856785,0.6072520182683762,-1.093860466492182,-1.0238306166993234,-0.45100877966304626,1.759756088256836,-0.8145425130109296,-0.7839437689087752,1.7227863952557327
15.95995044708252,0.39748941911018026,2.0407435061353043,-0.5704531165439746,-1.1804610962794932,1.5638826362068536,-0.539407107792732,-0.48664804367499703,3.229905746021392,-1.0479602092234233,-0.4671808711159622,1.759756088256836,-0.8308490342304478,-0.7983498954831307,1.7252937421757024
15.980283975601196,0.40019522111398176,2.0095730840003507,-0.5493133683100898,-1.1674145670911016,1.540708289027485,1.039649769319057,0.6416264238844804,-1.1397110520233862,-1.06404660423949,-0.4779622654179061,1.759756088256836,-0.8475170078565254,-0.8129939355593525,1.7277415775635239
16.000150442123413,0.40442849295255734,2.0132736459263327,-0.575432926896042,-1.190406828752854,1.5182487615947318,-1.314756127202716,-1.1573402666266794,-1.1305245151490138,-1.088176197818898,-0.49413435759620516,1.7777557373046875,-0.8637484057330396,-0.8271735206752293,1.7300117543647755
16.02001190185547,0.40682812536099483,2.0696267442954164,-0.6052480153299132,-1.2179676590606172,1.559995026314009,-1.5011529281380465,-1.3876538119341286,2.101872937964388,-1.1042625930987402,-0.5049157515144007,1.7777557373046875,-0.8799219628926584,-0.8412214188077524,1.7321607444891065
16.03992462158203,0.4092430853511015,2.0188970826786403,-0.5577269199951489,-1.1859953506793919,1.535676118629158,2.3864693516161806,1.605622377066654,-1.2212750452370793,-1.1283921857187773,-0.5210878430332606,1.7777557373046875,-0.8960825417675835,-0.8551753709332387,1.7341936444183272
16.05988597869873,0.4115256759124016,2.052924497210765,-0.5854787446557882,-1.2141676963605377,1.548389626650508,-1.39027744949379,-1.411344204526928,0.6369059952699317,-1.1444785807348439,-0.5318692373352045,1.7777557373046875,-0.9122268266455194,-0.8690309720244163,1.7361087768039198
16.079925537109375,0.4139638110167694,2.000837869644405,-0.5373882949611732,-1.1809976046929003,1.523092465594757,2.3997759186684706,1.6552306686567628,-1.2623612026457438,-1.168608174530059,-0.5480413290967833,1.7777557373046875,-0.9283774370687223,-0.8828059314876315,1.73790739234022
16.099944353103638,0.4171556562105508,1.9855481484254995,-0.5878947928500359,-1.22658455492274,1.4464686280319827,-2.52295130258141,-2.277205117570632,-3.8275908817351842,-1.1766513733092074,-0.5534320265564181,1.7891311645507812,-0.9444536070101672,-0.8964301246561085,1.7395797414209988
16.120066165924072,0.41937126193621566,1.990343712120046,-0.5824201645371834,-1.2362243927066316,1.4470674121109233,0.2720743086971161,-0.4790740213079547,0.029757958901816668,-1.2007809661930202,-0.5696041176915296,1.7891311645507812,-0.9605536389448344,-0.909985475270312,1.741135143944984
16.13994312286377,0.421358048535677,1.952426534724942,-0.5578606836244726,-1.2176250087058762,1.4206161231444954,1.2355754951434137,0.935725929134036,-1.3307514347732325,-1.2168673622643946,-0.5803855127188567,1.7891311645507812,-0.9763990140160586,-0.9232376297694553,1.7425478586308112
16.160139799118042,0.42359546293305445,1.940860682327414,-0.5491438009899976,-1.2265304419110046,1.4003586501694087,0.4315998595378294,-0.4409355823211008,-1.003010233963685,-1.2409969540449308,-0.596557603095613,1.7891311645507812,-0.9924389095227522,-0.9365609649368265,1.7438572354364201
16.180023193359375,0.43620722995277,1.9320022876967782,-0.529620865708472,-1.2516025666069457,1.3731808306026922,0.9818713567999322,-1.2609579829092723,-1.3668601666721498,-1.2552102686705804,-0.5927421720904609,1.7891311645507812,-1.0081697108810457,-0.9495363780571497,1.7450221534679613
16.20012354850769,0.43951318726812966,1.7883117393190888,-0.5318623285295814,-1.2749603884614136,1.1356308151559984,-0.11151359289774673,-1.162060156754268,-11.81819991208476,-1.279339861458456,-0.6089142631596285,1.8003807067871094,-1.024010835865624,-0.9625097725061591,1.746074664375859
16.219982385635376,0.4412136277572429,1.7977357778717407,-0.5337878745668134,-1.2871217681476372,1.1358881925462807,-0.09696167126259443,-0.6123913302692469,0.012960345493920956,-1.2954262567862669,-0.619695657110796,1.8003807067871094,-1.039600283429659,-0.9751841794294023,1.7469911275175107
16.239947080612183,0.4428578826816397,1.7566645773939293,-0.5075802981119394,-1.26566407958075,1.1073965487115265,1.312696060987652,1.0747816879654382,-1.4271013841109768,-1.3115126520661091,-0.6304770510289917,1.8003807067871094,-1.0552108421104955,-0.9877816912495982,1.7477890673035905
16.25991940498352,0.444438550764111,1.7816291919421094,-0.5087093651078182,-1.271202494737833,1.1399392864552937,-0.05653157714077058,-0.27730448665410873,1.6293916090442162,-1.3275990486170666,-0.64125844525585,1.8003807067871094,-1.0707645253040592,-1.0002379542049238,1.7484638001519353
16.280018091201782,0.4463465885022555,1.7206098346874479,-0.45727382753791557,-1.232022968722311,1.1106386696008088,2.559149240469665,1.9493575644722232,-1.4578374196350363,-1.3517286426760575,-0.6574305366336803,1.8003807067871094,-1.0863525837941082,-1.0126244906136925,1.7490184687524313
16.29991054534912,0.4601129000754989,1.7361793459695116,-0.4643152052578289,-1.2788700917273463,1.0785274220077994,-0.3539722986293915,-2.3550197807696027,-1.6142426346778909,-1.3659419528648726,-0.6536151054040926,1.8139286041259766,-1.1017167565504602,-1.0247361109504858,1.7494450737423954
16.31997299194336,0.46185020629084755,1.7487555016893883,-0.4394806148152338,-1.2611265539629675,1.128965193785893,1.237864501018898,0.8844154515768093,2.514038930455217,-1.390071545916524,-0.6697871960895118,1.8139286041259766,-1.1171473319266982,-1.0368013910482463,1.749752540303659
16.339912176132202,0.4627802741446681,1.7229804007417526,-0.43624965298745827,-1.253378546522168,1.0988129598464473,0.16204082359515357,0.38858196842049814,-1.5122100108949212,-1.3981147446956728,-0.6751778935491466,1.8139286041259766,-1.132417883893658,-1.0486424494172455,1.749936527994532
16.360203981399536,0.4643884138109557,1.720824701543417,-0.4124651973344514,-1.2342543734467126,1.1259335042787852,1.1721212252758695,0.9424579441555053,1.336526941543093,-1.4222443387546633,-0.6913499849269771,1.8139286041259766,-1.1478913265783564,-1.0605384954807806,1.7499999934207007
16.38023328781128,0.46555824097847665,1.6756619062222287,-0.3839457104164968,-1.2087640781995326,1.0951337446501768,1.4238878936533563,1.272649922227717,-1.5377347071065133,-1.4383307343462501,-0.7021313784943961,1.8139286041259766,-1.1630974259279188,-1.072126889482224,1.7499409214915105
16.40000057220459,0.4788071635474349,1.7163433498314056,-0.372011207573118,-1.2391598365525085,1.1277965487735993,0.6037502474248576,-1.537680024640216,1.6523667830911521,-1.4605872444414234,-0.7037066449341901,1.8221912384033203,-1.178038650070265,-1.0834131216482272,1.7497648397310466
16.420053482055664,0.47984847601507374,1.759922525897225,-0.3706054070191991,-1.236304141826012,1.196466045632909,0.07010456658705896,0.14240799702910087,3.424415577055577,-1.4766736389297335,-0.7144880377432543,1.8221912384033203,-1.193128503107885,-1.094708992639429,1.7494675053885778
16.440025329589844,0.4808260246428939,1.713349176823655,-0.3409995749263065,-1.209226721672732,1.1649272197073053,1.4823782347739916,1.355779434373302,-1.5791641645385293,-1.4927600344733514,-0.7252694312777015,1.8221912384033203,-1.2080894189844615,-1.1058048048950235,1.7490534501062258
16.460045099258423,0.4817404756517472,1.74120651186735,-0.3394426378351654,-1.2079262562360098,1.2072667360962228,0.07776998022033857,0.06495906088086535,2.114885290382193,-1.5088464308085017,-0.7360508259212801,1.8221912384033203,-1.2230177590067484,-1.1167719731839232,1.7485212697306372
16.479971647262573,0.48259353838129176,1.6937635998493186,-0.30918264005472473,-1.1796927497276444,1.175400460908257,1.5185770146509046,1.4168789547735425,-1.5991869329965567,-1.5249328275752665,-0.7468322197314182,1.8221912384033203,-1.2378080096503554,-1.1275330588540042,1.7478761436356967
16.49999737739563,0.4944580680576956,1.6996908387457699,-0.2888938911137622,-1.2094160785872048,1.1587933447548773,1.0131340433611329,-1.4842569365546312,-0.8292889219537676,-1.5471893368789074,-0.7484074850620807,1.8231124877929688,-1.2526025718944334,-1.1381913721385097,1.7471128803010836
16.520052909851074,0.49518476910081366,1.7137217523475343,-0.28583584895914493,-1.2102869838625092,1.17912913992145,0.15247873181183486,-0.043424689782694086,1.0139743341021288,-1.5632757331181206,-0.7591888796397155,1.8231124877929688,-1.2673490699834051,-1.1487079284496318,1.7462341669892674
16.540133953094482,0.49585090837373846,1.6652215802846704,-0.2546895838770169,-1.1805492105646047,1.1464727160929802,1.5510282361625856,1.4808878671015369,-1.626231437910462,-1.5793621289255144,-0.7699702727904143,1.8231124877929688,-1.2820436435717937,-1.159079335373678,1.7452409331815142
16.559998750686646,0.49646569519707845,1.6646827441569458,-0.2511785496530159,-1.1823276856933176,1.144630603527265,0.1767465390830942,-0.08952898314023125,-0.09273251122587976,-1.5954485236776001,-0.78075166521573,1.8231124877929688,-1.2965099160043683,-1.1691824887304567,1.7441479977130652
16.579906463623047,0.507939721922279,1.6335538605081685,-0.20025933859545464,-1.1798043445020236,1.1119604854402885,2.557762974593389,0.12675193777181676,-1.6410784197736306,-1.617705033940612,-0.7823269312058316,1.8231124877929688,-1.3109372453170833,-1.1791509110958083,1.7429438283692795
16.599989652633667,0.5077333279460617,1.6671394364523486,-0.20251539560301446,-1.1890606307289475,1.1508589103660303,-0.11233559602346034,-0.4608972321093572,1.9368649523326236,-1.6337914307073769,-0.7931083250159698,1.8186397552490234,-1.325420217303915,-1.1890480659205376,1.7416199615354377
16.619983673095703,0.50816409878842,1.6982424850915656,-0.19712464714229583,-1.1888921964338006,1.1965386566750842,0.26961803259901496,0.008424233408519236,2.284670379116038,-1.6498778264188334,-0.8038897181007245,1.8186397552490234,-1.3397670863469167,-1.198742133535959,1.7401945500771574
16.640170097351074,0.5085331919153454,1.6484656343041373,-0.16441501874848907,-1.1565327501471427,1.1631159215352367,1.620377535912709,1.6030301294221463,-1.6557035915340264,-1.6659642229697909,-0.8146711123275829,1.8186397552490234,-1.354179091923113,-1.2083681816459602,1.7386481497648465
16.660284280776978,0.5197611537859583,1.6816417675010553,-0.14043626206761084,-1.1850257973727987,1.1848673132724665,1.1921317496785906,-1.4165649493363075,1.0813957134952892,-1.6882207318657505,-0.816246377943078,1.8186397552490234,-1.368466226720907,-1.2177982742520115,1.7370016024331594
16.680269479751587,0.5200370350582196,1.6321839326181633,-0.10683560544391124,-1.1517301019235657,1.151576448017872,1.6812770624094497,1.6660177109837222,-1.6657760223898472,-1.7043071268336434,-0.8270277699516733,1.8186397552490234,-1.3825889512010556,-1.2270080153683476,1.7352626806049682
16.700098752975464,0.5189906240675725,1.6299229646666522,-0.10384690078403624,-1.151458548238556,1.1489159689174995,0.15072184573442754,0.013694585875329313,-0.13416926935925413,-1.7203935233846008,-0.8378091641785317,1.8103580474853516,-1.396529479891918,-1.2359882376766134,1.7334374739641716
16.72021460533142,0.5300498402368404,1.6518761052625417,-0.0810818342574589,-1.1769208672987423,1.1562775079571366,1.1316978333178,-1.2657837515220205,0.3659571023574888,-1.742650032136655,-0.8393844296951107,1.8103580474853516,-1.4105980688965911,-1.2449377607248284,1.7314858563517228
16.74009919166565,0.530173339521666,1.602508956819116,-0.046376985376767155,-1.1421855846639988,1.1230744508262194,1.7453140989386458,1.7468446187865458,-1.6697886781664053,-1.7587364289034197,-0.8501658235052489,1.8103580474853516,-1.4244318048652689,-1.2536253421999626,1.7294593141151908
16.760165214538574,0.530245814006518,1.5904172283905083,-0.04396631370896159,-1.1382485139549403,1.1099028084024118,0.12013699391613356,0.19620583181786247,-0.6564152003225362,-1.7748228256701843,-0.8609472173153869,1.8103580474853516,-1.4383179736037666,-1.262231939498906,1.7273178189856118
16.780071020126343,0.5293059749344675,1.5531834923349825,-0.03344359063579194,-1.119057582798341,1.07655497467097,0.5286258336430004,0.9640871388993861,-1.6752817957758523,-1.7828660237057692,-0.8663379136988623,1.8103580474853516,-1.4520196727160017,-1.2706106806171964,1.7250993994414316
16.80025053024292,0.539228713850628,1.597588422461684,0.004148971703719639,-1.1322367637593875,1.1270809484722395,1.862907579140382,-0.6530971705908725,2.5038255888959,-1.8131657304932025,-0.8733038733385399,1.797494888305664,-1.465834876788911,-1.2789429706842466,1.722756634308058
16.820128679275513,0.538061945332695,1.7034494786237333,-0.013876199140107515,-1.1376491891409792,1.267794107798173,-0.9067831624701362,-0.2722801490580102,7.0787858112551705,-1.8212089304954977,-0.8786945710738656,1.797494888305664,-1.4793696330429955,-1.2869916383198463,1.7203582782510671
16.840061902999878,0.5379062941019527,1.6614681673833158,0.02228141697277558,-1.1005460571694106,1.2444992509980164,1.813937204180681,1.8613713709647437,-1.1686447271287195,-1.8372953251996147,-0.8894759634662093,1.797494888305664,-1.4928679390070627,-1.2949041342626275,1.7178647734009787
16.859922170639038,0.5486175156880719,1.7941115015710503,0.046558754762477894,-1.1202181865916845,1.400635418963027,1.2224073829615796,-0.990526904254036,7.861735340219878,-1.859551833591956,-0.8910512293005927,1.797494888305664,-1.5062429707700185,-1.3026299575982252,1.7152940587227175
16.880014896392822,0.5483909724777678,1.7613579355955384,0.08333579088831222,-1.0822141336844373,1.3871732019095666,1.8303657043100732,1.8914334159012574,-0.670004518970005,-1.8756382306224966,-0.9018326227269823,1.797494888305664,-1.519699451157618,-1.3102862394630113,1.7126073925043293
16.899991035461426,0.5441514199505411,1.8061363931565904,0.0535191189626012,-1.0993091924666032,1.4320557509917653,-1.492614354721522,-0.8557739172448081,2.246808000688209,-1.8836814293536763,-0.9072233201536452,1.7776927947998047,-1.533002694137121,-1.3177387285100113,1.7098526002016672
16.920042037963867,0.5558911817195379,1.8028704337701273,0.09245098442336014,-1.1092576240862233,1.4182179451157095,1.9416418433950424,-0.496156320284175,-0.690130374996007,-1.9139811364769925,-0.9141892811543149,1.7776927947998047,-1.546280351402681,-1.3250596203745222,1.7070054344137282
16.940243005752563,0.554169685829376,1.7792417244413818,0.10541978198602014,-1.0864543427660394,1.4050639646094323,0.6419889234176623,1.1288212306810277,-0.6511559566783592,-1.9220243345125771,-0.91957997753779,1.7776927947998047,-1.5595807742318186,-1.3322739298767172,1.7040557931897942
16.96011471748352,0.5537468553854942,1.7409801964592093,0.09955744416650875,-1.0831101613346559,1.3594016103373556,-0.2950092019691887,0.16828854386880887,-2.2978571192204758,-1.9381107314471804,-0.9303613708982359,1.7776927947998047,-1.5725891699512475,-1.3392128604398472,1.7010766905494314
16.98004460334778,0.5519892941985437,1.7170619910547626,0.1131436020230836,-1.0594882534469012,1.3464713317609933,0.6816977251706304,1.1852505352335254,-0.6487883906827296,-1.9461539281636813,-0.9357520669400763,1.7776927947998047,-1.5855607226016013,-1.3460153186216874,1.6980135294172665
17.000037908554077,0.5605702624870323,1.759037088329908,0.14078048057935286,-1.0721556389134403,1.3873985081273945,1.3823066407030262,-0.6335813581512424,2.047044045199051,-1.9764536373014712,-0.9427180270651918,1.7524700164794922,-1.5984980644798916,-1.352682012534416,1.69486676330676
17.019975423812866,0.5585073692595893,1.764635092242473,0.11310164442783749,-1.0778209187324659,1.3926403318675011,-1.3882791206549019,-0.28415174837436724,0.26291258825724867,-1.9844968352411188,-0.948108723382723,1.7524700164794922,-1.6113238898919497,-1.359173464579515,1.6916570826454165
17.040016412734985,0.5687179511802366,1.7515459458928981,0.1712847429432987,-1.0646917186565126,1.3802196497778665,2.9032049636654818,0.6551173760423905,-0.6197639317052864,-2.00675334375333,-0.9496839887344424,1.7524700164794922,-1.6241403634856284,-1.3655414084188342,1.6883605646119797
17.060175895690918,0.566541708112929,1.7411929674122475,0.1432060694199747,-1.0685473443044022,1.3672788831936074,-1.3928270672765883,-0.19125617736912295,-0.6419195677065155,-2.0147965419567533,-0.9550746846682252,1.7524700164794922,-1.6369557697136012,-1.3717884481234068,1.6849755929377457
17.079983711242676,0.5658388114573832,1.7019734098974157,0.18306809214118758,-1.0264536146311785,1.3452109643651478,2.01243911106974,2.1251071105358834,-1.1141015914044705,-2.0308829386755494,-0.9658560784453913,1.7524700164794922,-1.6494723445412722,-1.3777720146325891,1.6815843285822432
17.10007381439209,0.5627299690078735,1.6832303632351158,0.17773069700475205,-1.0121590161321892,1.3331205426071355,-0.26567285875738234,0.7115243955034743,-0.6018098398048718,-2.0469693358739285,-0.9766374714220889,1.7314300537109375,-1.6620912596677693,-1.3836850279033412,1.6780805341433733
17.12014889717102,0.5727611302960293,1.662557267733972,0.19393943969343921,-1.0233425795940299,1.2958603809887397,0.8074060200488273,-0.5570867918700755,-1.8560402479386726,-2.069225844122159,-0.9782127348971797,1.7314300537109375,-1.6746241205345003,-1.3894373422273338,1.674516835160284
17.140071153640747,0.5702832070157269,1.6234591149156514,0.20998521555586025,-0.9965320462702512,1.2642980613000618,0.8054196012787936,1.345757864553115,-1.5842743384334637,-2.0772690423735507,-0.9836034308639346,1.7314300537109375,-1.6869857886106812,-1.3949919486183573,1.6709205049088758
17.160276889801025,0.5693793820361172,1.568893458024573,0.20696225318366335,-0.9768145855626174,1.2101349403358188,-0.14960911833242818,0.9758348100375379,-2.6805814217608277,-2.0933554390443785,-0.9943848246081287,1.7314300537109375,-1.699446386203154,-1.4004696228683808,1.6672142036465625
17.179890871047974,0.5777398921190586,1.5509031591668812,0.24259416911610326,-0.9776865724293644,1.1792275625662763,1.8166590190853742,-0.044457413095708324,-1.5757829774794683,-2.1075687510556906,-0.9905693912409106,1.7314300537109375,-1.7114676257522716,-1.4056370849340036,1.6635618643185328
17.199894189834595,0.574601898069571,1.5649582876426194,0.23004567979388862,-0.9627399609716565,1.2121489986044538,-0.6273203689883451,0.747206581925032,1.6457986991736855,-2.123655146934986,-1.0013507838759732,1.710306167602539,-1.7236523149891783,-1.410755888481208,1.6597835387748106
17.22019934654236,0.5717592162276649,1.562418203948466,0.19546178049438429,-0.9567789574888272,1.21963902975516,-1.703207702222815,0.29357091740887936,0.3688733487017326,-2.1316983461937173,-1.0067414805351391,1.710306167602539,-1.7359432123005332,-1.4157963715173227,1.6558950336131124
17.2399799823761,0.5816036885018059,1.5356887435962576,0.24662295831868364,-0.9399292758739817,1.1891383393001025,2.586427365344479,0.8518270977975704,-1.5419469177543774,-2.153954855521394,-1.008316746447382,1.710306167602539,-1.7478411477083577,-1.4205564901628809,1.6520575581201373
17.26020383834839,0.5787187083456271,1.52057324183313,0.21151602762382546,-0.9337477171552839,1.1813209363015822,-1.735916767947733,0.30565678113844763,-0.3865436447545614,-2.1619980527174776,-1.0137074416887535,1.710306167602539,-1.7599290489479897,-1.4252708787139579,1.6480856171305027
17.28011131286621,0.5776949037877831,1.4722372023022978,0.23417053556817624,-0.8878115145049419,1.1508419764794175,1.1379900511272398,2.3074851915152483,-1.5310309599983765,-2.1780844496041123,-1.0244888350162273,1.710306167602539,-1.7717519771261014,-1.4297616345734077,1.6441300268011287
17.30026936531067,0.5727068461691075,1.4705925496867942,0.18729673932962312,-0.8822645918092911,1.161538449071051,-2.325313735922936,0.275171557913861,0.5306302591039329,-2.1861276468481647,-1.029879530290571,1.6906909942626953,-1.7836472776465402,-1.4341582021780406,1.6400803282604237
17.319984912872314,0.5824353501131515,1.4658169548515385,0.18712967701622635,-0.8879427676401519,1.1511557107991897,-0.008473632947520984,-0.2880049774477031,-0.5266269293001946,-2.2083841568712317,-1.0314547949856248,1.6906909942626953,-1.7952068851870115,-1.4383121978630848,1.6360784229185286
17.340120315551758,0.5793206857667226,1.4234664364144252,0.1855708327249506,-0.8573640090720116,1.1210473306636606,-0.07741808376483143,1.5186564209792919,-1.4952956548650171,-2.216427355074655,-1.0368454909194074,1.6906909942626953,-1.806936919674186,-1.442406436319039,1.6319512305645225
17.36000347137451,0.5762616607346223,1.3926718278623427,0.14145159895470955,-0.8513534276718824,1.093034128683058,-2.2189251124689084,0.3022951413603482,-1.4088911353068387,-2.224470553062271,-1.0422361872699106,1.6906909942626953,-1.8184447628179123,-1.4463030959094312,1.6278380497686593
17.38011360168457,0.5858484149683968,1.3624488631067941,0.18401341552026698,-0.8318429981578483,1.0632230217152578,2.116436637124577,0.9701791690666169,-1.4823925309369785,-2.2467270636608574,-1.0438114512304395,1.6906909942626953,-1.8300081738187808,-1.450097225180318,1.6236417432920967
17.400087356567383,0.5804593316050747,1.4042553152403028,0.1317485984990749,-0.8324275974578608,1.1232273109948427,-2.6166745976324255,-0.029268372594052055,3.0041566861931828,-2.2547702616005054,-1.049202147547971,1.6688156127929688,-1.8414176996151528,-1.453720049073128,1.6194398850187002
17.42001986503601,0.5771725906963597,1.4147799171289026,0.09328630362309574,-0.8252981890862672,1.1453308598647522,-1.9296264158881717,0.3576774284488415,1.1089195775182341,-2.2628134594921843,-1.0545928438325303,1.6688156127929688,-1.8527288286590249,-1.4571915918964173,1.615214837957433
17.440009832382202,0.5758822962396128,1.3650969156724597,0.11770884459709637,-0.7765592170721989,1.1165079486785092,1.2217399133797853,2.4381716673166203,-1.441868847861551,-2.2788998566425946,-1.0653742367762555,1.6688156127929688,-1.863997634507171,-1.4605297158902544,1.6109475515200804
17.46021556854248,0.5832604349919692,1.3794074211944978,0.09866246553835045,-0.7986654848623826,1.1203410172040849,-0.9426223775102269,-1.0940590144714264,0.18970199824299971,-2.293113167143154,-1.0615588051958915,1.6688156127929688,-1.875311999558368,-1.463758788421707,1.6066055421856735
17.480062007904053,0.5799637710753005,1.3375816503054547,0.0990453021237665,-0.7660416653111699,1.092014132861093,0.019289938030764103,1.6438122202605632,-1.4273030958812603,-2.3011563653465776,-1.0669495011296743,1.6688156127929688,-1.8863506702272637,-1.4667892605485076,1.6023146515641575
17.500064849853516,0.5743047468786303,1.3552501871159264,0.06135025213855344,-0.7601755070402199,1.1203001449327916,-1.88448471874394,0.2932662411556757,1.4140996635959566,-2.3091995645573404,-1.0723401977558686,1.6464576721191406,-1.897401933264299,-1.46970296906315,1.5979655992848596
17.519983530044556,0.5729145119214679,1.337498026453055,0.052642670315799306,-0.7371386568179037,1.1147898100774583,-0.43715656555754334,1.1565450120876362,-0.2766415647263649,-2.3252859596451034,-1.0831215892817996,1.6464576721191406,-1.908332549650801,-1.4724649764856677,1.5936124386069703
17.540060997009277,0.5801085037014999,1.3122587579138099,0.0723470138365782,-0.7315901025534846,1.086998104486023,0.9814158108391657,0.2763572852177298,-1.3842236991483172,-2.3394992706252458,-1.0793061569009668,1.6464576721191406,-1.9192756577591474,-1.4751091163119383,1.589203776373319
17.559996604919434,0.576590277251441,1.287950263940681,0.041059299093133134,-0.7255515804855257,1.0633460962442125,-1.569438709090253,0.30290132586739477,-1.186420215947415,-2.3475424685648933,-1.0846968532184982,1.6464576721191406,-1.9300673689345909,-1.4775965112210996,1.5848074673262822
17.57987070083618,0.5730918222816053,1.2463364149937897,0.04240938614774166,-0.6913402792222652,1.0361488897021627,0.06793199853034812,1.7214016379195611,-1.368475157611096,-2.355585667991463,-1.090087549427972,1.6464576721191406,-1.9407525034316997,-1.4799402202539327,1.5804078621478135
17.59991455078125,0.5691013680495466,1.311422694405919,0.03161909467091281,-0.6760843245199324,1.123271873765875,-0.5383342774167853,0.7611289619580482,4.346619252413041,-2.3716720641345344,-1.1008689416792863,1.619607925415039,-1.9514550463313558,-1.482167356608777,1.5759553901309742
17.62001919746399,0.5760466313423489,1.358147269418762,0.02623417988746264,-0.6976971132155401,1.16494399498258,-0.2678442883591365,-1.0750145991952809,2.0727606843487796,-2.385885375330484,-1.0970535088817328,1.619607925415039,-1.962115694443835,-1.484264403949846,1.5714757970323656
17.6400363445282,0.5722930410319224,1.3348707214387008,0.028121848047669734,-0.6624634654930535,1.1585470044428905,0.0943025574100056,1.760173295898145,-0.3195755378710977,-2.393928574493278,-1.102444205474955,1.619607925415039,-1.9726561079011717,-1.4862171257455827,1.5670039391409687
17.660017728805542,0.5685579742449343,1.3513414022035284,0.004950879209718706,-0.6563220957614386,1.1812452669618456,-1.1596278073798845,0.30735456795044647,1.1359704715099221,-2.4019717724329257,-1.1078349017924862,1.619607925415039,-1.9831044228003583,-1.488032791079227,1.5625300972223073
17.68006992340088,0.5648114431549537,1.3289109168707989,0.007095861847324456,-0.6204219397504454,1.175172536438512,0.10696996916759224,1.7903355086800208,-0.30284617947732656,-2.410014970636349,-1.1132255977262693,1.619607925415039,-1.993516408965978,-1.4897217212251286,1.5580320905800542
17.700139045715332,0.5692805331150317,1.3899121936945955,0.0045518222947349835,-0.6436494514141213,1.2318890253545651,-0.12676386703554735,-1.1573755593162283,2.826057264856462,-2.4242282827916695,-1.1094101655881554,1.5928916931152344,-2.0038637998394377,-1.4912794955055322,1.5535236638974648
17.71996521949768,0.5653845376625606,1.3917731048740007,-0.012869622606972261,-0.6383217248120052,1.2366940300242404,-0.8787093814953678,0.26872187546643117,0.24235663030217092,-2.4322714786207014,-1.1148008604549202,1.5928916931152344,-2.0140139746977406,-1.4926891456590945,1.549064991830624
17.739949464797974,0.561451385885367,1.3708051721079042,-0.01009308732884738,-0.6017224022359693,1.2316391923421923,0.13893620881866262,1.8314087935809809,-0.2529411346834278,-2.4403146788388033,-1.1201915577735255,1.5928916931152344,-2.024173039392126,-1.4939810268478935,1.54456750206838
17.75999402999878,0.5599932938715256,1.3455100710351338,-0.0018331282786888115,-0.5801994901848617,1.2139862200564349,0.4120797317083521,1.0737530016486705,-0.8806862163838767,-2.456401076205021,-1.1309729503005308,1.5928916931152344,-2.034290311197361,-1.49514770452923,1.5400547777227225
17.780004262924194,0.5642803496685322,1.3445810065953285,-0.004413669459017708,-0.5878242734772146,1.209273015629555,-0.12896107656254943,-0.38104420477127876,-0.23553970833061041,-2.4625711891495787,-1.1217668215362226,1.5928916931152344,-2.0443180768500895,-1.4961844327967169,1.5355497411793502
17.80005979537964,0.5603741476991175,1.4132737612422996,0.00323962805471327,-0.5738895918391325,1.2915041484272274,0.38160530171580614,0.6948048708773793,4.100172008913662,-2.4786575844531487,-1.1325482126454331,1.5633087158203125,-2.0542964413239324,-1.497096261605831,1.5310360399048484
17.820133924484253,0.553703462075805,1.438119120336625,-0.032005703443868314,-0.5842492570479105,1.3137027992905457,-1.7557589330478132,-0.5160704683520635,1.1058338196208817,-2.4786575844531487,-1.1325482126454331,1.5633087158203125,-2.064212007292176,-1.4978824029665907,1.5265212605016167
17.840150833129883,0.5627936706834207,1.4240311080331225,0.015364311839428504,-0.5580132042687351,1.310057173725438,2.366500048629572,1.3106945354872912,-0.1821273019549665,-2.500914093492809,-1.1341234760994674,1.5633087158203125,-2.0740277551745687,-1.4985412877566247,1.5220239914592095
17.85998272895813,0.5587773146552034,1.4230959570669277,0.0065119911124791735,-0.5528137303945444,1.3113186784604474,-0.44636785124399186,0.2621773490149635,0.0636098911538506,-2.5089572926076347,-1.1395141726597178,1.5633087158203125,-2.083682521113544,-1.4990719910386472,1.5175743595166111
17.880067110061646,0.5547053510319553,1.4055060564328616,0.01058326014794346,-0.5142240926117145,1.3080171450909022,0.2027082146311016,1.921375499894046,-0.1643831269945025,-2.5170004907630896,-1.1449048685605285,1.5633087158203125,-2.0933893108788846,-1.4994866425508424,1.5130756560441216
17.9000186920166,0.5486979190746132,1.438649773748232,0.0025932499771115503,-0.5102374867853916,1.3451260735110753,-0.4004700072841672,0.19981402153089128,1.859949176158189,-2.525043688966513,-1.1502955644943116,1.5365180969238281,-2.102961428224858,-1.4997772240606513,1.5086157459336091
17.920103073120117,0.5550561800198311,1.4369865381052245,0.01574595571520207,-0.5324615268252557,1.3346037232171841,0.6548723443506175,-1.106533476203255,-0.5239071216413677,-2.539257000234364,-1.1464801311811221,1.5365180969238281,-2.112526634697896,-1.4999486597298801,1.504136660376089
17.940144777297974,0.5508449366409266,1.420839849867434,0.020412662720012797,-0.49319972464354267,1.3323375074595494,0.23284980974656086,1.959005174075585,-0.11307500288017579,-2.5473001971187035,-1.1518708267732702,1.5365180969238281,-2.1220011002464756,-1.4999996909477025,1.4996790367942125
17.96018385887146,0.5466732310830408,1.3896858871158217,0.015957614247578883,-0.48764892134705695,1.3012189473357147,-0.22231799676529992,0.2769988872059873,-1.5528935300611548,-2.555343397288837,-1.1572615240589037,1.5365180969238281,-2.1314042787683873,-1.4999318853211956,1.4952353053122365
17.98009753227234,0.5531253407300039,1.3844574222863835,0.04004812754521575,-0.47630967909817334,1.2993258218019739,1.2097473335368458,0.5694199166881556,-0.09506661556763936,-2.5695567085566884,-1.1534460907457142,1.5365180969238281,-2.140679458985672,-1.49974784324331,1.4908339248816744
17.999934196472168,0.5472554514134094,1.4450567135877825,0.03407071589494384,-0.47878008640856473,1.3630105357854487,-0.30133149354433314,-0.12453743661258683,3.2104548094343164,-2.5775999074557068,-1.1588367877226848,1.5088634490966797,-2.149850519852205,-1.499449929094136,1.4864652698939955
18.020012378692627,0.5429388948805746,1.4569922831943147,0.03126399754150855,-0.4710828579412092,1.3783794893640318,-0.13978946513272222,0.383362815559684,0.7654554286753406,-2.5856431056111617,-1.1642274836234958,1.5088634490966797,-2.159064235622118,-1.4990329805851612,1.4820606422051898
18.039921522140503,0.5492393836567316,1.4530774128333661,0.05590511239158438,-0.45905802314279476,1.3775247066688938,1.2376783016601698,0.6039855421151887,-0.04293417732288923,-2.5998564158237047,-1.160412049584923,1.5088634490966797,-2.168132001314499,-1.4985059528201583,1.4777115138201449
18.060049533843994,0.5449766862219694,1.4476736382859545,0.053658439373676536,-0.4519211872329214,1.374280530096407,-0.1116192225543152,0.3545723251261556,-0.16117720022609958,-2.6078996139791597,-1.165802745485734,1.5088634490966797,-2.1772306225166114,-1.4978592116324299,1.4733344242257584
18.08006763458252,0.5408101154076066,1.435184912781199,0.05959269089247404,-0.4110058504751597,1.373782601411942,0.2964442829172537,2.0439170175130057,-0.024873922404965068,-2.615942812134614,-1.171193441386545,1.5088634490966797,-2.186211121998263,-1.497103465938844,1.4690022986358142
18.10007095336914,0.5457168975116503,1.4681503612792481,0.07599441791593411,-0.4329592531989712,1.4007985639767748,0.8199502891705206,-1.0974880197627361,1.3505740148930658,-2.630156124313868,-1.1673780086998229,1.4846858978271484,-2.1951171294557494,-1.4962372349923982,1.464695538530037
18.12000274658203,0.5414675852098111,1.4542417306655366,0.07368718524080417,-0.42510059270334155,1.3887687698186657,-0.11575640237115103,0.39427764535241017,-0.6035480114417908,-2.638199322205547,-1.1727687049843822,1.4846858978271484,-2.2039240951210566,-1.4952647476107535,1.4604273846000735
18.13989758491516,0.5372978634802242,1.4434852291130953,0.0802815441980492,-0.3836626530457963,1.3892470798913787,0.33146079635458864,2.0828487753298672,0.02404191804446753,-2.646242520313033,-1.1781594008522214,1.4846858978271484,-2.2126481421916133,-1.494186252635161,1.4561913665259167
18.1598904132843,0.5435298840629943,1.409014345496685,0.09770634631419395,-0.4034452830411588,1.34647940916199,0.8715526284935412,-0.9894863112963767,-2.139150596390931,-2.6604558309573956,-1.1743439682405845,1.4846858978271484,-2.2213484660415688,-1.4929949836221867,1.451959954869232
18.1801598072052,0.5393233166351816,1.3792774934295835,0.10436707124232075,-0.361142663837969,1.3270606220808872,0.3286099699932009,2.0870194426274553,-0.9580349149503411,-2.668499029064882,-1.1797346641084236,1.4846858978271484,-2.2301012422405515,-1.4916783355038568,1.4476971664317706
18.19991159439087,0.5340722400557345,1.4197528611343335,0.10098887164850165,-0.3595021825750051,1.3697655329384282,-0.17103260388863348,0.08305482676292518,2.1620783201089715,-2.6765422282276763,-1.1851253607016456,1.4603919982910156,-2.2385648363604154,-1.4902908980784881,1.4435706841686025
18.219879150390625,0.5367691476017631,1.445129749478235,0.09409066660903648,-0.39315157739300977,1.3874360441034685,-0.3454706745056588,-1.6852034780028207,0.8849611422277431,-2.6827123412441356,-1.1759192314217015,1.4603919982910156,-2.2470554848242785,-1.4887845625390497,1.439427603324229
18.239850282669067,0.5361373023973787,1.4344091048985588,0.12619199249842503,-0.3340623492601239,1.3892470651586668,1.6073863735828322,2.958731999220148,0.09068194181223992,-2.6987987387302232,-1.1867006234660424,1.4603919982910156,-2.2554821268164114,-1.4871746740834992,1.4353134511095114
18.260007858276367,0.528412562823202,1.4346913842818771,0.10031592559899899,-0.33872681781952196,1.3905179704317832,-1.283689437833752,-0.23140027601875315,0.06304851822835826,-2.6987987387302232,-1.1867006234660424,1.4603919982910156,-2.26392133621202,-1.4854460652099568,1.431191957783537
18.279954433441162,0.5346627674502699,1.4355159714648833,0.12695751885932005,-0.32408463116577246,1.3926798069111215,1.33564750039609,0.7340702116919049,0.10838133671959349,-2.7130120496383614,-1.1828851904706574,1.4603919982910156,-2.2722070546137263,-1.483634073566869,1.4271453356721289
18.29989743232727,0.5296632534364313,1.4531233934917818,0.12480900530505942,-0.31332562685432686,1.4134416721124987,-0.10773272197077684,0.53948778580838,1.0410603400193355,-2.7210552459949446,-1.1882758845699257,1.4398307800292969,-2.280426851275668,-1.4817225188657628,1.4231318989762478
18.319934844970703,0.5256093953889039,1.443523368730711,0.12289323485044479,-0.3006179130540534,1.4065154955601018,-0.09560967220199161,0.634199336331904,-0.3456622207491948,-2.72909844510977,-1.1936665811301759,1.4398307800292969,-2.2886210065033317,-1.4797023594783807,1.4191330481599056
18.34008812904358,0.5317583059959317,1.4459303011237734,0.14990896669158596,-0.2850500543763499,1.409605690933953,1.3405126302715729,0.7724725469759074,0.15333458123632493,-2.74331175539442,-1.1898511488363437,1.4398307800292969,-2.296797597880194,-1.4775709102487722,1.4151459258105892
18.360195636749268,0.5278331386089039,1.4061565791941721,0.14811938786627848,-0.27228792876326313,1.37156708038615,-0.08900052913077824,0.6346945528946044,-1.8917615800312118,-2.7513549545092455,-1.1952418453965938,1.4398307800292969,-2.304890984676245,-1.475345807532291,1.4112035857803338
18.379996299743652,0.5241399518930793,1.3843466327961973,0.16671910691062025,-0.2284725001077682,1.355145990592748,0.93934829604526,2.2128263416189884,-0.8293201999376825,-2.7593981531442835,-1.200632540496936,1.4398307800292969,-2.3127980260935788,-1.4730595545802037,1.4073571339998021
18.400189876556396,0.5294088789581254,1.4173277887693188,0.20167352078562484,-0.25154319008126524,1.3801709587422122,1.7309669405840427,-1.1424766492549827,1.2392538667875255,-2.7736114634289333,-1.1968171082031038,1.4195804595947266,-2.32079823084826,-1.4706317214846527,1.4034716088282684
18.420093774795532,0.5256977489993416,1.2789683211517076,0.2178091092599529,-0.2418563920449206,1.236860802216651,0.8106747874444864,0.486678434543949,-7.200104964553113,-2.7816546614884508,-1.202207804037971,1.4195804595947266,-2.3286208430010267,-1.4681447029113541,1.3996794941084374
18.440368175506592,0.5219672106262144,1.2611078364570723,0.24695386353540555,-0.19674345052040065,1.220941759108804,1.4375149574485009,2.2251183730383257,-0.7851794652141366,-2.78969786007552,-1.2075984991053412,1.4195804595947266,-2.3365254214808537,-1.4655164266876954,1.395855946982287
18.45998477935791,0.5242026647302541,1.1966508027197453,0.2582295414499408,-0.2279511644183343,1.1460056344593992,0.5748027538302696,-1.590882608145053,-3.8200355789092786,-2.795867972780235,-1.1983923701761734,1.4195804595947266,-2.3441124735459,-1.4628832655231616,1.3921948995240554
18.479933977127075,0.5206782465995118,1.180940573110599,0.2875581320852004,-0.18303355679719135,1.130676644747131,1.4701639120843273,2.2515996954309077,-0.768401310651287,-2.8039111718950602,-1.2037830667364235,1.4195804595947266,-2.3517671111529515,-1.46011543468116,1.3885111505997954
18.5000479221344,0.5165340195158209,1.1809424895083465,0.3048383477148909,-0.16702687002810257,1.1286278261576053,0.8591161815048266,0.7958004639696573,-0.10186060411220772,-2.811954370002547,-1.2091737626042627,1.4069480895996094,-2.3594229099565283,-1.4572338560882574,1.3848378881871204
18.520185470581055,0.5229011623730245,1.2068202020879242,0.3415807049109654,-0.1778424783532374,1.14372622383735,1.8245695246075118,-0.5370866445727284,0.7497634441322722,-2.826167681989926,-1.2053583297856525,1.4069480895996094,-2.3670255699081975,-1.4542584974522454,1.3812021567221369
18.540085077285767,0.519657882804888,1.1960353937982242,0.3714422908002628,-0.13237217860809958,1.1291629174541962,1.5006118629584084,2.284984845171396,-0.7318389051229579,-2.8342108780827333,-1.2107490242686691,1.4069480895996094,-2.37447759962918,-1.451230456030129,1.3776511815449268
18.56007409095764,0.526195515194755,1.2100350018015238,0.4071849937136212,-0.1439665177851599,1.1303356706023513,1.7881173878853864,-0.5800355819143703,0.05866988573854528,-2.848424188751029,-1.2069335911084242,1.4069480895996094,-2.381902656648962,-1.4481018612385392,1.374126667042663
18.58005976676941,0.5184265124057881,1.1954053421832203,0.4126957774203239,-0.11461908717940306,1.1160370030934355,0.27573667053369827,1.4684232288245693,-0.7154457844501199,-2.848424188751029,-1.2069335911084242,1.4069480895996094,-2.3892661993264697,-1.4448876553736207,1.3706458470724656
18.600085020065308,0.5145341158811234,1.2588303146680502,0.42420412859169004,-0.10618238601632546,1.180436325818935,0.5746919153189092,0.42130309356963785,3.2159055255840268,-2.856467388081662,-1.2123242872519542,1.3935432434082031,-2.3965842061716818,-1.4415816776313883,1.3672019382329987
18.620073556900024,0.521144356374825,1.3120726140307049,0.45707759587455676,-0.11866208504175824,1.22414620262959,1.6446159893890242,-0.6243427985062716,2.1867471927579065,-2.870680699373446,-1.2085088533901565,1.3935432434082031,-2.4038290892306025,-1.4381974844577035,1.3638086331588413
18.640153646469116,0.5182429730286379,1.3070861945009438,0.48779375454536894,-0.07205012318514892,1.2105124339016498,1.5296823535135973,2.32130248703455,-0.6789695175924876,-2.8787238997114186,-1.2138995502260976,1.3935432434082031,-2.4110474441891583,-1.43471397305039,1.3604448640449873
18.660202741622925,0.5155300127208495,1.3307370228553235,0.5000546842765969,-0.05731376298403168,1.2318772135661462,0.6115452910551362,0.7350137294509208,1.0656231366350681,-2.8867670970753405,-1.2192902450177772,1.3935432434082031,-2.4181952467874606,-1.4311530038425728,1.357131891374829
18.680145025253296,0.5172913594741044,1.3281835163802045,0.5252503663298062,-0.05535132221974415,1.2186548883843267,1.2634301326873847,0.09840602012594152,-0.6630296422864332,-2.8929372091085988,-1.2100841167571899,1.3935432434082031,-2.4252463838284273,-1.4275298567045345,1.3538822712306193
18.70025324821472,0.5136082355824242,1.3599046075393004,0.5341517941367473,-0.0427057840293692,1.2498794415612848,0.44267600493673775,0.6288739792985821,1.5528250923444191,-2.9009804074318923,-1.2154748122083086,1.3777103424072266,-2.432297412451254,-1.4237955442013908,1.3506522106177545
18.719990253448486,0.5112309194305631,1.385585832775336,0.5419049958308044,-0.02904636515364145,1.274889557629483,0.3928256390586305,0.692071502943121,1.2671687407475898,-2.909023605443441,-1.220865508010204,1.3777103424072266,-2.4391610808165876,-1.4200520373891714,1.3475277738110956
18.740123748779297,0.5128090221248737,1.402663317514764,0.567566780027172,-0.026280362557196346,1.2824358366230155,1.2745816747029015,0.13738312950619438,0.3748121659722137,-2.9151937183159946,-1.2116593786313437,1.3777103424072266,-2.446104728621775,-1.4161544309243348,1.3443878798929958
18.7599995136261,0.5105220744301303,1.4074344485405714,0.5728830645612973,-0.013780596881383111,1.2854908853924836,0.2674757210654367,0.6288948260436172,0.15370723054009378,-2.92323691659132,-1.2170500740494903,1.3777103424072266,-2.4529023208586036,-1.4122295503885631,1.3413355083403735
18.780056476593018,0.5083697612530473,1.4280435691840214,0.6045481257019092,0.03408091520855416,1.2933168561557893,1.5787565242474038,2.3862791275467727,0.3901872270599251,-2.9312801159219526,-1.2224407701930202,1.3777103424072266,-2.4597047075853964,-1.4081920445069043,1.3383033316165203
18.799880266189575,0.5142874268604083,1.5010763169165473,0.6200109400248717,0.009599326426017019,1.367012946679507,0.7800130367428629,-1.2349600798218898,3.717558147233104,-2.9454934263264727,-1.218625337416524,1.3582305908203125,-2.4663718134554884,-1.4041265733618815,1.335354206286229
18.82005214691162,0.50664499865333,1.5289617873681833,0.5987284630699624,0.006444055181698438,1.4068428657440053,-1.0550566527814922,-0.15641928919747064,1.9745267986325232,-2.9454934263264727,-1.218625337416524,1.3582305908203125,-2.4730990660195205,-1.399914131304843,1.3324023848985567
18.84030294418335,0.5136435299056187,1.5578441156866343,0.6498779049082388,0.026762275120007395,1.4155637668865186,2.525798918034921,1.0033293833164074,0.4306448297069423,-2.9597067371626067,-1.2148099038065867,1.3582305908203125,-2.4797951599998997,-1.3956094767059597,1.3294891858701066
18.859986543655396,0.5062844898306594,1.5580750300958532,0.6164005334857657,0.021336470919712358,1.430801501514221,-1.7007748745353575,-0.275651016370284,0.7741335444943696,-2.9597067371626067,-1.2148099038065867,1.3582305908203125,-2.4862487079491205,-1.3913536288494446,1.3267061183526483
18.880071878433228,0.5045561545697304,1.5766145083303522,0.6387009259602301,0.06999724976122579,1.4397481793984555,1.1102823388872294,2.4227019056321537,0.4454333464288967,-2.9677499354859003,-1.2202005992577054,1.3582305908203125,-2.492778578801175,-1.38693877097151,1.3239157902700702
18.899892807006836,0.5109093315292,1.6036643805713242,0.6552205936290052,0.051542209003091366,1.4627948659633532,0.833445698945259,-0.9310886061467041,1.1627450489673035,-2.9819632453146947,-1.216385164955357,1.3396224975585938,-2.4991678300870293,-1.3825115327144681,1.3212115765081773
18.91994285583496,0.5034849184391766,1.5878125554212272,0.6188797095164645,0.04616332112658561,1.461507976059203,-1.8125085092842197,-0.26827305622121855,-0.06418387881156161,-2.9819632453146947,-1.216385164955357,1.3396224975585938,-2.50557609598446,-1.377962684521973,1.3185262367662904
18.94001030921936,0.5020829012789697,1.6038856272130388,0.6315578187778028,0.09529723178272098,1.4712247497699789,0.6317746959957726,2.4484377621294207,0.4842056201475889,-2.9900064456526674,-1.2217758617912982,1.3396224975585938,-2.5119349750223674,-1.3733398572978741,1.315889314203373
18.959983825683594,0.5034993309831137,1.568671668123199,0.6027617225594953,0.061182186657912085,1.4469505341321403,-1.4417138949905333,-1.7080139686919302,-1.2153200805329634,-2.9961765576379564,-1.2125697334977392,1.3396224975585938,-2.5182097954839175,-1.368669978135034,1.3133153844405747
18.979909420013428,0.5023482202339001,1.5855197565692576,0.6157853409753539,0.11032829698525581,1.4568833100820526,0.6536125447640305,2.466481526915298,0.4984933340251906,-3.004219754642166,-1.217960428607223,1.3396224975585938,-2.524415909438769,-1.3639438642407926,1.310798184542997
19.000011444091797,0.5029315546316134,1.6087969475988437,0.5779894684275956,0.06777776175259231,1.4998539822269203,-1.8802023318850107,-2.1167288958951236,2.137629125173841,-3.0103898672029756,-1.2087542995791392,1.32086181640625,-2.5306230239402896,-1.3591084739130732,1.3083100432131993
19.020184993743896,0.5018061619104631,1.6233979226455453,0.5564958726891354,0.08125416238787109,1.5228693049715312,-1.0654344976033119,0.6680232714462417,1.1408662898457955,-3.018433067492979,-1.2141449963821085,1.32086181640625,-2.5367980454978882,-1.3541886602910185,1.3058650861604104
19.03996229171753,0.4947680078767867,1.631520830301928,0.5452378723967999,0.11404533939918726,1.5334828146329609,-0.5692385434726573,1.658021083316514,0.5366511479768212,-3.018433067492979,-1.2141449963821085,1.32086181640625,-2.5427993212010778,-1.3493010021375216,1.3035189471240924
19.059916496276855,0.4961817212734577,1.622715519248097,0.5178287872953082,0.08169343942275653,1.5357034822556639,-1.3735994847602795,-1.6213074232172358,0.11128820575637112,-3.02460318000582,-1.2049388673210526,1.32086181640625,-2.5488020427513156,-1.344305668313699,1.3012028974561216
19.079968690872192,0.495428131555089,1.6407413358756306,0.5313071673368388,0.13168844018531067,1.5467394673664383,0.6721648335023106,2.4932433467497046,0.5503629569474059,-3.032646378544921,-1.2103295623554509,1.32086181640625,-2.5547816797205147,-1.3392219199710722,1.298927293345264
19.100205421447754,0.4879021674271681,1.629378466711335,0.4842865608999,0.12682454705057256,1.550566428431799,-2.32352781796296,-0.24034975000417802,0.1891096514365955,-3.032646378544921,-1.2103295623554509,1.3052692413330078,-2.5607632519277694,-1.334027279852062,1.2966835276015667
19.11990976333618,0.49578795738575837,1.6212103366159683,0.4849220873347543,0.11143786512437293,1.5429695807052997,0.03225311651882688,-0.7808777381819666,-0.3855418145663099,-3.046859687006663,-1.2065141276784959,1.3052692413330078,-2.5665364013593437,-1.3289083074619963,1.2945498799327044
19.139919996261597,0.488923910618827,1.6318196793029505,0.47406234578751794,0.14525169551619332,1.5546711237481998,-0.5427094021201205,1.6898269259461434,0.5847779526862983,-3.046859687006663,-1.2065141276784959,1.3052692413330078,-2.572348046204076,-1.3236489585795705,1.2924347367683633
19.159993648529053,0.4903031319239728,1.5947052850750525,0.45106953621955376,0.11386896824279336,1.5253376930412175,-1.1454223308052784,-1.5633790430991221,-1.4612901686325663,-3.0530297987761457,-1.1973079998016571,1.3052692413330078,-2.578126608040641,-1.3183120976417493,1.2903652516121629
19.180180311203003,0.4834672066097906,1.6060443487291127,0.44023426305911617,0.14812544038370612,1.5374105169487589,-0.5367540606115109,1.6969854152820862,0.5980594267878027,-3.0530297987761457,-1.1973079998016571,1.3052692413330078,-2.583885996618701,-1.3128845290279485,1.2883370631998068
19.200114488601685,0.4830704987869667,1.6254769533391493,0.4199155410775623,0.1538707053121755,1.5627444033638371,-1.019290717403652,0.28821178890729404,1.270876942068036,-3.0610729980108413,-1.202698695879243,1.2909965515136719,-2.5895227148727926,-1.3074659803154078,1.2863864124065965
19.220124006271362,0.48445835380430574,1.641046501997851,0.40448463437979276,0.1248034871587933,1.585512501326632,-0.7711783438515065,-1.4526696061959772,1.1378634077370833,-3.067243110787458,-1.193492566434439,1.2909965515136719,-2.595130482275562,-1.3019688504452323,1.2844805421846366
19.240123510360718,0.4778489016683692,1.6536538809911963,0.39402050798130317,0.159135977535652,1.5981222537907336,-0.5232192934253314,1.7166670845169516,0.6305032568689029,-3.067243110787458,-1.193492566434439,1.2909965515136719,-2.600685415723246,-1.2964170778971553,1.2826278633131367
19.260087251663208,0.47133233084456444,1.6484017220498823,0.3621372381457328,0.15879053161253776,1.6002719847186622,-1.5970588554758187,-0.01730366657632261,0.10768176642623749,-3.067243110787458,-1.193492566434439,1.2909965515136719,-2.606180825853749,-1.2908187641816946,1.2808305914931108
19.28000831604004,0.47959628026376433,1.6707554465913743,0.3955040281378941,0.1815420116846832,1.6130848781248062,1.6749501613462048,1.1420815495484404,0.6431831735379498,-3.081456421743462,-1.1896771323418376,1.2909965515136719,-2.6116153921152985,-1.2851769232476244,1.2790890388541256
19.300097942352295,0.47301183463324503,1.6534497304339282,0.3647636593088482,0.1804651777444486,1.6025841018621498,-1.5301613057029568,-0.05360149180961516,-0.522696445391333,-3.081456421743462,-1.1896771323418376,1.2801761627197266,-2.6170465973901886,-1.2794319166723138,1.2773852064212974
19.319993495941162,0.47451705639008573,1.642575574029162,0.35653715286029125,0.1526018402283309,1.596135474634417,-0.4134846719299222,-1.4004806346132022,-0.3241240410290109,-3.087626534256303,-1.1804710032807817,1.2801761627197266,-2.6223767377291947,-1.2736883321476966,1.2757497380322906
19.339983224868774,0.4682105721283452,1.6570672754778035,0.34647364797761315,0.18744861578497785,1.6095623576478209,-0.5034337843759917,1.7432340219737668,0.6716890990381068,-3.087626534256303,-1.1804710032807817,1.2801761627197266,-2.627683729491091,-1.2678640459037112,1.2741584971782436
19.359938383102417,0.46200581242365174,1.6246172509492458,0.3221259126393732,0.18810241139665806,1.5812126964184476,-1.2201223890668984,0.032763238658663166,-1.42066832532444,-3.087626534256303,-1.1804710032807817,1.2801761627197266,-2.632933444806002,-1.2619970637789746,1.27262192026768
19.380016565322876,0.46353748422679164,1.6405720500646999,0.3310355929889658,0.19505375952240966,1.5949439233164624,0.44374935199631504,0.34621401725642337,0.6838879509731267,-3.0937966470329195,-1.1712648738359777,1.2801761627197266,-2.638167330044202,-1.2560413933816463,1.271128150925929
19.400044679641724,0.4643386047637632,1.653819361759061,0.3315904045037691,0.20538275977476883,1.6071665150062935,0.027701635110060692,0.5157250496937177,0.6102717158114528,-3.1018398460038394,-1.1766555702973118,1.2710704803466797,-2.6433402657047034,-1.2500488247754997,1.2696902859493873
19.419896364212036,0.4659386949766242,1.6757291603774929,0.3322902609022157,0.1800758885051209,1.6325514006695427,0.03525425743935195,-1.2747971679689827,1.2787270306123777,-3.1080099582529046,-1.1674494416200045,1.2710704803466797,-2.6484206887837236,-1.2440587498897717,1.2683164375489053
19.440020084381104,0.4599382545782467,1.691938542800649,0.3225639236783623,0.2156898456482692,1.6468413518732852,-0.4833269963077691,1.7697501676599192,0.7101048456094036,-3.1080099582529046,-1.1674494416200045,1.2710704803466797,-2.653523367635091,-1.2379361130009392,1.2669758337543373
19.459933280944824,0.4541027889839864,1.6934708486129595,0.3058751163575089,0.21859995039563584,1.651211067665852,-0.8380777675472879,0.14613950794160674,0.2194381890714575,-3.1080099582529046,-1.1674494416200045,1.2710704803466797,-2.658525945020609,-1.2318282507228493,1.265700773639253
19.480040788650513,0.4557051171611494,1.7102966439157543,0.31517716902590603,0.22613560501665497,1.665725262598265,0.462615894746893,0.3747682075430595,0.7218296342269661,-3.1141800701902254,-1.1582433132934735,1.2710704803466797,-2.663530508592021,-1.2256116738799105,1.2644651468880974
19.499882221221924,0.4499399684165325,1.675288973699205,0.2996504522679013,0.22815056117175447,1.6324062218978435,-0.7825401065231875,0.10155295732036934,-1.679265878635693,-3.1141800701902254,-1.1582433132934735,1.2649650573730469,-2.6684229420808183,-1.2194297091512931,1.2632968606657706
19.519887447357178,0.45162283373813095,1.6501710133175174,0.3050035471082191,0.20478898160320624,1.6087568748753456,0.26758482029275105,-1.167773831228013,-1.1821584451286045,-3.120350182655098,-1.1490371841994458,1.2649650573730469,-2.6733099190963086,-1.2131493884984166,1.2621700670555922
19.53991198539734,0.4459700557495147,1.6483195467231002,0.29558808869512193,0.2406585906776344,1.6036422458466433,-0.47019603619387124,1.7912827253486803,-0.2554180784817318,-3.120350182655098,-1.1490371841994458,1.2649650573730469,-2.6781557696792726,-1.206816095426877,1.2610934717078306
19.55989098548889,0.44772497556645224,1.6018702302127499,0.3020408381075977,0.21686551120687725,1.5581171061913441,0.32297659456961636,-1.1909044177249408,-2.2786495543662117,-3.12652029569549,-1.1398310543708932,1.2649650573730469,-2.682945153769468,-1.2004510897971168,1.2600703136399218
19.579981327056885,0.44217498259325844,1.600674908206546,0.29272454924874636,0.2529926976963093,1.553211896343025,-0.4637197843213145,1.7982365489986438,-0.2441576133346491,-3.12652029569549,-1.1398310543708932,1.2649650573730469,-2.6877157416417266,-1.1940047878203472,1.2590926492491483
19.599923849105835,0.44396136753596277,1.581012835387194,0.30048745587741343,0.22246295324383658,1.536170273424598,0.3892640363948214,-1.5308868345505893,-0.8545369977075703,-3.132690407369035,-1.1306249264281107,1.261322021484375,-2.6924063562314213,-1.187561140992423,1.2581727915245409
19.61989951133728,0.4385587512750247,1.5957664267018197,0.2917712140659664,0.22940431807156125,1.5520031269560277,-0.43634307140646833,0.3474910992836926,0.7926071910900566,-3.132690407369035,-1.1306249264281107,1.261322021484375,-2.697060231026944,-1.1810626647000115,1.25730178043655
19.64006519317627,0.4403796623957823,1.5943942649619205,0.3015677874936763,0.23760327634349965,1.5474800886474973,0.4858042245201326,0.4065797694023988,-0.2242938445942032,-3.1388605199298447,-1.1214187974000271,1.261322021484375,-2.7017134492430848,-1.1744581871188462,1.2564734361171408
19.659886360168457,0.43514574796243993,1.5922014738835795,0.2936978090624844,0.24453119211207486,1.5456557270211198,-0.39704919666404415,0.34952108376392993,-0.09204108048212441,-3.1388605199298447,-1.1214187974000271,1.261322021484375,-2.706243385776239,-1.1679239658171872,1.25570895485337
19.679872035980225,0.42999293069398953,1.6021061065463607,0.2847027296983339,0.2808998259332198,1.5513811975546639,-0.45007631710178125,1.8197350023926184,0.28647870542225784,-3.1388605199298447,-1.1214187974000271,1.261322021484375,-2.7107672800738416,-1.16129330506409,1.254987822644327
19.69998860359192,0.4318712402456408,1.571857015245761,0.2963115105125693,0.2602894986948803,1.521572654191787,0.5770756243469152,-1.024544924172759,-1.48179072783511,-3.145030632610524,-1.112212667889279,1.2597599029541016,-2.715276806521733,-1.1545770296439812,1.2543121542016429
19.72006845474243,0.4268284387512238,1.5680020138734252,0.289734672078209,0.269642606077944,1.5172267464997922,-0.3275342224930972,0.46579565321254424,-0.21643127030271736,-3.145030632610524,-1.112212667889279,1.2597599029541016,-2.7197343256708133,-1.1478314275103743,1.2536877210311796
19.74009418487549,0.43638250808420315,1.575522849824385,0.32464827046763545,0.2946251382481696,1.513298311210771,1.7434369762026432,1.247521663591518,-0.1961693912241683,-3.1592439427272327,-1.1083972349149507,1.2597599029541016,-2.724136524571873,-1.1410632223034396,1.2531145063540632
19.75997018814087,0.4316185596242802,1.3641292381215475,0.3169774719166686,0.2998123934569996,1.2924729743112529,-0.3859326469485703,0.2609807987838753,-11.110147948312218,-3.1592439427272327,-1.1083972349149507,1.2597599029541016,-2.7284632864036493,-1.1343059375585727,1.2525942713081533
19.779943704605103,0.4336361007574693,1.3649823746474175,0.3274201223793626,0.30832986892011527,1.288761280645446,0.5228248356464251,0.4264384530569721,-0.18583075606407862,-3.1654140554558805,-1.0991911054371744,1.2597599029541016,-2.73276887220075,-1.1274762077554028,1.2521201206846988
19.800021648406982,0.42903674146290227,1.3128231480538979,0.3188978571720409,0.31046789733051294,1.235078321194408,-0.42445906271157885,0.10648642268823824,-2.673727946484822,-3.1654140554558805,-1.0991911054371744,1.2628002166748047,-2.7370543765989623,-1.1205716407936657,1.2516923922895786
19.820059776306152,0.4310980078642429,1.3611067374908137,0.3305437418051588,0.2945383711052074,1.2870895592549192,0.5811862610977903,-0.7949608020001411,2.5956136382713515,-3.1715841679687213,-1.089984976376119,1.2628002166748047,-2.7412890405272474,-1.1136422374742012,1.2513141519883364
19.840083360671997,0.42659614216771713,1.3643620659983622,0.32222168492595915,0.3316312701015641,1.2836189986088624,-0.4156127458076383,1.8524604945170555,-0.1733236458891292,-3.1715841679687213,-1.089984976376119,1.2628002166748047,-2.7454786247458185,-1.1066799691515095,1.2509844744922891
19.8600013256073,0.42873891863599206,1.4069800099448555,0.33351911829613695,0.3152767852561068,1.330021915155524,0.5671981754598912,-0.8210921596950158,2.3297016887712596,-3.177754280169818,-1.0807788476658395,1.2628002166748047,-2.749604683409127,-1.0997174027814762,1.2507041728195123
19.87993288040161,0.4244088686886203,1.4107853590465063,0.3253737403341139,0.3523367580053528,1.3267652646038204,-0.4086674645345641,1.8593618577022868,-0.16339169649891003,-3.177754280169818,-1.0807788476658395,1.2628002166748047,-2.753692446909163,-1.092713642881897,1.2504709808380783
19.90004563331604,0.4189025965448421,1.389753199831642,0.3116029682176738,0.31943798333979223,1.3161599148431886,-0.6846786302714977,-1.635717139544795,-0.5272947868326658,-3.175881194287464,-1.0661820236693014,1.2673110961914062,-2.7577759391649606,-1.0856097723846467,1.25028336554958
19.92009949684143,0.4146134110219954,1.425744822270778,0.3042159472722276,0.33282854722637023,1.3525627947745633,-0.36835899157752433,0.6677298800614615,1.8152551943561517,-3.175881194287464,-1.0661820236693014,1.2673110961914062,-2.761806254843722,-1.0784908278867056,1.2501437299783449
19.939992427825928,0.4105135082998809,1.4303113032282335,0.2960948009737051,0.370010403875049,1.3495223577262485,-0.40824282278219676,1.8690989617193816,-0.15284007422959806,-3.175881194287464,-1.0661820236693014,1.2673110961914062,-2.765763786053555,-1.071394158157515,1.2500517331019285
19.95998191833496,0.4127777941422674,1.4396158380907784,0.3071310317802103,0.3553333703091658,1.3608462391262899,0.552101655693422,-0.7342375014135912,0.5664917469969599,-3.182051307016112,-1.0569758941915253,1.2673110961914062,-2.7697002080372752,-1.0642285504038087,1.2500056783759361
19.980075120925903,0.4088011933352203,1.4449881303104464,0.29907113435100385,0.3930293128600292,1.3579672722745775,-0.4011255743193309,1.8760544706723843,-0.1432806362590594,-3.182051307016112,-1.0569758941915253,1.2673110961914062,-2.773616553668008,-1.0569914351062892,1.2500059614547596
19.99996256828308,0.411148499702292,1.470357865429725,0.3106872537871553,0.3727738377037162,1.3879716671059592,0.5840930325308423,-1.0185055322850383,1.5087102076251435,-3.188221419480984,-1.0477697650974975,1.2676105499267578,-2.777453015182556,-1.0497950838621197,1.250051936044381
20.019941568374634,0.40736222664673777,1.5319936283376085,0.3036307869372648,0.3877841952183303,1.4506675154665039,-0.3531941947822504,0.7513067443730875,3.138087395427407,-3.188221419480984,-1.0477697650974975,1.2676105499267578,-2.7812675373868303,-1.0425326548224378,1.2501436033403466
20.039968252182007,0.4097202869098042,1.5531369475851406,0.31476365628340663,0.3972900645076458,1.468100413214539,0.5559017884949647,0.4746601774286677,0.8704834967043831,-3.194391531202498,-1.038563637187687,1.2676105499267578,-2.785051550395006,-1.0352202499269538,1.2502809400177226
20.060040950775146,0.4060902499023764,1.6006974386379134,0.30870335627324097,0.41199761876033897,1.5156491975465243,-0.30191755144656657,0.7327143475227508,2.368828690938262,-3.194391531202498,-1.038563637187687,1.2676105499267578,-2.7888046843390724,-1.0278587408926791,1.250463949316963
20.08021306991577,0.4084730760687283,1.622241909882368,0.31992676969570577,0.42191987626678845,1.5333946961633464,0.5563824675148662,0.491879779079178,0.8797042340030696,-3.200561643931146,-1.0293575077099106,1.2676105499267578,-2.7925367225866102,-1.020428672825531,1.2506933000781024
20.10009503364563,0.4049477268936568,1.6278569208355282,0.31357338992677425,0.43507461770255423,1.5369775407835127,-0.3195549421202355,0.6616419592401838,0.18020577186676837,-3.200561643931146,-1.0293575077099106,1.264749526977539,-2.7961763394119785,-1.0130745262655987,1.2509636095048444
20.120131492614746,0.4074078222201962,1.651192935010102,0.32684910666920786,0.4209072864703501,1.5628323090763712,0.6625779915950482,-0.7070775955991717,1.2903861072812566,-3.2067317563960183,-1.020151378615883,1.264749526977539,-2.799805579640947,-1.005632550464814,1.251280157770959
20.140211820602417,0.4041403211132156,1.676844294244268,0.3193805747059956,0.45914009168541176,1.5808204236557477,-0.37193276762201444,1.9039930641838219,0.8958078070448376,-3.2067317563960183,-1.020151378615883,1.264749526977539,-2.803404037393784,-0.9981438629266611,1.251641533723937
20.160003900527954,0.4066902103205709,1.674025432434307,0.33217673571920747,0.4441277078313813,1.5794842018267368,0.6465293724234287,-0.7585046094453398,-0.0675129563966067,-3.2129018686450834,-1.0109452499385756,1.264749526977539,-2.806913086134445,-0.9907333765570767,1.252040639515211
20.180225610733032,0.40358812291508256,1.7004287529864133,0.32480679458044004,0.48277061157678813,1.5977769014399608,-0.3644568666064988,1.9109612072129663,0.904606951029804,-3.2129018686450834,-1.0109452499385756,1.264749526977539,-2.8104598599138964,-0.9831323424710339,1.2524920906742603
20.20005989074707,0.4060689151809039,1.719691153860663,0.33754754656511354,0.46150955917125086,1.6218533365468186,0.6423601953615657,-1.0719346702017598,1.213879963871505,-3.2190719811579243,-1.0017391208775197,1.2598896026611328,-2.813901081629452,-0.9756483521130372,1.2529774512765706
20.220207452774048,0.3947396093429683,1.753641237363343,0.30663355240856865,0.45908410956996504,1.6644744618824558,-1.5343789047603438,-0.12038427269950337,2.1154482750105266,-3.2110287820191656,-0.9963484248658777,1.2598896026611328,-2.8173587915416434,-0.9680175129260703,1.2535133019839677
20.24014377593994,0.39739672308143903,1.7757699714854014,0.3183978826176204,0.46901943750726877,1.6828554742503126,0.5900952804164922,0.4983530741666939,0.9219860761136932,-3.217198894004455,-0.9871422965723188,1.2598896026611328,-2.820742853179044,-0.9604387820585303,1.2540856797190458
20.2600040435791,0.3946476390594153,1.794027586952458,0.31198541726117934,0.48175347874087443,1.6997392940930363,-0.322879100772896,0.6411817536888016,0.8501305294311566,-3.217198894004455,-0.9871422965723188,1.2598896026611328,-2.8240772279813946,-0.9528617780348917,1.254697226785976
20.28003716468811,0.3973428226249691,1.816532875353171,0.323868308689665,0.492013429434448,1.7183782444856281,0.5931622618275876,0.5121493868950707,0.9304067145188901,-3.223369007308623,-0.9779361663600179,1.2598896026611328,-2.8274036513685457,-0.9451917288039577,1.2553555761986146
20.300081729888916,0.3947518193584558,1.7998133855568381,0.31625543102038656,0.5043527155217562,1.6985108370350503,-0.37979759565812077,0.6155926039649022,-0.9911618062824958,-3.223369007308623,-0.9779361663600179,1.2555351257324219,-2.8306949994896806,-0.9374905050108241,1.2560556526255648
20.31997799873352,0.3975243463373284,1.800478212552497,0.3279510787033447,0.4890432521516409,1.7014718867435024,0.5878312046497006,-0.7694640381916101,0.14882437162357684,-3.229539119773495,-0.9687300372659902,1.2555351257324219,-2.8339256061116935,-0.9298201896653224,1.2567911109141037
20.340065002441406,0.3951605818701219,1.828075594931889,0.3210992523706939,0.5278918935061847,1.720489988254223,-0.3411074360463684,1.934018727705647,0.946786379257479,-3.229539119773495,-0.9687300372659902,1.2555351257324219,-2.8371506191832663,-0.922050363332076,1.2575742701384778
20.35993456840515,0.38941039663930155,1.7964843882486854,0.307413067092011,0.4956575410045411,1.6991694928545733,-0.688801421412795,-1.6222977673724628,-1.073022704096912,-3.227666033987078,-0.9541332133353959,1.2555351257324219,-2.840304745583671,-0.9143394212647185,1.2583887847635917
20.380037784576416,0.3871640481301592,1.8245263510403418,0.3005665726853337,0.5345796488938439,1.7183657177717762,-0.34056711863167444,1.9361134834205127,0.9548832760721023,-3.227666033987078,-0.9541332133353959,1.2555351257324219,-2.843459764546474,-0.9065126167473619,1.2592528491844415
20.40004014968872,0.390097288106912,1.8211353193225803,0.31213370418459263,0.5135824514597369,1.7191100801137686,0.5782881891373568,-1.0497357345602258,0.03721371636870008,-3.2338361461881746,-0.9449270846251164,1.2525043487548828,-2.8465629905487395,-0.8987003753950551,1.2601521238038986
20.42002272605896,0.3880875779675149,1.8553707498207934,0.3046482044534792,0.5283642223461841,1.7522617782050594,-0.37460133230176806,0.739732986005857,1.659030220981148,-3.2338361461881746,-0.9449270846251164,1.2525043487548828,-2.849627515781891,-0.8908716413397149,1.2610895421271022
20.440003156661987,0.3823654133631882,1.870021653910041,0.29225643347869495,0.5223803466902884,1.7716336914200101,-0.6201953912297905,-0.2994868216198,0.969544330641986,-3.2319630596581943,-0.9303302596183628,1.2525043487548828,-2.852656289575526,-0.8830199260784897,1.2620655121883484
20.45997142791748,0.3804862004490412,1.8816720802004183,0.28453584672826326,0.5367761867523309,1.7808987884402714,-0.3866427219285595,0.7209357223691661,0.4639909435180804,-3.2319630596581943,-0.9303302596183628,1.2525043487548828,-2.8556480132550544,-0.8751495724224099,1.2630791463100604
20.480007886886597,0.3788217977444556,1.9106627256367468,0.27791000796496756,0.5759063842384387,1.8004804678762727,-0.33068910896424525,1.9529497475787656,0.9773023998993091,-3.2319630596581943,-0.9303302596183628,1.2525043487548828,-2.858614761147729,-0.8672291812093262,1.2641343250789532
20.499921321868896,0.3818674823959934,1.871544032537782,0.28903249548610277,0.5616273259732336,1.7617355161887986,0.5585418854668471,-0.7170565137504944,-1.94566892763166,-3.2381331719072595,-0.9211241309410553,1.2520370483398438,-2.8615285331929448,-0.8593348287584552,1.2652204601176096
20.519936323165894,0.3715632303886356,1.8664929236944585,0.2570844563823471,0.5602080613846981,1.76178044728839,-1.596204698150529,-0.07091004229654542,0.00224487118060303,-3.230089975934425,-0.9157334371055629,1.2520370483398438,-2.864422435238313,-0.8513778549161979,1.26634938215246
20.540037393569946,0.37465359525784275,1.8903261685475041,0.26948594251702906,0.5713038716071746,1.7816627729645835,0.6169565045740842,0.552000963104895,0.9891177572406737,-3.2362600889268482,-0.9065273072440383,1.2520370483398438,-2.86729391206301,-0.843364474894185,1.267520374198801
20.56001114845276,0.3733686116328775,1.8716573684489564,0.26182384886284027,0.5864940891634447,1.7580029182035681,-0.38360807465310687,0.7605088600211768,-1.1845471670113865,-3.2362600889268482,-0.9065273072440383,1.2520370483398438,-2.870112751551176,-0.835380211394919,1.2687205203287468
20.58004927635193,0.37651727916009187,1.8956848385993659,0.2744115849821221,0.5976078135162707,1.7779719318783989,0.6281892291845921,0.5546288759483549,0.9965508641981441,-3.2424302009601065,-0.8973211789834512,1.2520370483398438,-2.872906349162217,-0.8273488732476293,1.2699608004186502
20.600064039230347,0.36636932556028773,1.872898948800829,0.24245847365053907,0.5915190497185834,1.760417443333917,-1.5964771366858528,-0.304213636437974,-0.8770770181549805,-3.234387002924624,-0.8919304837301645,1.2548370361328125,-2.8756625326554293,-0.819305923586912,1.2712355240382522
20.619948625564575,0.36959036227951225,2.0114129072307456,0.25564342847002397,0.5830827837246849,1.9079944413384446,0.6630741317856259,-0.4242615788982554,7.4216780537443015,-3.240557115221658,-0.882724355085829,1.2548370361328125,-2.878367146075716,-0.8112948822030923,1.272537107987386
20.640018701553345,0.36867963129011294,2.041491467346034,0.24937649152273977,0.622646063119488,1.9281625078826405,-0.31225277626208,1.9712570802891443,1.004882420748242,-3.240557115221658,-0.882724355085829,1.2548370361328125,-2.88106316286042,-0.8031887917444648,1.2738859969412524
20.659921407699585,0.3629833511809016,2.1937683650629487,0.23923305194529726,0.6000928775883311,2.096491288957733,-0.509651275706479,-1.1331718091721605,8.457582593957515,-3.2386840277323063,-0.8681275294196359,1.2548370361328125,-2.8837032844079284,-0.7951305203486138,1.275258147025097
20.680079698562622,0.3622305639050992,2.223721328787871,0.23296198346629057,0.6398730879235364,2.116891044365946,-0.31109127860167546,1.973392020458816,1.0119784235090263,-3.2386840277323063,-0.8681275294196359,1.2548370361328125,-2.88634357340128,-0.7869489738833849,1.276682580068816
20.69996953010559,0.3617500654308071,2.177983122553862,0.2297387662388839,0.6603547306954275,2.0627074952752453,-0.16205352068686152,1.0297544616023453,-2.7241834086752217,-3.2386840277323063,-0.8681275294196359,1.2545433044433594,-2.8889155613095796,-0.7788572548016213,1.278121849884318
20.72001576423645,0.35601833119945686,1.9256494957397812,0.22029060653124358,0.6309956798138753,1.8059464225644113,-0.47131843547091606,-1.464566895203354,-12.808444271114915,-3.236810943264973,-0.8535307058306764,1.2545433044433594,-2.891474642035858,-0.7706829535387394,1.2796060485791059
20.739975214004517,0.35568874695080815,1.9573230436245455,0.21413638608879546,0.6705795834270246,1.8263576121743854,-0.30833617729755275,1.9832161744498868,1.0226328805231126,-3.236810943264973,-0.8535307058306764,1.2545433044433594,-2.8939897431237616,-0.762525486691193,1.2811169667906932
20.760071516036987,0.3591008677729935,1.6503580216782439,0.2281098116809574,0.6519942988719288,1.498849874994526,0.6953232276059699,-0.9248111679982971,-16.29691555444813,-3.2429810566171096,-0.8443245756513473,1.2545433044433594,-2.8964890838072286,-0.7542936768680082,1.2826712847814103
20.78004765510559,0.35902023797044114,1.6661849884913087,0.22212429701730552,0.6917522121767692,1.4994372576059647,-0.2996332095554596,1.9902701502177584,0.029404211165201387,-3.2429810566171096,-0.8443245756513473,1.2545433044433594,-2.8989408004910144,-0.7460931244072204,1.2842487824485316
20.80005931854248,0.35239071766633645,1.5328250394848038,0.2112694381535102,0.6511486484927435,1.3714675583986535,-0.5424266152600479,-2.028994931484647,-6.394755718877965,-3.2411079683843993,-0.8297277511693715,1.2681446075439453,-2.9013643638541096,-0.7378603229944954,1.2858611737658676
20.819973468780518,0.35242655428703273,1.5845513327753733,0.20627359935287512,0.664960617064767,1.4234048988826282,-0.25086879133274614,0.693575593581788,2.6080620997210087,-3.2411079683843993,-0.8297277511693715,1.2681446075439453,-2.9037439545941,-0.7296504059039493,1.2874972128092617
20.839949369430542,0.34670956797965335,1.58145766540018,0.19458000251999605,0.6599510255045131,1.4239422790295424,-0.5853852117984367,-0.25078176188504925,0.026901422685716173,-3.239234884013003,-0.8151309276463559,1.2681446075439453,-2.9060988403163623,-0.7213980428211357,1.2891695265956284
20.860063552856445,0.3469293524044474,1.6342656640333564,0.19027451652198824,0.6744858679972532,1.4763768769771162,-0.21405223900181547,0.7226165827851552,2.6068469615350023,-3.239234884013003,-0.8151309276463559,1.2681446075439453,-2.9084377068194427,-0.7130716541565345,1.2908846122772641
20.879990339279175,0.3504793359318046,1.6412357530672144,0.2034027489502282,0.6860257419397332,1.477041231740548,0.6588233621686856,0.5791136462082546,0.03333978441571211,-3.245404997101364,-0.8059247978507752,1.2681446075439453,-2.910722933374702,-0.7048064504895133,1.2926142001394179
20.900020122528076,0.3407316540043138,1.5950107075169044,0.17507596227829536,0.6828216823231521,1.430790730566593,-1.414233310462137,-0.15996476730505027,-2.3090864538682285,-3.237361799377626,-0.8005341022467121,1.287099838256836,-2.91298817430941,-0.6964823459256253,1.294382928749004
20.91996455192566,0.3442616669003754,1.6352297186177844,0.1916339533110602,0.6707556924019554,1.478965672928059,0.8302063048628227,-0.6049804524695456,2.4154585423889867,-3.2435319106675253,-0.791327975170342,1.287099838256836,-2.91521221779289,-0.6881779031333888,1.2961738234067817
20.940094232559204,0.3448296610001457,1.651984828413564,0.18587874102078472,0.7110878667633708,1.4794786286685724,-0.28590678585753415,2.0036172006725312,0.025482557316813814,-3.2435319106675253,-0.791327975170342,1.287099838256836,-2.917425147380241,-0.679780586345599,1.2980110293076872
20.959978580474854,0.3390831020597422,1.6597540828132131,0.17955987883682745,0.6826564813056629,1.5021724248096837,-0.31778070926752355,-1.4298374569945906,1.1412894321392768,-3.2416588255525656,-0.776731150571167,1.287099838256836,-2.9195798902168906,-0.6714704155801723,1.2998547269137852
20.980040788650513,0.3398415664538237,1.6766724811229612,0.17386066199539174,0.7228953460535115,1.5028058416907106,-0.28407724571168486,2.005704675952323,0.031572640233861186,-3.2416588255525656,-0.776731150571167,1.287099838256836,-2.9217226089525217,-0.6630708375136207,1.3017436367087072
20.999942541122437,0.33372621946053305,1.658768227332652,0.1695874522149879,0.6905262396894483,1.4986412647327874,-0.2147152511534969,-1.626445028382679,-0.20925679604338368,-3.239785740437606,-0.7621343259719918,1.303365707397461,-2.9238172494986467,-0.6547237865759665,1.3036455570565526
21.019880533218384,0.3345822497807948,1.7275796275286823,0.17012847020869107,0.7103936841240026,1.565544150330267,0.02713502899889057,0.9964616466365609,3.355547804188303,-3.239785740437606,-0.7621343259719918,1.303365707397461,-2.925884936159384,-0.646347151255503,1.3055786495650423
21.039912700653076,0.3382079597571526,1.7343850427310952,0.18351908722472865,0.722409344926705,1.566057776531924,0.6684557255071291,0.5998183093205041,0.025640071316868237,-3.2459558522070875,-0.752928198095153,1.303365707397461,-2.9279315025689296,-0.637916711905136,1.3075484247780667
21.059983253479004,0.332521865757031,1.7598301546882382,0.1796566309927788,0.697236459353411,1.605797928768957,-0.19244393841310772,-1.2542198409589855,1.9800228016487709,-3.244082766132757,-0.7383313728365388,1.303365707397461,-2.929951066165804,-0.6294560788573332,1.309549285920511
21.079948663711548,0.3335677824297631,1.7761296167428766,0.17421357939709856,0.7373499513193149,1.6064249417617533,-0.27262407996044924,2.009149398819675,0.03140496416017969,-3.244082766132757,-0.7383313728365388,1.303365707397461,-2.9319294584064797,-0.6210261021672824,1.3115664039450896
21.100022315979004,0.32776164260055646,1.7209249416971855,0.17087813425587028,0.7118496786381572,1.5574509151852736,-0.16616035272444094,-1.2703354796326456,-2.4397167951283967,-3.24220968137751,-0.7237345479195592,1.3143196105957031,-2.933887943667842,-0.6125369206491603,1.3136209652356574
21.119884729385376,0.3289347269825233,1.7488858221062797,0.17337441872424827,0.7316826716276688,1.5789817597857754,0.12567880938260786,0.9985187894210754,1.0839994194056242,-3.24220968137751,-0.7237345479195592,1.3143196105957031,-2.93579569787276,-0.60412403194128,1.315679682368784
21.139983892440796,0.33268760294068006,1.7559695801119255,0.18698399547975375,0.7439021345006411,1.579580883018742,0.677121565608451,0.6079587910839545,0.02980836720985639,-3.248379793146992,-0.7145284200427204,1.3143196105957031,-2.937695819538588,-0.5955978716467254,1.317788666884656
21.159913539886475,0.324637490120775,1.7608340043379007,0.16570745387322872,0.7471237697217415,1.5858384228162312,-1.0675824378989889,0.16165038693642092,0.3139814597596363,-3.2403365952554157,-0.7091377248883495,1.3143196105957031,-2.9395498554978206,-0.5871310026667389,1.319905030065334
21.17993402481079,0.3284492562224795,1.7859590590531902,0.17938414786273846,0.7592254331527075,1.6065639824681117,0.6831350010357817,0.6044640515309185,1.0352176648182845,-3.246506707864193,-0.6999315958932377,1.3143196105957031,-2.941382323614941,-0.5786131144280655,1.3220558955309547
21.200000524520874,0.32273271439287166,1.7810430645582143,0.1789070426950392,0.7307208401400853,1.6143586099965517,-0.02377620285512541,-1.4205064871527755,0.38843981965241875,-3.2446336231089465,-0.6853347709762581,1.3243350982666016,-2.9431889246698204,-0.570063400007395,1.3242363192509927
21.22004461288452,0.32425119980292827,1.8520475005438044,0.1820528166331365,0.7529002008504943,1.682283568185156,0.1569427294983668,1.1065287833511084,3.3887776264145297,-3.2446336231089465,-0.6853347709762581,1.3243350982666016,-2.944963554798429,-0.5615112419944426,1.326438524732575
21.240138053894043,0.31865775270449775,1.868170098159133,0.17113812717016746,0.7485710867258697,1.7030597714709377,-0.5431966310696605,-0.2154491170811988,1.0339793605254894,-3.242760538353904,-0.6707379483196552,1.3243350982666016,-2.946712618350143,-0.5529262319877882,1.3286700625187124
21.25997519493103,0.3203694255494962,1.8036317162914333,0.17496746211890302,0.7669842957484252,1.6230245978688504,0.1930386511642768,0.9282188894167352,-4.034612319026103,-3.242760538353904,-0.6707379483196552,1.3243350982666016,-2.948410069954987,-0.544439404970173,1.330896235976729
21.27995729446411,0.32430204204929947,1.819871067955194,0.18890763755552697,0.7790745867960278,1.633795396205463,0.6976331698050806,0.605056091707817,0.5390223544218221,-3.248930651226458,-0.6615318189407948,1.3243350982666016,-2.9500906034393397,-0.5358793827786328,1.3331615133062504
21.29992938041687,0.31654877643843443,1.6398955051401525,0.1662663455046823,0.7771243958635135,1.4344652116678056,-1.1336468361091334,-0.09764583114288959,-9.980438949098527,-3.240887451320203,-0.6561411224016014,1.3362751007080078,-2.9517409875251537,-0.5273126840199968,1.3354481765002577
21.319941997528076,0.32046359989184325,1.637617202851917,0.18666824285968395,0.7647402299836017,1.436007468932123,1.019451740950843,-0.6188179092767058,0.07706424680726795,-3.2470575639289807,-0.6469349934064896,1.3362751007080078,-2.953365433790794,-0.5187178275730602,1.337761686116501
21.33990788459778,0.3149298187954978,1.6349539020792745,0.17604660738840466,0.7602169767101586,1.4367156998769608,-0.5319891590190056,-0.2265490763146207,0.03547205002038591,-3.2451844787421193,-0.6323381693229508,1.3362751007080078,-2.9549569705320002,-0.5101325276745265,1.3400915642552238
21.360017776489258,0.3169928322583898,1.6506656234523653,0.1869682706936617,0.7771694977667221,1.4442117012205062,0.5430990561358771,0.8429941417907949,0.37275194635538944,-3.2451844787421193,-0.6323381693229508,1.3362751007080078,-2.9565306900305304,-0.5014749015830344,1.3424598498599105
21.380014181137085,0.3115032863087968,1.6492271633116593,0.18639387568588506,0.7727474473584499,1.4450152047341291,-0.02872491419796612,-0.22114227463148772,0.04018239917495446,-3.2433113922361745,-0.6177413448977771,1.3362751007080078,-2.9580664677438717,-0.4928560236867106,1.344835882130838
21.40006113052368,0.31552066804701356,1.640974793093517,0.21773182262149818,0.7569828894120956,1.4395721691264896,1.5632277176579077,-0.7863818899495236,-0.2715144086351006,-3.249481505420472,-0.6085352151681402,1.3543701171875,-2.9595771361530474,-0.484205447286687,1.3472386753252668
21.419912099838257,0.30806338315635434,1.708337833578052,0.2143263579595779,0.7603058702808707,1.5147334252383757,-0.17155155539028857,0.16739640347614174,3.7862763737537217,-3.241438307576864,-0.6031445200467414,1.3543701171875,-2.961044520543014,-0.47562989331215577,1.3496380771101204
21.439971208572388,0.31211801589726224,1.7189855739580375,0.2486447931470475,0.7725394762431831,1.5153448214722,1.7108654049557181,0.6098778427526405,0.030479730776075593,-3.2476084202336106,-0.5939383910846014,1.3543701171875,-2.9624985633925975,-0.46695495685056376,1.352082583609494
21.45991277694702,0.30486323649635283,1.771887440613931,0.2454696009830835,0.7759956924769335,1.573899762518515,-0.15922479638075532,0.17331717189038973,2.936325766673314,-3.2395652247164257,-0.5885476969972485,1.3543701171875,-2.963915546378137,-0.4583216569389653,1.3545322583838562
21.47999358177185,0.30898417058816463,1.800767193633837,0.27986648751986454,0.7883110136099486,1.5946795855758715,1.7129237018553494,0.6132882242741461,1.0348102697389492,-3.245735336581845,-0.5793415691863537,1.3543701171875,-2.9653137594751553,-0.44961900414630956,1.357018302695447
21.499916315078735,0.3036839267506974,1.7667023626092484,0.29558929983733495,0.7632075379790924,1.5656878545363588,0.789189519092595,-1.2600417444819758,-1.4552085094415192,-3.2438622506993884,-0.5647447440596272,1.3679389953613281,-2.9666726230654956,-0.44097608836767943,1.359503500881756
21.519933223724365,0.30606482649655,1.8214047100342174,0.31648330705522415,0.7850750129027824,1.612764911016456,1.0438178835596976,1.0924501535587587,2.3518644818501984,-3.2438622506993884,-0.5647447440596272,1.3679389953613281,-2.968009565081055,-0.4322837089374902,1.3620188577034473
21.53996753692627,0.3006342076936403,1.839534993425871,0.32629493944636717,0.7807120040508819,1.6333736165558896,0.4897413897977001,-0.21777681160968018,1.0286704281669525,-3.2419891657763027,-0.55014791959234,1.3679389953613281,-2.9693193019159643,-0.42357534207576636,1.3645545014880431
21.559913635253906,0.304843897503441,1.8594349145836382,0.36477106660421965,0.7740575863315496,1.6508407323493255,1.9290051881746269,-0.3336200198167138,0.8757159172946588,-3.248159278217242,-0.5409417910469203,1.3679389953613281,-2.970595157818497,-0.4148971510614367,1.3670965920795397
21.57988739013672,0.2978329102134501,1.885950402900965,0.3557088352169757,0.7977981893370634,1.6714658823444162,-0.4537069489644145,1.1885898843157736,1.0326125516258695,-3.240116079414263,-0.5355510952660822,1.3679389953613281,-2.971844751926363,-0.40619895069369594,1.3696594454818642
21.599947214126587,0.30219041903734956,1.8866325069505214,0.3935914752466876,0.7880573527565173,1.6683625432327158,1.888483171579455,-0.4855893344560721,-0.15470420444704758,-3.2462861918072337,-0.5263449666876905,1.3800163269042969,-2.973071576365691,-0.39745543048184023,1.3722503289813122
21.619879722595215,0.2968739232600121,1.9355700365805957,0.4042961900295029,0.7676480934876884,1.7302289911456674,0.5370480489028074,-1.023918253989527,3.1037963942332754,-3.244413107243861,-0.5117481419025989,1.3800163269042969,-2.9742627404199684,-0.3887598326022238,1.3748412527847294
21.639961004257202,0.29952554446485863,1.9736084330163355,0.42018189805206996,0.8081308232281947,1.750857501903303,0.7910704251829591,2.0159435250160262,1.0272507056501368,-3.244413107243861,-0.5117481419025989,1.3800163269042969,-2.9754347742503438,-0.3799918783959838,1.377467759900291
21.659912586212158,0.29425252167947497,1.996945143860605,0.4286005092472925,0.7884695116435225,1.7839303070103494,0.42195206446430716,-0.9854512604093664,1.6576532718916024,-3.242540021889161,-0.49715131826875214,1.3800163269042969,-2.9765714541615744,-0.3712733551228386,1.3800930726014797
21.680023193359375,0.2986666639729849,2.028007767311689,0.4635886083412246,0.8006882674830784,1.8046604680126768,1.7397833311449429,0.6075776703363681,1.0308073172816332,-3.2487101343301004,-0.4879451897233327,1.3800163269042969,-2.9776892409541387,-0.3624782536921784,1.3827548457378493
21.699939966201782,0.2918906913773859,1.980931634714536,0.4512929380022182,0.8083565233067346,1.7512808332045373,-0.6173525418147163,0.38501497628816345,-2.6801347402267086,-3.240666936846205,-0.48255449428412933,1.3900680541992188,-2.9787686597036673,-0.3537611210172562,1.3854059575594326
21.72005271911621,0.2866988076936472,1.9881055042886153,0.45608536431656144,0.7894449175880887,1.7667275847547224,0.23827798883290563,-0.9402793242231351,0.7680078215003419,-3.238793852330801,-0.46795766953200957,1.3900680541992188,-2.979830902540993,-0.34495150879851616,1.3880979296533495
21.739945650100708,0.2911453332545488,2.019113015568514,0.4909954915143036,0.8011434328640235,1.7871513637433327,1.7549011367378833,0.5880739889487208,1.0266852584230546,-3.2449639642441888,-0.45875154175408683,1.3900680541992188,-2.980854119957795,-0.3362317642875511,1.3907747057892732
21.759960174560547,0.28446887521355635,2.008830444769451,0.47464501643572776,0.8100464204954357,1.7759326172036736,-0.8169304802312289,0.44482633845620534,-0.5605302570226278,-3.2369207654891783,-0.4533608460062204,1.3900680541992188,-2.981856141612938,-0.32745244575303634,1.3934817556832255
21.779907703399658,0.28898847052906285,2.0402427881424696,0.5096768590744383,0.8218865667424077,1.796475050007584,1.7561996235856148,0.5935645634338846,1.0298234417705197,-3.2430908779301175,-0.4441547174608007,1.3900680541992188,-2.9828274734027884,-0.31869644445822004,1.3961932560555521
21.799984216690063,0.2839117150040937,2.004750706724878,0.5082550734439518,0.8001024175588273,1.7665045422667052,-0.07081835425905017,-1.0850563974169372,-1.4928143800348974,-3.2412177939902334,-0.4295578919741563,1.4015998840332031,-2.9837775920607426,-0.3098778785314255,1.3989355399457186
21.819957494735718,0.2868891629012498,2.0574843554703857,0.5133670983704864,0.8272747728075847,1.8125431155126255,0.2559432114673271,1.360435437119919,2.3050083787291586,-3.2412177939902334,-0.4295578919741563,1.4015998840332031,-2.984695511735055,-0.3010989311313581,1.4016765388629153
21.8399600982666,0.28186183719212043,2.0763382386284364,0.523919171962081,0.8226332613588916,1.8330203762498762,0.5275350068955935,-0.2320453655708683,1.0237297712587317,-3.239344707939938,-0.414961067297122,1.4015998840332031,-2.985587533321414,-0.29230154115208884,1.4044340048523167
21.86000680923462,0.27546435512981454,2.0905283093239317,0.4928901083571429,0.8331500948261501,1.852897426372987,-1.5478381293790155,0.5246164063539908,0.9915367241450451,-3.2313015122549142,-0.40957037365946114,1.4015998840332031,-2.9864542208597378,-0.2834793544941226,1.4072096727436958
21.8801212310791,0.28012387971077923,2.1197100784084144,0.5181897846662777,0.8452710135101316,1.8735439886197705,1.2577878949115688,0.6025984131035984,1.0264556648167875,-3.2374716245280153,-0.40036424556373396,1.4015998840332031,-2.9872964198686858,-0.2746221160815486,1.4100065380148439
21.899988889694214,0.27501119247049133,2.04726836301376,0.5037179803001082,0.8266481906755292,1.80394809109694,-0.7284101587673555,-0.9373436092986291,-3.5029742996435593,-3.235598539796804,-0.38576742122833463,1.4135379791259766,-2.9881013776952923,-0.2658685608261096,1.412780344657815
21.919923782348633,0.26864650154339814,2.048897329055712,0.4597270877677377,0.8369703961438254,1.8127635879405437,-2.206728337843298,0.5177958892097719,0.44221441250898774,-3.227555341305569,-0.38037672509672005,1.4135379791259766,-2.9888822313522683,-0.2570805682454845,1.4155744177924297
21.940061330795288,0.27335271568266734,2.075460454131622,0.47507968515309784,0.849047255328608,1.8332905246136058,0.7623866145389774,0.5997184422311607,1.0193364265485578,-3.233725454633773,-0.37117059546599895,1.4135379791259766,-2.9896437872310733,-0.2481985104207981,1.4184075898540436
21.96021008491516,0.2685529691081807,2.048136674320859,0.4489776603186662,0.8312172809678186,1.8172398655800373,-1.2954659468838712,-0.884916965818918,-0.7966080154671934,-3.2318523691592027,-0.3565737723148168,1.4135379791259766,-2.9903784169661516,-0.23930693799541353,1.4212527181230616
21.98022198677063,0.2719999251638222,2.081993408284907,0.4455503089542992,0.8712617254160268,1.8376845431568554,-0.17126564926813265,2.0010314230711193,1.0216259166407564,-3.2318523691592027,-0.3565737723148168,1.4135379791259766,-2.991081022314034,-0.23047140946822328,1.424088425182634
22.000110149383545,0.2668757021072633,2.0221919488148723,0.4157574514746586,0.8502097629326942,1.787050468903696,-1.4980196038971256,-1.0585172141373045,-2.545940278076696,-3.22997928404414,-0.3419769465854532,1.4278564453125,-2.991752632980355,-0.22168638717999256,1.4269160113170183
22.019951343536377,0.2607410811174688,2.050030900706096,0.3712234723497123,0.8608667026682301,1.823109527061827,-2.2445211100658335,0.5371118115899649,1.817383463937535,-3.221936086656182,-0.33658625121219377,1.4278564453125,-2.992396224966068,-0.2129181744996955,1.4297459107981043
22.039960384368896,0.2558833461210204,2.0644075133019673,0.3620369321358164,0.856015043340637,1.8433518075293782,-0.4591194695832482,-0.242473358328496,1.011656712432346,-3.220063000965805,-0.3219894284777318,1.4278564453125,-2.993018564197761,-0.20407196285761853,1.4326084824021201
22.060044527053833,0.2607629231107053,2.082751651081533,0.36160931274936375,0.8550343728841819,1.8644059016754744,-0.02129139357157427,-0.04882809646590659,1.0482943920671863,-3.2262331137184885,-0.31278329958153583,1.4278564453125,-2.993616316594484,-0.19518885736204222,1.4354902467308899
22.080063104629517,0.25484203780003106,2.105942823387028,0.33362471838076724,0.8784173188666419,1.8846943350516607,-1.3979312097873118,1.1680623108238726,1.0134802684897328,-3.218189916378499,-0.30739260424124826,1.4278564453125,-2.994185312827537,-0.18633124296220682,1.4383706558541536
22.10009002685547,0.24980513676394325,2.022390063698253,0.3081192581504167,0.8602944137252477,1.804166736811039,-1.2735586598173816,-0.9049271244439816,-4.020967242598515,-3.2163168309518975,-0.29279578112303795,1.4415569305419922,-2.9947278037893725,-0.1774665949087189,1.441259942392226
22.119845867156982,0.2450390751618237,2.0062509574814076,0.2852302205611447,0.8422384776124556,1.7984218004969685,-1.1585960019892563,-0.9139543465234773,-0.2907968593788592,-3.2144437458848034,-0.2781989554266464,1.4415569305419922,-2.9952367763932384,-0.16871883172996643,1.4441172816596324
22.140135526657104,0.23916026651455424,2.0126114533291863,0.2571870826009067,0.8659629013305572,1.7984904559474921,-1.382139407517868,1.1692864396250138,0.0033837655345166535,-3.206400548544814,-0.27280826008635883,1.4415569305419922,-2.9957324752829053,-0.15973162822439413,1.4470588678536513
22.160118341445923,0.2345081855696214,1.974979247998461,0.23578713312821192,0.8479163845754663,1.7680456053632256,-1.0709176709514125,-0.9031018375443838,-1.523551657061962,-3.2045274639575076,-0.25821143584987505,1.4415569305419922,-2.996193937740854,-0.1508774883650282,1.449962563808505
22.17994785308838,0.23840134717715392,1.9918887293998795,0.23255182256402598,0.8872562517612476,1.7681393338317537,-0.1631563410396333,1.9839049944907634,0.004726715928161696,-3.2045274639575076,-0.25821143584987505,1.4415569305419922,-2.9966256567756333,-0.142088632897601,1.4528500940004725
22.199892044067383,0.23337241664399025,1.93287610952947,0.21051600385906202,0.8673296006808873,1.7144773053883575,-1.1048740321511161,-0.9991205510084575,-2.6906094360953756,-3.2026543791066313,-0.24361461425751663,1.4570388793945312,-2.9970335701369963,-0.133246446270451,1.4557601049390767
22.219940662384033,0.22771527548787232,1.9678293424540663,0.17511137658522166,0.8792769085840808,1.7517306998635531,-1.7659385157947167,0.5959167716446221,1.8581527109155762,-3.194611182030418,-0.23822391853348068,1.4570388793945312,-2.997417058561941,-0.12435559363161033,1.4586908309854616
22.23997664451599,0.22300335826443143,1.9646139285977446,0.16610278030878964,0.8741276859840766,1.7515760170229775,-0.44962089789763965,-0.2569987618321439,-0.0077202524716221575,-3.192738096795485,-0.22362709328678143,1.4570388793945312,-2.9977737238058917,-0.1154681356288365,1.4616248297143726
22.25989818572998,0.2175531837434932,1.9751396020868128,0.13240058919856737,0.8757726035924087,1.7654089833544235,-1.6917461730599435,0.08256979671718294,0.6943722969451925,-3.1846948994554958,-0.21823639794649385,1.4570388793945312,-2.998102027697258,-0.10662941168731975,1.464546780838244
22.280040979385376,0.2129399940948074,1.9724581639155705,0.1233378253681062,0.8506115721439769,1.7753419227195086,-0.4499258635871293,-1.2491331579367164,0.49312620359512227,-3.1828218131652553,-0.20363957197441152,1.4570388793945312,-2.9984073107912197,-0.09769062055387151,1.4675055929246463
22.300093173980713,0.20734542493646763,1.9030423192774502,0.09126987026767422,0.8420486706598725,1.704169567848857,-1.5992242119917037,-0.4270306396336092,-3.5493548864323556,-3.174778616832605,-0.19824887732653518,1.4718132019042969,-2.9986846057229295,-0.08879030006821306,1.4704551304872566
22.320000648498535,0.20253952052308863,1.8940762993091202,0.0810238964080692,0.8052759574188749,1.7124516893093658,-0.5146797425475672,-1.8471812287428357,0.41603074529087314,-3.1729055313341017,-0.18365205472396084,1.4718132019042969,-2.9989336480262794,-0.07995266053273391,1.473386998722384
22.34011960029602,0.2071100920712828,1.9019908950492515,0.0777416285733443,0.8248476926806843,1.712060713852277,-0.16314308358426274,0.9728009420578055,-0.0194331921973012,-3.1729055313341017,-0.18365205472396084,1.4718132019042969,-2.99915877700139,-0.07101971912550048,1.4763533092003116
22.360002517700195,0.20235884735200652,1.8724734490387382,0.0697260325259737,0.788538599670576,1.696909536355071,-0.4031398352883347,-1.8261451411795537,-0.7620198378948491,-3.171032447897836,-0.16905522901842795,1.4718132019042969,-2.999355047057268,-0.062190338418324234,1.479287711874016
22.380086421966553,0.1977957936758119,1.8612520664317151,0.06079692321485311,0.7631271324532765,1.6965258526287115,-0.4445903143482792,-1.2652653030151302,-0.01910404079162341,-3.169159363454436,-0.15445840488086038,1.4718132019042969,-2.999526853876491,-0.05327060677340126,1.482254332317089
22.400053024291992,0.19242587575162332,1.8196746252222085,0.03732110356779969,0.752735393317021,1.6562645635748945,-1.1757543554189425,-0.5204560579150387,-2.0164316591070715,-3.161116165155075,-0.1490677088811334,1.4881000518798828,-2.9996713198379807,-0.0444020367349544,1.485205806985755
22.42007350921631,0.18766686183435044,1.858372603668755,0.03454857230656849,0.7183069663414761,1.7135898670112026,-0.13848472061052564,-1.7196599935363694,2.863332414425297,-3.159243079440765,-0.1344708866952795,1.4881000518798828,-2.9997898179334452,-0.03550875285336497,1.488167065956262
22.4399151802063,0.18272720084956692,1.8767164965233811,0.006669084125229818,0.7208066286441921,1.732760264936416,-1.405097796219047,0.12598043299765765,0.9661685215365418,-3.1511998821487444,-0.129080191387964,1.4881000518798828,-2.9998812241127344,-0.026694283793920977,1.4911033145462382
22.460018634796143,0.17805834447526428,1.9050897427554037,0.00627766586083045,0.6876060742751009,1.7766613086019445,-0.019470199146623894,-1.6514850331178448,2.1837562031605886,-3.149326798496671,-0.11448336609915111,1.4881000518798828,-2.999947410044037,-0.017763048934622504,1.4940793988661363
22.480090141296387,0.17347716350608278,1.9242380608573142,-0.02166095978631216,0.6902382112505127,1.7960495899063438,-1.3919545922874688,0.13113798784260378,0.9659604426884181,-3.141283602044151,-0.1090926719339389,1.4881000518798828,-2.9999869588093135,-0.008845693514764788,1.4970514867653562
22.49997329711914,0.16842708956877775,1.8538162256942115,-0.020103593516447138,0.6583221754344243,1.7328711312461016,0.07832590981773645,-1.6051795852026802,-3.177486472642434,-3.1394105161136228,-0.09449584564405211,1.5022697448730469,-2.9999999999765405,-1.1864031522962294e-05,1.4999960453228258
22.519901037216187,0.16387451085421514,1.8715323893380167,-0.036487184348500706,0.6570298834079569,1.7520313644534196,-0.8221499654384936,-0.06484890008471067,0.9614855028221837,-3.1313673200927172,-0.08910515064539926,1.5022697448730469,-2.9999869703637865,0.00884177405429741,1.502947206815944
22.539958477020264,0.15908424796201087,1.8808090785259277,-0.045502731702714,0.6312374139067994,1.7711328630448353,-0.449486447038005,-1.2859302958453602,0.952339818940048,-3.129494232147921,-0.07450832749144332,1.5022697448730469,-2.999947470242385,0.017752880019987066,1.505917212208298
22.55997896194458,0.1544458146731014,1.8744876834234598,-0.041108956893390655,0.6036691072056535,1.774147045195216,0.219463955340401,-1.3770049429553102,0.150554902230149,-3.1276211506544325,-0.05991150368636888,1.5022697448730469,-2.9998816422907275,0.02664725530162645,1.508881016724595
22.58011507987976,0.15020598335604596,1.8942055792465948,-0.06904512328211691,0.6060478328502397,1.7933079968865953,-1.387366049337534,0.1181322860862975,0.9515712886197599,-3.1195779524030405,-0.054520807719613984,1.5022697448730469,-2.999788824827853,0.03559252829837477,1.5118608356577918
22.599912405014038,0.14506126554483464,1.85849091647069,-0.05944326853537857,0.5812708564630839,1.7642503155325122,0.4850076806645747,-1.2515315184805769,-1.4677579499753832,-3.1177048680555774,-0.039923983647990324,1.5164070129394531,-2.9996715471939464,0.04438668130575494,1.5147890812654985
22.619913339614868,0.15050929089716278,1.9117441089402423,-0.047255731502601914,0.6035049742595635,1.813370943836875,0.6093483767638962,1.1116539421891265,2.45591665013115,-3.1177048680555774,-0.039923983647990324,1.5164070129394531,-2.9995268557390786,0.053270501962077936,1.5177456328119332
22.64003610610962,0.1457662944034652,1.9219195852393476,-0.05611016203617922,0.5775510545599816,1.8322285122821096,-0.44002053772710537,-1.2897789032314229,0.9371260383185165,-3.1158317837560827,-0.025327159609338734,1.5164070129394531,-2.999354691065273,0.06220749029283702,1.5207179906612354
22.65990400314331,0.14187278436035453,1.9549344425394741,-0.06676445361156867,0.5853433187274559,1.8640505308553739,-0.5362566333680013,0.39220377246069194,1.6016802643632295,-3.107788585504691,-0.019936463642583835,1.5164070129394531,-2.9991585284685605,0.07103020210673011,1.5236501733642427
22.680020809173584,0.13720714126359898,1.9656394721260428,-0.07562550735464979,0.559284748459844,1.8828754306000992,-0.44048015026571663,-1.2953632017128782,0.935779751338064,-3.105915500989389,-0.0053396400206520145,1.5164070129394531,-2.998933393687224,0.07996218637129829,1.5266161630076402
22.699885606765747,0.1330851130175509,1.9109397209896875,-0.08471927483699739,0.5693410051390941,1.8221866209569324,-0.45778304259869235,0.5062350438052016,-3.055093280543131,-3.0978723040091127,5.1055637440011736e-05,1.5288200378417969,-2.998684885019353,0.08878088352338495,1.5295417471840522
22.720017671585083,0.12821205776393035,1.9233070258340665,-0.07480325023278159,0.5529029394455747,1.840601186821778,0.4925488117190992,-0.8165116614233949,0.9146883854237952,-3.0959992194938106,0.014647879259371388,1.5288200378417969,-2.998406460789884,0.09771665067606317,1.5325030284662773
22.740222215652466,0.1250021731327207,1.9430252878192598,-0.1026321293921103,0.5550477458130776,1.8592299252619024,-1.3773574432819913,0.10615465314881231,0.922007365174736,-3.08795602119445,0.020038575259098135,1.5288200378417969,-2.9981001225321777,0.10668283028250716,1.5354708900380654
22.760075330734253,0.12011569274811743,1.9303384014138878,-0.0919347522846301,0.5392817903172535,1.8511967739621051,0.5388261269534361,-0.7941300612460284,-0.40462926179110215,-3.086082937566413,0.03463539996633069,1.5288200378417969,-2.9977728330347384,0.11549119081206824,1.53838278685425
22.77995538711548,0.12672150047114034,1.9531884267433646,-0.0949383736104853,0.5576267389030068,1.8694876719681286,-0.1510871633488807,0.9227815170120941,0.9200626826841949,-3.086082937566413,0.03463539996633069,1.5288200378417969,-2.997418977598951,0.12430948854950762,1.5412939594914625
22.799983739852905,0.1210405855522071,1.9101833432976782,-0.07934826881460808,0.5464092327558978,1.8286446367753173,0.7784017487740849,-0.5600813154317483,-2.0392608283000913,-3.084209853362855,0.04923222393903859,1.5426692962646484,-2.997036028207438,0.13319136541592438,1.544221752724024
22.820194721221924,0.11835886984622011,1.953803586356327,-0.0883124788167007,0.560356699289488,1.8696389303032512,-0.44353165432302477,0.6900934832867754,2.0283178129476758,-3.0761666571261426,0.05462291852097101,1.5426692962646484,-2.9966226461242873,0.14215182731483691,1.5471706860907248
22.840001583099365,0.11327484419854784,1.96394057403555,-0.09697802569522544,0.5336941528380927,1.887545600005937,-0.43750226220308885,-1.3461267421550476,0.9040639457924499,-3.074293572706777,0.06921974207695847,1.5426692962646484,-2.996191247287046,0.15093063617963168,1.5500548820354214
22.859944820404053,0.1110426614530745,1.9914420410028297,-0.10497864782868328,0.5483120837391148,1.9115895859203795,-0.40116968028943617,0.7329768320806275,1.2056210106265555,-3.0662503745033542,0.07461043801074152,1.5426692962646484,-2.995730566033099,0.15976722817023464,1.5529527959429048
22.87997817993164,0.10612928495727597,2.0021705668474636,-0.11366945910240338,0.5217457709932123,1.9296496011629574,-0.4338169672316817,-1.3261037276008592,0.9014970862828787,-3.064377290083989,0.08920726156672898,1.5426692962646484,-2.9952411930332055,0.16864090315573527,1.5558572375003603
22.899893760681152,0.11245185133531053,1.9329862937532791,-0.09564139402930524,0.554299574941347,1.8493352094214859,0.9052241709567088,1.6345897394397004,-4.032741638399904,-3.064377290083989,0.08920726156672898,1.5562915802001953,-2.9947282318036224,0.17745942279933305,1.5587377173940788
22.919978857040405,0.10728459409133964,1.923547804759454,-0.08433289004435096,0.542281611317863,1.8435983225415955,0.5630296107464084,-0.598352301055675,-0.28562904440572795,-3.0625042061442076,0.10380408592318524,1.5562915802001953,-2.99418414795956,0.18634981547873847,1.5616353907443041
22.939947843551636,0.10565969371086284,1.9231887825125376,-0.11179843423152774,0.5438580244949094,1.8412970027885045,-1.3754100225231902,0.07894307385904681,-0.11524469465672434,-3.0544610079887526,0.10919478182399622,1.5562915802001953,-2.993616538364611,0.19518548495795685,1.5645086578898184
22.96025538444519,0.10066503649501093,1.889331554587864,-0.09996017117577764,0.5318782512989135,1.8101622063050355,0.5829491181528232,-0.5899174724694539,-1.5331642884122259,-3.0525879240969394,0.12379160614748042,1.5562915802001953,-2.9930119967787947,0.2041673654215445,1.5674224282291072
22.98011589050293,0.09965732392583769,1.8891131033687176,-0.127392555303479,0.5332410554171038,1.807809013969753,-1.381253027891074,0.06861880126459174,-0.11848602087184204,-3.0445447266850483,0.1291823009721318,1.5562915802001953,-2.9923940890866083,0.2129478865179112,1.5702636912900856
22.999924659729004,0.10207448948380565,1.837639132151122,-0.08615866869685691,0.5410052875970767,1.7540831059597828,2.0815976063947508,0.3919593434282062,-2.712228478044506,-3.050714840037288,0.13838843002127232,1.5719013214111328,-2.991751480193039,0.22170177314801115,1.5730889477427044
23.020006895065308,0.10105364245876144,1.8815058563858453,-0.09494317978410499,0.5665962295489846,1.7916525312927143,-0.4374269567177045,1.2743074425408127,1.8707790593916247,-3.0426716431049794,0.1437791256463925,1.5719013214111328,-2.9910731379212754,0.23057249603813057,1.5759440646670209
23.040231227874756,0.09577527071513393,1.8773559973129355,-0.10329556158850316,0.560153046005407,1.7888611272689185,-0.4129867661442046,-0.31858571574571104,-0.13802205739472773,-3.0407985580379884,0.15837595021259565,1.5719013214111328,-2.990362619401168,0.23950173400659897,1.5788097060406028
23.060024738311768,0.10385665907694192,1.794325211917044,-0.08432011251075312,0.613332366903236,1.684136720238649,0.9586702236642168,2.6867048706221097,-5.290845571003223,-3.0407985580379884,0.15837595021259565,1.5719013214111328,-2.9896405903889622,0.248236483771427,1.5816045419676017
23.08001732826233,0.09864330715029805,1.7897114854732301,-0.09247090249922868,0.6064221471687133,1.681299649928311,-0.40769054978025143,-0.34563904684738334,-0.1419060920747935,-3.038925473666592,0.17297277373561126,1.5719013214111328,-2.988884498695916,0.25705459622509663,1.5844173110395605
23.10005497932434,0.09744547274449131,1.5815832071445,-0.09763457747315896,0.6408015506868197,1.442652523319627,-0.2576986173653759,1.71574020386473,-11.909935244911116,-3.030882276734284,0.17836346936073122,1.5894031524658203,-2.9880996300352005,0.265887891078375,1.587225791032608
23.119938135147095,0.09172482709039305,1.5898066109158162,-0.07765799790351259,0.6420549647374972,1.4523152955640117,1.004698637767831,0.06303898947687159,0.48597779600594526,-3.0290091924108564,0.19296029285077476,1.5894031524658203,-2.987293973779547,0.274648273219065,1.5900017363399648
23.14000391960144,0.1000849789628239,1.6017503248981586,-0.0598801301352323,0.6799685338365837,1.4490207956818533,0.8859792054842933,1.88946358839589,-0.1641849532299229,-3.0290091924108564,0.19296029285077476,1.5894031524658203,-2.986453764350345,0.28348407711285506,1.5927918158376921
23.160020112991333,0.09457431095932818,1.4098232172012497,-0.026819122794318154,0.6809453478758773,1.2341781360964168,1.6517130253951637,0.048801189130540205,-10.73344243835713,-3.0271361099820324,0.20755711673370847,1.5894031524658203,-2.98558840266902,0.292292831666781,1.5955632600334697
23.18008780479431,0.09506384833377439,1.4174255002030525,-0.03363275564102993,0.7022230163171147,1.2307910958925392,-0.33953246410234755,1.0602947588660518,-0.168780756508074,-3.019092911083014,0.21294781371067906,1.5894031524658203,-2.9846934614052545,0.30111884101083786,1.5983296896851904
23.19987463951111,0.09834190812425403,1.3702805562944984,0.023954752909789837,0.7138803302762576,1.1693886637112798,2.910395188267996,0.5891449605755862,-3.1031962949149925,-3.02526302395567,0.222153941959351,1.6173553466796875,-2.983784173626206,0.3098158659095255,1.6010451364352134
23.220163822174072,0.09839078680396271,1.4811274205031477,0.03177275700124371,0.7363426163246625,1.284728951593681,0.385328685798909,1.1071065020971878,5.684816870072587,-3.0172198281266382,0.2275446368261158,1.6173553466796875,-2.9828240407661073,0.3187278369443079,1.6038164857247283
23.239940881729126,0.09224741367181684,1.4741823421781104,0.043853438459068896,0.7286921096123816,1.2807412944516599,0.6108431551311255,-0.38683742095148227,-0.20163043605752928,-3.0153467441149555,0.24214146066693587,1.6173553466796875,-2.9818610268470813,0.3274090295902772,1.6065048278857066
23.25995635986328,0.10050180157729104,1.5835298483370026,0.07525237780469989,0.7672125525548287,1.3832168157636218,1.5687329143564395,1.9245327383268507,5.119813807350086,-3.0153467441149555,0.24214146066693587,1.6173553466796875,-2.980859092952993,0.3361887952780029,1.6092120739858646
23.279993772506714,0.09458771710013923,1.5770696549403267,0.08775863583384702,0.7600074135960325,1.3790706470842067,0.6241453550763769,-0.35958429798358627,-0.2069213602173341,-3.013473658880125,0.25673828478344674,1.6173553466796875,-2.9798284789247154,0.3449718832084837,1.611908310700975
23.29997682571411,0.0989123494023424,1.5648480359837014,0.09309519680280053,0.7811598201776522,1.3527276131558466,0.2670543341684133,1.058517252698367,-1.3182687177457089,-3.005430463051094,0.26212897965021154,1.6407222747802734,-2.9787731121121994,0.353724686008273,1.6145829350414915
23.320213556289673,0.10013252976844833,1.6384514514601358,0.14040067564102904,0.7915629604000476,1.4276690403570713,2.3376048152440205,0.514072180955878,3.703237878342179,-3.01160057649927,0.27133510863340815,1.6407222747802734,-2.9776762465029902,0.3625818210080663,1.6172765751116966
23.340225219726562,0.10055750404118527,1.6440283922045345,0.13415579589388676,0.8124632380403541,1.4229318548812122,-0.312062001584057,1.0444048145332498,-0.23672122463975404,-3.0035573783917835,0.2767258045012473,1.6407222747802734,-2.976563700529078,0.37133357798653877,1.6199251074108154
23.3599636554718,0.09421489865594185,1.678635088188134,0.15394517088212353,0.8034104256240626,1.4658268423169978,1.0025807132669973,-0.4586387965659834,2.173170558671625,-3.0016842944280686,0.2913226283090955,1.6407222747802734,-2.9754391186649336,0.3799589686060416,1.622522355641016
23.380141735076904,0.10242059310516288,1.6945615340500777,0.17268368840563636,0.8410741489624943,1.4609289552842035,0.9286571314137505,1.86656629746408,-0.24273306125503152,-3.0016842944280686,0.2913226283090955,1.6407222747802734,-2.9742614754136576,0.38876917989880416,1.6251615398172183
23.400118827819824,0.09970870798453232,1.706907122704708,0.19106412327050404,0.8309810754611451,1.4786807899490604,0.9200755636168273,-0.5052323494331442,0.888609513571402,-2.9998112095049834,0.30591945277638266,1.6567840576171875,-2.973067585234622,0.3974842169460068,1.627758224788626
23.42004919052124,0.10047442791924914,1.785023258005812,0.18625279649219964,0.8483027533776654,1.559487212526089,-0.24140688508205432,0.8691100195226056,4.054438134800602,-2.991768012356868,0.3113101479847824,1.6567840576171875,-2.9718486765875323,0.4061713088030411,1.6303323866601134
23.440202474594116,0.09418379605889413,1.7782349618016549,0.19937953457300267,0.840904124356413,1.554106699749911,0.651344864357374,-0.3671177855925742,-0.2669794539054646,-2.9898949287528658,0.32590697211043484,1.6567840576171875,-2.970587814878358,0.4149476707606038,1.6329182499042698
23.460089206695557,0.10209046791194547,1.8470354606774508,0.21625323605795096,0.8734123986662019,1.6130484533176859,0.8484904105348764,1.6346715058043264,2.963873263194697,-2.9898949287528658,0.32590697211043484,1.6567840576171875,-2.9693156336867577,0.4236000095024657,1.6354527028036439
23.48001742362976,0.09577974945996745,1.8575752908528562,0.229378775422673,0.8655323170808413,1.6275211662713756,0.6586409315021958,-0.3954233141568967,0.7262422424180468,-2.988021844885088,0.3405037958523389,1.6567840576171875,-2.9680128273263655,0.4322622604262316,1.6379749161697277
23.50016450881958,0.0992449124702799,1.838008925851139,0.21973213686511145,0.8798910245925425,1.5986827028458885,-0.47881063025613985,0.7126940386868919,-1.4313963113661514,-2.979978648792281,0.3458944903353556,1.6655101776123047,-2.966667170197664,0.4410111499872774,1.6405066129560593
23.519976377487183,0.09280463965840643,1.8614353847313734,0.22641427304910738,0.8644457750853609,1.632915114274698,0.33727945082348204,-0.7795957951426635,1.727873932699152,-2.9781055631735995,0.3604913158458303,1.6655101776123047,-2.9653158295601907,0.4496059791296949,1.6429779641385216
23.53995990753174,0.1008137840117579,1.893516522661508,0.24552178809972336,0.9012964385553304,1.647054523386497,0.9561631507553215,1.844051746003159,0.7075531240112987,-2.9781055631735995,0.3604913158458303,1.6655101776123047,-2.963924502443091,0.45826650513407907,1.6454520390402905
23.560160875320435,0.0945929760579053,1.8988925800696854,0.25108952786987293,0.8843764165808193,1.6615129952646954,0.27561747676589393,-0.8375847212616641,0.7157316436239654,-2.976232480145118,0.3750881407060078,1.6655101776123047,-2.962489085743008,0.46701209409185984,1.6479335731701719
23.580075979232788,0.09660895142794464,1.9197476334202392,0.24557781370227627,0.9044227316796017,1.6754527853273056,-0.2767605025740134,1.00658852632687,0.6999606993746676,-2.968189284100279,0.3804788351560522,1.6655101776123047,-2.9610453955108005,0.4756247272392703,1.6503604722845864
23.59993624687195,0.09133705412175248,1.917868909097991,0.2458547904115858,0.8732157442326676,1.6897546681517355,0.013946272746264591,-1.5713276383748596,0.7201253822093353,-2.9663162000646626,0.3950756584482642,1.6715526580810547,-2.95957733023644,0.4842043245085621,1.6527610116553124
23.619898319244385,0.09379684285116714,1.9657616085351453,0.22856094977138272,0.86197778599083,1.751848421036658,-0.8663349334452014,-0.5629655094004611,3.1105865025647916,-2.958273003540036,0.40046635435821676,1.6715526580810547,-2.9580731228495662,0.4928182964999498,1.6551536776491462
23.639913082122803,0.08751250811554863,1.9674004624076677,0.242214093870055,0.8336497208496244,1.7655098569931453,0.6821536773435639,-1.4153585187737534,0.6825679644308192,-2.9563999179215603,0.4150631776083149,1.6715526580810547,-2.9565360486806735,0.5014451255518275,1.657531972841928
23.660068035125732,0.09578068255534618,1.9986686879776148,0.24883118710838434,0.8378062570090804,1.7974538214765985,0.3283110229712517,0.20622901769365604,1.5849188275859458,-2.9563999179215603,0.4150631776083149,1.6715526580810547,-2.954958875087717,0.5101221529499997,1.6599056089565778
23.680123567581177,0.08957839546813692,2.0009601801080947,0.2627579931399976,0.8094259376316899,1.8109747460713859,0.6944121809058548,-1.4150868066176068,0.6741743020199369,-2.954526835468598,0.4296600032030169,1.6715526580810547,-2.9533601625901666,0.5187459870956228,1.6622459248772379
23.700130224227905,0.09318105419559479,1.955615525304961,0.24346544352544985,0.7951608905710676,1.7699931691192994,-0.9643065283325314,-0.7130150385699191,-2.048397074819984,-2.946483637672856,0.4350506994216323,1.6763114929199219,-2.9517361090697163,0.5273382484277235,1.6645586760798676
23.720075607299805,0.0869369437162892,1.950632764229188,0.24277933414023292,0.7532469173523408,1.7828756146456275,-0.03439940876260108,-2.1014373636061383,0.6458860920288811,-2.944610553685208,0.44964752268087227,1.6763114929199219,-2.9500878626094105,0.5358934754749739,1.6668422323196597
23.740291833877563,0.09057732623729299,1.962093987366962,0.23805337826415487,0.7529830722971508,1.7961514126577836,-0.23377042485650534,-0.01305115245791383,0.65669020680455,-2.936567357952114,0.45503821748169315,1.6763114929199219,-2.9483874191718513,0.5445536907959199,1.6691338736496744
23.76010751724243,0.08440022781015412,1.9336767554448238,0.23723080911905325,0.7112232986829489,1.7824109394757666,-0.0415110157926715,-2.1074102187280155,-0.6934140462891074,-2.9346942736525166,0.46963504265053313,1.6763114929199219,-2.946691422269034,0.5530312259197161,1.6713573536796547
23.77998661994934,0.08845812584579939,1.9446824475636983,0.23226734515869193,0.7104909500953767,1.795283908485741,-0.2496824949063832,-0.03684012293561278,0.6475628804664483,-2.9266510769600513,0.4750257381107934,1.6763114929199219,-2.94496081178413,0.5615245821062802,1.6735649266513541
23.800097465515137,0.0828624172244108,1.9148016437318085,0.22789591081198604,0.667304884443461,1.7802339677332049,-0.21736700888105553,-2.147401784307149,-0.7483494765696379,-2.924777992492615,0.48962256282994154,1.682851791381836,-2.9431801775768633,0.5701051702229321,1.6757743851038873
23.819920301437378,0.08724083014175124,1.950082764150541,0.19850412713017357,0.6569636985969506,1.8253267097358536,-1.482723450726589,-0.5216804440633867,2.274787632785416,-2.9167347957042127,0.49501325835614574,1.682851791381836,-2.9413955469306505,0.5785510920406048,1.677928364112414
23.84003448486328,0.08138450639580151,1.951761729900939,0.19276426587839635,0.6278359601594581,1.837943904268278,-0.2853638713657822,-1.4481193603903104,0.6272784862931932,-2.9148617120283093,0.509610081966162,1.682851791381836,-2.9395546542938686,0.5871088933182513,1.6800894151273624
23.8599796295166,0.08895619622909899,1.9709463063349764,0.17830412411457075,0.635571121293429,1.8571177484362793,-0.7249955823919474,0.3878217615575523,0.961328909931444,-2.9148617120283093,0.509610081966162,1.682851791381836,-2.937699240381922,0.5955823857152963,1.6822074822056812
23.880072832107544,0.08065753281548488,1.965904943936011,0.14804518735425082,0.5897081442609834,1.8695211086493682,-1.5059290137232808,-2.282512049777455,0.6172913529812337,-2.904945432187697,0.5295975995435585,1.682851791381836,-2.9357997463011904,0.6041060240623717,1.6843158870724249
23.900238513946533,0.08802821523331714,1.9131517345197477,0.13388514302634416,0.5997589455147341,1.8117708285122014,-0.7021852492251948,0.49841117865491674,-2.863790106293838,-2.904945432187697,0.5295975995435585,1.6903438568115234,-2.933862697496938,0.6126472888562107,1.6864058942329674
23.920315504074097,0.08051729206615087,1.9033562375112398,0.09039790235594916,0.550935830660172,1.8196326268281116,-2.166023910660386,-2.4317945341584504,0.39158251640104097,-2.895029151555347,0.5495851204904632,1.6903438568115234,-2.9319034894128366,0.6211376906846917,1.6884604482425867
23.94009280204773,0.08719815253958836,1.918980249809024,0.09076241635119811,0.5658906009911514,1.8313970652605813,0.018430930035787566,0.7561584171365134,0.5948455875091823,-2.895029151555347,0.5495851204904632,1.6903438568115234,-2.92994347428273,0.629488154021004,1.6904583444646606
23.96009659767151,0.08067989803237419,1.8773965357706188,0.048432783594246326,0.5194895176440987,1.8034418923421778,-2.116080045660579,-2.3196139482595965,-1.3974934279558493,-2.885112871762498,0.5695726402952646,1.6903438568115234,-2.9279305644807536,0.6379206087906838,1.6924524912863728
23.9799747467041,0.08697741577755837,1.8736368275419553,0.04891807831680352,0.5342948640358123,1.7951743596097363,0.024413476413799342,0.7448050805655164,-0.4159105920217138,-2.885112871762498,0.5695726402952646,1.6903438568115234,-2.9258998347093774,0.646286287185029,1.6944072162325794
24.000036239624023,0.08142831049898527,1.8132186942592854,0.006565254209993432,0.49105948949813827,1.7454453610532568,-2.1111501659356575,-2.1551424268499746,-2.4788284079843623,-2.8751965893796556,0.5895601584899868,1.7009620666503906,-2.9238194689926456,0.654714868857324,1.6963523979195336
24.019962549209595,0.08704012421898562,1.8429585369005548,-0.0004191649456064539,0.5106492939212601,1.7708001839996235,-0.3505124280843919,0.9831125196060843,1.2724294399564193,-2.8751965893796556,0.5895601584899868,1.7009620666503906,-2.9217222530690243,0.6630722441270758,1.6982566817229732
24.040016889572144,0.0823611278352574,1.822212396887317,-0.03019358791642908,0.46384750392550705,1.7619284490922524,-1.4846872264333313,-2.33374866236711,-0.4423847779076723,-2.865280309154987,0.6095476797217243,1.7009620666503906,-2.9195803787666637,0.6714685160648066,1.7001448487871997
24.059992790222168,0.088497199199685,1.8270558633223999,-0.059790664581474334,0.46866463037497497,1.7649112352651488,-1.4816391602853252,0.24114689664628589,0.14931923346809065,-2.857237112414553,0.6149383752149564,1.7009620666503906,-2.91741564636809,0.6798169331030539,1.7019969790875102
24.080013751983643,0.08383430615701071,1.810812501454228,-0.06480350410130174,0.4381026296177698,1.7558213198389823,-0.2503795561646483,-1.5265001312781177,-0.4540199184465676,-2.855364029146331,0.6295351991098053,1.7009620666503906,-2.915214621649861,0.6881688549298834,1.7038242111220046
24.099928617477417,0.09021839313510135,1.7368984286412348,-0.0915421012957525,0.44529669406696304,1.6763493219969943,-1.3426451312367396,0.36124092585220696,-3.990586723612657,-2.8473208335091735,0.6349258938446822,1.711923599243164,-2.9129939280985497,0.6964610320826152,1.7056125082936509
24.12016248703003,0.08568755580116214,1.733100156274095,-0.09735379382779002,0.4255278339228119,1.677225224309958,-0.2872259563068695,-0.9770182659697372,0.0432889176578958,-2.8454477497613686,0.6495227169390623,1.711923599243164,-2.9107055328689113,0.70486988080812,1.707399175001577
24.140143156051636,0.09188283501629572,1.7246218510906912,-0.12110687827226643,0.4228352116627199,1.6675922874230293,-1.1888032587292545,-0.13476136645776313,-0.48211282998140964,-2.8374045510062555,0.6549134138171169,1.711923599243164,-2.9084138380484488,0.7131572978222305,1.7091331690988851
24.159959077835083,0.09807824797235432,1.7087243460036416,-0.14236805042594852,0.4336058253690613,1.646649998344974,-1.0729337946540582,0.5435333175032171,-1.0568415290955027,-2.8293613553211294,0.6603041085849659,1.711923599243164,-2.9061095598301456,0.7213601806238199,1.71082273723768
24.18009305000305,0.09388598016073658,1.6918793991502064,-0.1470743136677154,0.4025681118837263,1.636692995898255,-0.23374737992605818,-1.5415593717127034,-0.49453740988872996,-2.827488272892203,0.6749009335980878,1.711923599243164,-2.9037360634904177,0.7296778431811097,1.71250830101881
24.200085163116455,0.10055670367862356,1.6713489598285058,-0.16429670322671835,0.4190138330721838,1.609609066364506,-0.8614591894969095,0.8226104511899638,-1.3547307070602337,-2.8194450765114816,0.6802916294091246,1.723245620727539,-2.9013469833528047,0.7379198218385146,1.7141505809922257
24.22005534172058,0.09644240353273764,1.7105379683887763,-0.16138493898516737,0.40406319437058424,1.654275665577958,0.14580561843094353,-0.748648221829657,2.236664984269276,-2.8175719930274523,0.6948884528872532,1.723245620727539,-2.89892824316036,0.7461354504632138,1.715759433251083
24.240036010742188,0.10255255455991695,1.7020218935724507,-0.18481911364155937,0.40079143825485697,1.6438024955736934,-1.1728423423185201,-0.16374607437765498,-0.5241651314547714,-2.809528795591423,0.7002791494236729,1.723245620727539,-2.8964757976323523,0.7543377740976384,1.7173371199685694
24.26003623008728,0.10866863490683673,1.7265895571105325,-0.19859639749886315,0.41601725854770266,1.6639112386825423,-0.6888566379990307,0.7612826654614405,1.0054261286780721,-2.801485598898958,0.7056698448839331,1.723245620727539,-2.893988312815194,0.7625301613449613,1.7188839074634532
24.280181646347046,0.10484289220259041,1.7092782435265752,-0.20296539417021678,0.3843852928302126,1.6530835155001862,-0.2168729906107413,-1.5701817877382527,-0.5374782552386989,-2.7996125147673023,0.7202666693722772,1.723245620727539,-2.8914496090622523,0.770763522641323,1.720408726864717
24.299939393997192,0.1073112401073223,1.6582351149360477,-0.18895847892908318,0.4183664386473871,1.5934264691730449,0.7089327938161892,1.7198896563962618,-3.019425462026235,-2.7996125147673023,0.7202666693722772,1.7323627471923828,-2.8889272620710975,0.7788201624757868,1.7218714835502924
24.319918394088745,0.10771679166188908,1.6628921874635403,-0.20402963185897305,0.39053293926925836,1.6034545081780411,-0.7543497102371032,-1.393137757174191,0.5019289733742079,-2.789696237276943,0.7402541875944244,1.7323627471923828,-2.8863438154127055,0.7869482182086345,1.7233172869264952
24.340051412582397,0.10911602763931105,1.654765549562186,-0.20232229712209276,0.403336786368228,1.592053437817724,0.08480272033816401,0.6359626154918855,-0.5662871846023346,-2.789696237276943,0.7402541875944244,1.7323627471923828,-2.8837068725523354,0.7951194858320473,1.7247399529411407
24.360113620758057,0.11504458882371069,1.647144643682807,-0.20983474428791327,0.42027116450713387,1.5787422226527055,-0.37445764195264947,0.8440934313228683,-0.663497011319452,-2.781653038306023,0.7456448840557586,1.7323627471923828,-2.881045503093376,0.8032422887627074,1.7261230090460016
24.38006830215454,0.11113101972682027,1.6285507852127667,-0.21370366718947809,0.38796714234890833,1.5671598192604703,-0.19388547602902084,-1.618869352828498,-0.580435395689943,-2.7797799570283415,0.7602417082775534,1.7323627471923828,-2.8783648630739758,0.8113016949776879,1.7274640122864642
24.400111436843872,0.11753796656192096,1.6243370469840854,-0.21596945313911975,0.40995066374721245,1.5568456862544175,-0.11304548838100356,1.0968105408185442,-0.5145968016441549,-2.7717367583211976,0.765632405122636,1.7402286529541016,-2.8756385183750353,0.819376522280696,1.7287758056170106
24.41996717453003,0.12330480784254373,1.6831973612170321,-0.22184331427268916,0.4257015892044155,1.6132938534778232,-0.29582689026278175,0.7932682082209445,2.842914633323316,-2.7636935627320085,0.7710230998245413,1.7402286529541016,-2.8729040662660155,0.8273554855196354,1.7300402341938406
24.439972400665283,0.11951256355041873,1.6832502123189899,-0.2254931186831941,0.39304994577570274,1.6211094567684716,-0.18244254705389856,-1.6321556781191728,0.3906780777086806,-2.761820479128109,0.7856199228200056,1.7402286529541016,-2.870115057535988,0.8353736310593067,1.7312784769619178
24.459930896759033,0.12524665702500182,1.7278639226522872,-0.2301510070483358,0.409706048566031,1.6627342550529218,-0.233378724692604,0.8345369667178535,2.0855678749004043,-2.7537772826994193,0.7910106186640142,1.7402286529541016,-2.8672984096051266,0.8433518296244076,1.732477751251955
24.47993516921997,0.12164755372271259,1.72807512421202,-0.23361291814209936,0.37673440416868476,1.6702514266161208,-0.1730585853858802,-1.6482301199271416,0.37577830325385825,-2.75190419967104,0.8056074423940032,1.7402286529541016,-2.8644409037046743,0.8513266947391653,1.7336432496281247
24.50022530555725,0.12260012245361143,1.701877590346449,-0.20167040022783875,0.410659618672098,1.639230020402099,1.5742879881773257,1.6720052511958938,-1.5288909694029136,-2.75190419967104,0.8056074423940032,1.7459716796875,-2.8615072196191216,0.85939299721427,1.7347876671438291
24.519954681396484,0.12818785316369583,1.7273240661578806,-0.18492135415165734,0.4259031583065561,1.6637484852138595,0.8489394805321023,0.7726316209226022,1.2427390005416987,-2.743861002019204,0.8109981385137026,1.7459716796875,-2.8586202682562916,0.8672143695576139,1.7358636690691818
24.540006160736084,0.12432255084216363,1.7244339329223437,-0.16794118121089127,0.39264493121050875,1.6707178417261868,0.84682893731596,-1.65864206489572,0.3475731837183432,-2.7419879197821513,0.8255949633949367,1.7459716796875,-2.855651353221325,0.875140721056111,1.736919694021301
24.55988359451294,0.1298618659387707,1.7128845026628563,-0.14995375199607944,0.40792189493716047,1.6568303833995064,0.9049170741424235,0.7685581498170873,-0.6986544884305136,-2.7339447223940905,0.8309856598983845,1.7459716796875,-2.852673350176446,0.8829753707673533,1.7379288484833042
24.57989263534546,0.13045216489316577,1.7008497284286477,-0.12704962180240026,0.4192597245345209,1.6434626480936247,1.1446890625788733,0.5666353371088978,-0.668084763171448,-2.7339447223940905,0.8309856598983845,1.7459716796875,-2.8496404139273355,0.8908384476909093,1.7389064069099684
24.59990358352661,0.1267032654241918,1.6769076994335181,-0.08563683738384441,0.4101027309465791,1.6237307395539649,2.069506354404595,-0.4575991854582096,-0.9860556511882196,-2.7320716398934675,0.8455824821354934,1.7509937286376953,-2.8465716624763218,0.8986783829924253,1.7398452933273072
24.61988925933838,0.13211013689510398,1.720744887985663,-0.0692796699062412,0.4326660536624069,1.664020247134834,0.8184445515708857,1.1289747181099818,2.015919199347097,-2.7240284422896,0.850973178222221,1.7509937286376953,-2.8434711404045183,0.9064841867019493,1.740743944491911
24.64028286933899,0.1374977666396376,1.7305815038695944,-0.0702958573688876,0.4476536649908074,1.6702026913499504,-0.04982871902600844,0.7349170317541587,0.3031559500711912,-2.7159852459568476,0.8563638740002857,1.7509937286376953,-2.8402704420589227,0.9144238893398212,1.7416203365339853
24.66003394126892,0.12840554078931493,1.7600108996784947,-0.011037171025919723,0.46817308705654154,1.6965643248632798,3.0002769750012743,1.0389016929576425,1.3346938134218354,-2.7221553598367407,0.8655700026867347,1.7509937286376953,-2.8371348217228984,0.9220887026713918,1.7424296874298104
24.6801118850708,0.13371933557190838,1.7693940139308808,-0.012053609543889718,0.48240353214739395,1.7023209800748846,-0.050624632083830536,0.7087600817729169,0.2867153762561011,-2.714112163192244,0.870960698114023,1.7509937286376953,-2.8339111006607207,0.929854879974209,1.743212300090447
24.700058937072754,0.13922885984030464,1.7335032481290875,0.002755236961955579,0.5153501310766964,1.655125421937145,0.7424077755647943,1.6517026639363264,-2.3660417656262442,-2.7060689658521513,0.8763513945844991,1.7546329498291016,-2.8306720290091256,0.9375446451136024,1.7439494038815868
24.720006942749023,0.1349899790605961,1.7296170653703982,0.03363216400594819,0.5176906369419532,1.6499819619581968,1.547870375870421,0.1173303187917731,-0.25784331839582864,-2.7041958826559336,0.8909482178647957,1.7546329498291016,-2.827396366522173,0.9452086494895633,1.7446459191493342
24.739924907684326,0.13524571403387559,1.7254829038477515,0.05748353965314585,0.5477982729434291,1.6352076156561925,1.197480552088096,1.5115819361702434,-0.7417598308860409,-2.7041958826559336,0.8909482178647957,1.7546329498291016,-2.82408908625876,0.9528346340655975,1.7453005126230337
24.759913206100464,0.1403847346012531,1.7058048481681771,0.06782984236598957,0.5773733572642051,1.6036861597083525,0.5176179831541119,1.4796199108623669,-1.5769954646259927,-2.69615268733052,0.8963389129504492,1.7546329498291016,-2.8207332193277614,0.9604605150776684,1.7459160182022493
24.779903173446655,0.1454869979511579,1.6961783918741118,0.06725983079596731,0.5908588753434334,1.5885159872188377,-0.028514882498337966,0.674614312554022,-0.7588893081611312,-2.6881094909497993,0.9017296087614859,1.7546329498291016,-2.8173398904430202,0.9680595332995884,1.7464897606238585
24.800008296966553,0.13643422840383843,1.6890464084625716,0.11951542949022784,0.6100245405008677,1.570497975815564,2.5991185103908796,0.953272688848026,-0.8961900376012036,-2.6942796041343025,0.9109357362307458,1.7578296661376953,-2.813889311446005,0.9756741362396607,1.7470242896405388
24.819969415664673,0.14142951783416527,1.727031390298792,0.12338178466301639,0.6345151118401702,1.6015008370704036,0.1936943129922208,1.226913767193263,1.5531625117664074,-2.68623640780155,0.9163264320088105,1.7578296661376953,-2.8104258214326467,0.9832058281727576,1.7475124753613924
24.840060234069824,0.14638939468257983,1.7172983604833807,0.12339085971226635,0.6477241153507718,1.5856676275472847,0.00045170132281100193,0.6574646808422085,-0.7880818592765311,-2.6781932101976818,0.9217171280955381,1.7578296661376953,-2.8069017796083706,0.9907574277212362,1.747960721747344
24.85991334915161,0.13703991919528677,1.7416936744842397,0.16860029725330897,0.657769700543569,1.603873379213999,2.2771961656796593,0.5059954143928189,0.9170224215048177,-2.684363324653095,0.9309232575165117,1.7578296661376953,-2.8033817056948713,0.9981906796906487,1.748360857274292
24.880234003067017,0.14191270999262773,1.7504195670879592,0.16929629621540868,0.6709928603309772,1.607817155747816,0.03425081520492141,0.6507251116256441,0.19407724526164205,-2.676320128368311,0.9363139532616045,1.7578296661376953,-2.7997397308073073,1.0057685603737245,1.748726010709636
24.899983644485474,0.14689426187860466,1.7213423283787233,0.16815136265701353,0.6908143470306274,1.5676479415485869,-0.05797237196039177,1.003637801804647,-2.033921191181172,-2.6682769320355586,0.9417046490396692,1.7602405548095703,-2.7961620041510376,1.013103704487555,1.7490375469978905
24.91988468170166,0.13747073372961316,1.7270396396687473,0.20846468827923786,0.6957477143530905,1.5668897563964885,2.0256896755831133,0.24789498501367155,-0.038097770677082386,-2.6744470457476126,0.9509107772764259,1.7602405548095703,-2.7925187093995922,1.020464802465722,1.7493079222547474
24.939905881881714,0.14218519657104403,1.7170222049213657,0.20926419369289365,0.708063679205248,1.5501675959783892,0.039932941405395675,0.6151461821168674,-0.835222677347733,-2.6664038491510844,0.9563014726707423,1.7602405548095703,-2.7888145633306785,1.0278392187741583,1.749535506447636
24.96001958847046,0.14685908549512278,1.699424369367612,0.2035447022133404,0.7224272698439074,1.5247004890099785,-0.2843579056062032,0.7141195271634648,-1.2661568297243209,-2.658360651858961,0.9616921691082464,1.7602405548095703,-2.7850538399455393,1.0352157924114302,1.7497189626632168
24.980021953582764,0.1474743230116963,1.6998675890423915,0.2292525792432656,0.7510401437445992,1.5076245479797665,1.2852418644288566,1.4304745333885662,-0.8536960971534043,-2.658360651858961,0.9616921691082464,1.7602405548095703,-2.781274472173904,1.0425193529067183,1.7498561875899437
25.00015115737915,0.1420553648276421,1.6862919124134248,0.23796622929372677,0.733670408466839,1.4995600085781005,0.43288597694188574,-0.8629121873602444,-0.4006387675956508,-2.6564875692862318,0.9762889930900959,1.7619132995605469,-2.7774312035667914,1.049836301026064,1.7499484552783757
25.020155906677246,0.14657200489617797,1.7189175059003028,0.22815541412552823,0.7423646448034962,1.533465758744389,-0.4904242998502587,0.43460861254006555,1.6948850326015363,-2.648444372689703,0.9816796884844121,1.7619132995605469,-2.7735717611028887,1.057074826798772,1.7499943060317478
25.04000949859619,0.1510418584913631,1.708407203033649,0.22939908149736177,0.7536505647449561,1.5159294373568417,0.06264193285078903,0.5684573344478934,-0.8832820508823486,-2.6404011753975793,0.9870703849219161,1.7619132995605469,-2.769701892049553,1.0642254618085132,1.7499943314661897
25.06005334854126,0.15155836410930526,1.738600946668323,0.24274704110678844,0.7766228185288281,1.5364452881668866,0.6659379134252018,1.1460998683800352,1.023548413417089,-2.6404011753975793,0.9870703849219161,1.7619132995605469,-2.765754730489941,1.0714105186332294,1.749948108264423
25.080020427703857,0.14575805243044662,1.7269336798402268,0.2634628976499006,0.7594975062587841,1.5284144641147288,1.0375005965778472,-0.8576773863912522,-0.40220324599108964,-2.63852809282485,1.0016672089037655,1.7619132995605469,-2.761782268505417,1.078533516896268,1.7498555750147442
25.100258827209473,0.15007728946237897,1.6913935876783943,0.2506072909099808,0.7639649883796569,1.4880745111426448,-0.6352086654062228,0.22074285664897839,-1.9932382973708735,-2.630484896228322,1.0070579042980818,1.7618999481201172,-2.757714452800965,1.0857175451227215,1.7497141509758214
25.11995768547058,0.15434351854009012,1.691374363171836,0.23587470161208612,0.7665974351973798,1.4891066898926826,-0.7478905174408677,0.13363448697532684,0.05239789719567872,-2.622441700998846,1.0124485993177914,1.7618999481201172,-2.753714780055043,1.0926750850143963,1.7495301694958667
25.140082359313965,0.1445418712266025,1.6815736372080017,0.28196243039234903,0.7656331069531701,1.4703717321607563,2.2901105945334246,-0.047917707969548064,-0.9309446641335539,-2.6286118147109,1.021654727554548,1.7618999481201172,-2.749587441294168,1.0997467198799136,1.7492947489892627
25.159972190856934,0.14869565167983698,1.659553106085672,0.26651484705010925,0.7658882525141502,1.4479300856330324,-0.7766573240636948,0.012827939765545616,-1.1282974659308918,-2.620568618474085,1.027045423266669,1.7618999481201172,-2.745467049736248,1.1066993527205078,1.7490146767102879
25.180206060409546,0.15280649780367275,1.6482053817804503,0.26942252678953243,0.7764065673323073,1.4287005721254706,0.14370359222997897,0.5198370381309073,-0.9503626312090714,-2.6125254209181854,1.0324361193204243,1.7618999481201172,-2.7412331508606904,1.113734393304899,1.7486811482042275
25.20013952255249,0.15670236307698474,1.6507648647696627,0.2489146485098331,0.7730915708667228,1.4371484125065344,-1.0288166768339493,-0.16630309586023964,0.4238019627741348,-2.6044822248492085,1.0378268154822377,1.7598552703857422,-2.737020156445946,1.1206272018276617,1.748304369857292
25.22002387046814,0.1507248412832837,1.673702370080345,0.25164436305614524,0.7336604650120693,1.483137572928724,0.13727956068218783,-1.9830223259984474,2.312832214427063,-2.60260914210864,1.0524236390143948,1.7598552703857422,-2.7327758351312985,1.1274650763959915,1.747880610343804
25.239919900894165,0.15470950423395882,1.6699366612225954,0.2544996818899352,0.7231258507243739,1.4835792423821998,0.14351198569012147,-0.5294832216337694,0.022198873042442026,-2.594565945608049,1.0578143343427673,1.7598552703857422,-2.7284870910283576,1.1342684688524818,1.747408470556053
25.260075330734253,0.15455487686109973,1.6978881633250202,0.2629756737675693,0.7177195971021315,1.51609583803309,0.42053143718006325,-0.26822814820300384,1.6132920959203103,-2.594565945608049,1.0578143343427673,1.7598552703857422,-2.724099439619184,1.1411206862034573,1.7468808482221212
25.280250787734985,0.15839840589854787,1.6939850370926035,0.2665789052751009,0.7069857235677166,1.5161438519571255,0.1785947900660097,-0.5320262898642265,0.0023798184117358604,-2.5865227483159257,1.0632050307802712,1.7598552703857422,-2.719663816828114,1.1479389666210973,1.7463027435528375
25.300106287002563,0.15187238959033422,1.6570064231621175,0.26878085235884663,0.654961177869261,1.498149857420771,0.11089860063812422,-2.6201580225890386,-0.9062473974520887,-2.5846496663666843,1.0778018554636735,1.7560768127441406,-2.715255650278741,1.1546087907346696,1.7456847782696583
25.319988012313843,0.15563532843120384,1.6522167059966746,0.25305142665401975,0.6316115081081939,1.5056068284476396,-0.791149935861113,-1.1744287477817825,0.3750665955855506,-2.576606470393645,1.0831925515595426,1.7560768127441406,-2.710798816897659,1.1612467078941147,1.7450170535002187
25.340062379837036,0.15934284988592548,1.638848019031662,0.25695269428354184,0.6200840959669532,1.495089915795461,0.19434074946643637,-0.5742353839004989,-0.5238975843212865,-2.5685632728377454,1.0885832476132982,1.7560768127441406,-2.706255062947882,1.1679069867771632,1.7442929614595324
25.36015248298645,0.1629982003641179,1.6017109855607785,0.24153146261662495,0.5968480098718127,1.4665991568743013,-0.767603409112743,-1.15659366815238,-1.4181489616687482,-2.5605200788793847,1.0939739423243449,1.7560768127441406,-2.701663470522549,1.1745296990830283,1.7435178967701666
25.38022208213806,0.1568131946551241,1.5715233210385056,0.2646627259031388,0.5565442713950295,1.4456478354228564,1.1525523311040662,-2.0081984783212468,-1.0439332292176269,-2.558646994124137,1.1085707672413245,1.7560768127441406,-2.6970320716171607,1.1811023047972493,1.7426930761594202
25.400076389312744,0.15999955096833363,1.569177058961638,0.24516668033242647,0.5314501463784453,1.4559432279936615,-0.9819554718873718,-1.2639134065873185,0.5185470578360646,-2.550603797887322,1.1139614629534453,1.7504863739013672,-2.6924063170207573,1.187561195299851,1.7418272009606297
25.42003607749939,0.1635067157377376,1.595794023815238,0.23184033286990305,0.5112128112341967,1.4938105931239176,-0.6676631086571646,-1.0139103855234017,1.8971922194451998,-2.542560602873653,1.1193521583898751,1.7504863739013672,-2.687711634723719,1.1940103835332974,1.740906527209664
25.440043210983276,0.16695923096631954,1.5911174694496255,0.23634259536096233,0.4984350451565659,1.4924340806097924,0.22503286113851848,-0.6386605101586257,-0.06880108613429278,-2.5345174046221586,1.1247428554868184,1.7504863739013672,-2.68296087048709,1.200430027690121,1.7399329758353694
25.46005892753601,0.16081511207595586,1.601965174915984,0.2427385584709369,0.4511497592698102,1.517838696497702,0.3195470465982793,-2.3624078489608693,1.2692333957156774,-2.53264432276906,1.1393396778439,1.7504863739013672,-2.6781627920534445,1.2068068400911929,1.7389080585045023
25.48012948036194,0.1641803416250456,1.59731321643514,0.24769478945527904,0.43776074392234166,1.5160548584255238,0.246940431951607,-0.6670974867305215,-0.08887837259140043,-2.5246011267480513,1.1447303739727412,1.7504863739013672,-2.6733058311270375,1.2131546865119043,1.7378290074605178
25.499998331069946,0.16710503447083533,1.5853966088788465,0.23486687447053928,0.42033733261823586,1.5105086843604616,-0.6456294414437207,-0.87692094324729,-0.2791391483366926,-2.5165579305112358,1.1501210696848623,1.7440376281738281,-2.6684522712220953,1.2193923335872365,1.7367100226385928
25.520018339157104,0.16103824378114462,1.587708178186389,0.24278628572672137,0.37744976118125356,1.5229588820211728,0.3955748280272665,-2.142235470149108,0.6218877438265052,-2.5146848468592653,1.1647178938434866,1.7440376281738281,-2.6635158586718073,1.2256300288049102,1.735531295391033
25.540210485458374,0.16421851221296058,1.573364298409511,0.24842483184233172,0.3631942940269108,1.5105794329395776,0.27924451573807385,-0.7059906827956425,-0.6130823785095513,-2.5066416508862255,1.1701085899393557,1.7440376281738281,-2.6584900276331176,1.2318724800723138,1.7342902127001711
25.560003757476807,0.16739313453473256,1.537325372167065,0.23816233812710613,0.35121043069008306,1.4775991452288137,-0.5184839427088441,-0.6054513536553059,-1.6662372790133322,-2.4985984549131857,1.175499286035225,1.7440376281738281,-2.6535173486233514,1.2379433986686461,1.7330226085003984
25.58001136779785,0.1704938364109147,1.5130918441382788,0.24378905001406503,0.33644132869303756,1.4549299159197602,0.28122858235800746,-0.7381742127149833,-1.133030329224727,-2.4905552584125945,1.1808899813635974,1.7440376281738281,-2.6484442075302015,1.2440307759645233,1.7316898325076722
25.599990367889404,0.16410168547772502,1.515417798390035,0.2508155364802758,0.3008006782739836,1.46393361266395,0.35169359998059363,-1.783905613680991,0.4506580260739174,-2.488682176391452,1.1954868055313632,1.7362117767333984,-2.643331248656305,1.2500593635545043,1.7303072416067955
25.619985818862915,0.16706883623996616,1.5429054878961401,0.2436453935310311,0.29437345059889786,1.4948372949500668,-0.35858870893902206,-0.32143449445577926,1.5455356484360834,-2.4806389793631043,1.2008775023526157,1.7362117767333984,-2.6381667078425792,1.2560421077771984,1.7288716738033605
25.64005422592163,0.16997728319426797,1.5282240796860054,0.24989357014170538,0.2786677699942526,1.4816768592714138,0.311343924427757,-0.7826072372706938,-0.6557787890263738,-2.4725957831262884,1.2062681980647363,1.7362117767333984,-2.632935395352203,1.2619948641433782,1.7273786435912286
25.66002583503723,0.1728521442392504,1.4240878225931515,0.2422202198101011,0.2752665084881076,1.3760755215023688,-0.38421292381545363,-0.17030483054508355,-5.287572831903454,-2.464552588208557,1.2116588934352224,1.7362117767333984,-2.627681340959594,1.2678666912462626,1.7258407951390222
25.67992877960205,0.17569056221042967,1.399493946649537,0.2484980355035465,0.25902147673247433,1.352678789532424,0.3154214529915394,-0.8162124806571657,-1.1755412317884446,-2.4565093899570623,1.2170495905321657,1.7362117767333984,-2.6223974581599334,1.2736657982031196,1.7242565474718647
25.699935913085938,0.16951888153944544,1.2369292681605943,0.25954558844679276,0.22837739332498486,1.1876337264359735,0.5521806985565283,-1.5316578675385712,-8.249310838525362,-2.45463630793592,1.2316464146999317,1.7314510345458984,-2.6170374648987127,1.2794416673503122,1.7226119599553513
25.719950199127197,0.17223063708983255,1.2280058330726202,0.25266004166768685,0.22432972655258238,1.1806089120406074,-0.34403159647619946,-0.20223887897165813,-0.3509900068823044,-2.4465931130181877,1.2370371100704178,1.7314510345458984,-2.611626650983884,1.2851651247941394,1.7209145314424985
25.73991322517395,0.1749074316634112,1.2033657820432926,0.2595872552911363,0.2070846837051521,1.1566415157938161,0.3470021832975661,-0.8638491382540303,-1.2005893390440987,-2.4385499170451483,1.2424278061662868,1.7314510345458984,-2.6061806717864062,1.2908189226292968,1.7191693586248156
25.760114192962646,0.17749794365805335,1.202922226897309,0.25424053916507877,0.20436432148800332,1.1578509646372366,-0.26467623640533455,-0.1346649450463947,0.0598708366881912,-2.4305067198009933,1.2478185025708188,1.7314510345458984,-2.600619684274378,1.2964833983180397,1.7173504231114058
25.779945373535156,0.18011269689141765,1.1782346478064365,0.2612648800092469,0.18654850700563702,1.133656562764614,0.35420689244821724,-0.898373872257651,-1.2200182326089628,-2.422463523827953,1.253209198666688,1.7314510345458984,-2.595111100002475,1.301988035182816,1.7155129314374598
25.800189971923828,0.174210935852602,1.2272478733587628,0.27317339929495693,0.1611532507229147,1.1855561000486992,0.5882319351108285,-1.254421342185408,2.5636239498396862,-2.4205904410634522,1.267806021650237,1.7297325134277344,-2.589437011495875,1.3075491647924493,1.713584188529285
25.819925546646118,0.17677935407781314,1.2906583031239391,0.26961453806197727,0.16104702744337335,1.251866890384136,-0.18032721534884713,-0.005382325117767089,3.3599624671960044,-2.412547244874605,1.2731967173293859,1.7297325134277344,-2.583855892791289,1.3129131830297698,1.7116524268848934
25.83995532989502,0.17924995855169115,1.2658958127429953,0.2775443361917603,0.14214727414158596,1.2268885453138114,0.395900346561062,-0.9435825174405741,-1.247060178331912,-2.404504048949534,1.278587413392283,1.7297325134277344,-2.5781412247992535,1.3182984607790385,1.7096399396960433
25.859906673431396,0.18169938001809338,1.3046284476378334,0.27537911382194213,0.14385789231506896,1.2670937758805425,-0.1085251409695958,0.08573949771172358,2.015164066190608,-2.396460851969155,1.2839781101805634,1.7297325134277344,-2.5723981611543913,1.3236031374794714,1.70758335662259
25.880001306533813,0.18408215859989302,1.2797184246876223,0.28374396466980983,0.12432231101905927,1.2416571877862697,0.4162728826763984,-0.9721790488257254,-1.2658398869304721,-2.388417655780308,1.2893688058597124,1.7297325134277344,-2.566562357350739,1.3288850564142305,1.7054596405180285
25.899916172027588,0.18566942872797076,1.2836290957979937,0.2815599535844547,0.12836056094878923,1.2457733399417434,-0.10966737817224509,0.20277565675712703,0.20668741934313012,-2.380374459807268,1.2947595019555815,1.7233409881591797,-2.5607274261942568,1.3340587212175228,1.7033031328601065
25.92000722885132,0.18017938380638132,1.3028760051316373,0.2996052008510717,0.10435483169927579,1.2636584496895429,0.8981731237404557,-1.1948465160458446,0.8902025366169151,-2.378501376874723,1.3093563267498147,1.7233409881591797,-2.5547888351814785,1.3392157715130468,1.7010754104432817
25.939964771270752,0.18246342047585437,1.2785305243132594,0.3083631702908888,0.08370099684310811,1.23796066170794,0.4388300551118488,-1.03488868629717,-1.2876228666601655,-2.370458182700555,1.3147470210441412,1.7233409881591797,-2.5488376116688096,1.3442757477628535,1.6988107327369588
25.9600510597229,0.18468700226203616,1.0868502905812658,0.3069007984403943,0.09349658556691992,1.0384189147644403,-0.07280448321641296,0.48767539842653557,-9.934226894075925,-2.3624149847608047,1.3201377184918606,1.7233409881591797,-2.542795301491993,1.3493043113741436,1.6964794915491122
25.979900598526,0.18693854060144538,1.0630716080022273,0.31582350106765206,0.07219737372172702,1.0125039748768876,0.4495168737050951,-1.0730330843689864,-1.3055688670965313,-2.3543717897951044,1.3255284138953187,1.7233409881591797,-2.5367719151131074,1.3542097115351734,1.6941246329472592
25.999905586242676,0.1879682089371205,1.064692346066101,0.3108706904399519,0.0822231756232687,1.0149721941942798,-0.24757878874236028,0.5011651115978865,0.12338019659641286,-2.34632859154361,1.3309191109922622,1.715463638305664,-2.530648514862993,1.3590883901312767,1.691700112654911
26.019876956939697,0.19004824714286173,1.1229163183319135,0.3091170241322863,0.08432796100750856,1.0762325577494927,-0.08780901092217686,0.10539013151229355,3.067409066937466,-2.338285396625878,1.336309806362748,1.715463638305664,-2.524482151584291,1.3638928370732835,1.6892285263018505
26.039932250976562,0.19208223884098813,1.0987967357897193,0.3189269369456892,0.061931780868210995,1.0496686762931788,0.489143305272438,-1.1167216046859925,-1.3245321363767912,-2.3302422007487755,1.3417005023926731,1.715463638305664,-2.518236038738669,1.3686502192291876,1.6866953203425339
26.060275316238403,0.18700300524040817,1.1561215405155416,0.3427300606969616,0.08123049996675347,1.1011606276169874,1.1700854047753517,0.9486632840303907,2.5311795769734027,-2.3302422007487755,1.3417005023926731,1.715463638305664,-2.51184489789747,1.3734061086199354,1.6840735301340533
26.079986572265625,0.19609551589375204,1.1243380185300964,0.32768593293913906,0.041712434700888756,1.0747176289878722,-0.763225222027773,-2.004847647013939,-1.3415176888066844,-2.3141558085389202,1.3524818942006633,1.715463638305664,-2.50559856222851,1.3779465440401077,1.6814831288636571
26.09996485710144,0.18960033204166374,1.159751529666318,0.3511615659986008,0.06305557790045135,1.1035094740075477,1.175057481279703,1.0683170940330353,1.4411569990262587,-2.3141558085389202,1.3524818942006633,1.7071285247802734,-2.499213529089627,1.3824794801573692,1.678807670067611
26.119967222213745,0.19143897911701785,1.1925770165397953,0.35000868984161365,0.06755185494925095,1.1380556244346018,-0.05763699195141505,0.2247872700830593,1.727103281691556,-2.306112611870285,1.35787259133972,1.7071285247802734,-2.492765903329331,1.3869474478688586,1.6760788189736084
26.139902353286743,0.19327837830480937,1.1688727768047429,0.36069478265260757,0.0434511789342496,1.1109792244554542,0.5360432681312105,-1.2089549813718303,-1.3582253299464089,-2.2980694159452137,1.3632632874026172,1.7071285247802734,-2.4862849678202394,1.3913294168591572,1.6733094483611095
26.159915685653687,0.19508250183217524,1.1772132260666186,0.35997674554640446,0.04801518273929678,1.1197956351578207,-0.03587793841814723,0.22804816915875964,0.4405268718231469,-2.290026218749027,1.3686539837741774,1.7071285247802734,-2.4797231050345347,1.395656397399709,1.6704796023802968
26.179993152618408,0.1968566068704408,1.153833812324035,0.37130779279538967,0.02308450398530637,1.0922133926790063,0.5643663749463567,-1.2417243070451247,-1.3737909531754875,-2.2819830237833267,1.374044679177635,1.7071285247802734,-2.473084012719498,1.3999236822580665,1.667591037559616
26.19985604286194,0.19596819363592313,1.2262160514860685,0.36757465950793966,0.03400478136160459,1.1693324375276075,-0.18794511985313725,0.5497828987830795,3.8825691479476596,-2.273939828865595,1.3794353745481212,1.6917495727539062,-2.466460119295805,1.4040719996721405,1.6646846989856265
26.219915628433228,0.19751922268014427,1.2797850747106208,0.3663527178900565,0.03702787610265959,1.2256689846520405,-0.06091559636366973,0.15070574266409084,2.808460171034967,-2.2658966308778763,1.3848260720288126,1.6917495727539062,-2.459714103015208,1.408186391150649,1.6617008404513767
26.239898204803467,0.1990851783189478,1.2754221973477042,0.3781137745101944,0.010940345813281793,1.2180361504677872,0.5885655784433296,-1.3055138539708453,-0.3819744783070694,-2.2578534359601443,1.3902167673992987,1.6917495727539062,-2.452937137294259,1.4122091665654715,1.6586800689931163
26.259845972061157,0.20065668091904512,1.3146625202001796,0.37653046253158284,0.013531289249640865,1.2595154850243337,-0.0793728921216055,0.12988638792946564,2.079397359148305,-2.2498102380203946,1.3956074648470183,1.6917495727539062,-2.4461150758595065,1.4161485390679844,1.6556167828220976
26.27987003326416,0.20220415449334367,1.310648477570921,0.3887783665850359,-0.013401284109412659,1.25158747957091,0.6116593396955999,-1.3450105393712317,-0.3959239523416317,-2.2417670418315474,1.4009981605261672,1.6917495727539062,-2.4392094444038626,1.4200252761507703,1.652494170172251
26.299907207489014,0.20064642892675366,1.3539462468869454,0.3868865851755231,-0.010290249591792505,1.2974526274333897,-0.09441358288766509,0.1552631365435411,2.289002797889029,-2.2337238481369623,1.4063888556209623,1.6726837158203125,-2.4322413137981442,1.4238256980291926,1.649322170594219
26.319864511489868,0.20193831462072545,1.3703250906358448,0.3850552855442906,-0.009184573998880147,1.3150813376749744,-0.0917608726686786,0.05540205194374039,0.8833212261951735,-2.2256806512045513,1.4117795523762706,1.6726837158203125,-2.4252429717336828,1.4275316367354192,1.6461161608852124
26.339942693710327,0.203197791976423,1.3668619933161095,0.39803933789055085,-0.03742833566505652,1.30708665127951,0.6466746941378966,-1.406689179132807,-0.3981777985518025,-2.2176374550157045,1.4171702480554194,1.6726837158203125,-2.418143558435487,1.4311791567258212,1.642844217946294
26.35994553565979,0.20448907674316236,1.4633858420733725,0.39741657386121443,-0.038933305931468265,1.4078502716164294,-0.031133777435717942,-0.0752378222161656,5.037465205769173,-2.209594258299101,1.4225609452274481,1.6726837158203125,-2.411011895691645,1.4347314043289008,1.639538613923707
26.379974842071533,0.20578328473456722,1.4602428918047197,0.4107430491494392,-0.06802931731983883,1.3996326170201336,0.6653488150948393,-1.4526719393194563,-0.4102815358337995,-2.2015510624219985,1.4279516412573736,1.6726837158203125,-2.403811599181936,1.4382057889152862,1.6361831952549895
26.39995050430298,0.21042292725575298,1.5451955980761818,0.38786564578556537,-0.03222850459706697,1.4953765414185125,-1.1452638264908515,1.792221569826851,4.793028801200922,-2.187337751945474,1.4241362090954293,1.6467418670654297,-2.3965712503314913,1.441587629863315,1.6327919788504406
26.420053482055664,0.21121121092126932,1.5606534224554982,0.37764235102302884,-0.0323283349272068,1.5139287428728914,-0.508546290420622,-0.004965947401821656,0.9228583786250512,-2.1792945559724344,1.4295269051912984,1.6467418670654297,-2.389224642013563,1.4449061099141367,1.6293345509114046
26.43994164466858,0.21208726253103236,1.5546915956210052,0.3813064311032701,-0.06252073105497827,1.5059092008757453,0.18423421768795675,-1.518108872871194,-0.403231920073818,-2.1712513603591073,1.434917601604972,1.6467418670654297,-2.381896808255642,1.4481043697222165,1.6258705624824084
26.459962129592896,0.21293709814929307,1.5400129556615154,0.3708792878573589,-0.06252741049826321,1.493378311205877,-0.5208237105808884,-0.0003336304445270089,-0.6259034043000952,-2.163208163066984,1.440308298042476,1.6467418670654297,-2.3744599672460582,1.4512377524308309,1.6223404321465447
26.48006772994995,0.21378002679351757,1.5346320217518645,0.3753091575927095,-0.09380692679879998,1.4850719642151455,0.2203301396964261,-1.555761367233177,-0.41313598416455427,-2.155164967453657,1.4456989944561496,1.6467418670654297,-2.3669303371127497,1.4542964755219157,1.6187523799620789
26.49998378753662,0.2046569438492051,1.5532909395452115,0.3991592717973748,-0.07703775558745529,1.4991496932679813,1.1975318961031982,0.8419925047097934,0.7068532008191312,-2.155164967453657,1.4456989944561496,1.6210651397705078,-2.3594108761475137,1.4572384753005518,1.615156347223882
26.52000594139099,0.21946602895152242,1.5144962089603038,0.34491524382486244,-0.06702585591504334,1.4731733693531197,-2.7092004370285494,0.5000410917443187,-1.2973790983626818,-2.1329084628027597,1.4472742588489083,1.6210651397705078,-2.3517900877402576,1.4601069568592644,1.6114998906756854
26.539921283721924,0.2122287066201981,1.5145038550233778,0.37442402082703935,-0.08282769925692704,1.4651512385225591,1.4817107590635648,-0.7934507516519156,-0.4028115960678499,-2.1329084628027597,1.4472742588489083,1.6210651397705078,-2.344148648744671,1.4628704489222397,1.60782253382963
26.559898138046265,0.220382153203489,1.4625821909061916,0.3400999306014137,-0.10139386393962305,1.4188720825769539,-1.7181929481161322,-0.9293837949288164,-2.316638805801191,-2.116822070113116,1.4580556521168064,1.6210651397705078,-2.336421901336667,1.4655516026013107,1.6040940377577366
26.579978942871094,0.21302474121479742,1.4632265346113436,0.37032857169443567,-0.11831818377326378,1.4106344132928548,1.5053500771864228,-0.8428108325974314,-0.4102260519913792,-2.116822070113116,1.4580556521168064,1.6210651397705078,-2.3285923511900486,1.468153966021212,1.6003067082662603
26.599918842315674,0.21876504968693336,1.4983433601449903,0.33913205179544964,-0.08674121429118027,1.456879623743458,-1.564527443365099,1.5836072578924933,2.319229872704965,-2.102608759372816,1.4542402195711135,1.5954456329345703,-2.32075527023537,1.470645069646321,1.5965075449036168
26.619980573654175,0.21867214603091353,1.5056285352079908,0.321685460356408,-0.09255860388980923,1.4679470887854966,-0.8696453533678548,-0.28997445437147584,0.5516704842317742,-2.0945655626082442,1.4596309167761143,1.5954456329345703,-2.312807221844818,1.4730568304385179,1.5926473359949804
26.640077352523804,0.21860741991924734,1.4996116904577437,0.3178785297711223,-0.12736685666797493,1.4599884062178716,-0.18942988873898034,-1.7320314366781129,-0.39601782053005974,-2.086522366683173,1.4650216128390117,1.5954456329345703,-2.3047815085033694,1.475376678431423,1.5887431205520033
26.660065174102783,0.21863254901814083,1.488164055195446,0.30149096872733444,-0.13367299491564105,1.4511605636117222,-0.8198772927321952,-0.31549902638204835,-0.44166106702860397,-2.078479170710133,1.4704123089348808,1.5954456329345703,-2.296735640079861,1.4775874995459704,1.5848238765767366
26.67992115020752,0.22526566943440618,1.4766517888028052,0.2789174645045349,-0.14094027993561634,1.4432052490413676,-1.1368619756454568,-0.36599988747175155,-0.4006508936348374,-2.0642658604014477,1.4665968772226285,1.5954456329345703,-2.2886796598802324,1.47968748309865,1.5808955653393446
26.699981927871704,0.22448288872981245,1.4847610883251627,0.2637515001824739,-0.14702868905983474,1.4537307866827898,-0.7560008179113372,-0.3034981607461968,0.5246824334339687,-2.0562226646921835,1.4719875737022463,1.5740127563476562,-2.28047639919381,1.48171064883836,1.5768922883326801
26.71998167037964,0.22414410808447668,1.4581324794786212,0.2500294948578646,-0.1557719769983383,1.4280653593563644,-0.6861090996129245,-0.43717002531581656,-1.2832878881437133,-2.0481794677118046,1.4773782704905267,1.5740127563476562,-2.2722334998278164,1.4836281064743155,1.5728675787551234
26.74008846282959,0.23028162708576405,1.4282329934713345,0.2283682541228702,-0.16472592589038132,1.4002009832479472,-1.0773096101186925,-0.44531960601526754,-1.3858190548182068,-2.0339661576668946,1.4735628391620228,1.5740127563476562,-2.263881187699203,1.4854545669780286,1.5687884336107156
26.75993323326111,0.22998400649731623,1.3723004470376379,0.21634447793226874,-0.17372808236300305,1.3439576396621988,-0.6058914227349611,-0.4536286526310232,-2.8341644857941803,-2.0259229616938548,1.478953535257892,1.5740127563476562,-2.2555731322442876,1.487156657139003,1.5647309891604035
26.779895067214966,0.2297048216073313,1.3502521107448,0.21392738277858397,-0.2118165348230784,1.316263496813551,-0.12108582604544149,-1.90806378552784,-1.3873546344821837,-2.0178797667281545,1.4843442306613501,1.5740127563476562,-2.2471511215488977,1.4887669365907188,1.560619078713075
26.799952030181885,0.23518786605433817,1.368471082159566,0.18377600582125309,-0.18713864598392163,1.3431003721132182,-1.5032872627357001,1.2303901084057134,1.3380328489378384,-2.0036664571628275,1.480528800133315,1.5527667999267578,-2.238623059199914,1.4902809608604815,1.556457715738729
26.81991696357727,0.23451623724030846,1.3728898988081417,0.17656301698788213,-0.1994913902515846,1.3467944759676795,-0.361282889881216,-0.6187220374357931,0.18502961073314242,-1.9956232601344797,1.4859194969545677,1.5527667999267578,-2.230068159597761,1.491683537250672,1.5522867119457995
26.839927911758423,0.2339001466742852,1.3536066258378483,0.18487676952436471,-0.23915438774235767,1.3194228497437572,0.41546020014748924,-1.982064874273691,-1.367832547270436,-1.98758006416144,1.4913101930504369,1.5527667999267578,-2.221427229678965,1.4929836665351073,1.548078380132464
26.859922409057617,0.23180330700003052,1.3383160102482512,0.2053971084113293,-0.20680133606212694,1.3061910191644945,1.0262993152516735,1.6180977794092564,-0.6617736060708993,-1.9814099500416016,1.4821040656590356,1.5527667999267578,-2.212726780175184,1.4941760051736006,1.5438468498451448
26.879941701889038,0.23900062749850556,1.3209592042692921,0.19952418695132196,-0.26396697603355,1.2788450858993354,-0.2933630827753121,-2.8555274380971056,-1.3659789831456393,-1.965323557351958,1.4928854589269338,1.5527667999267578,-2.2039485324078636,1.4952618874020451,1.5395844703924697
26.900049448013306,0.22976601196258176,1.3265558385359106,0.24220471271626576,-0.2594707248276591,1.278187080536004,2.122591239275378,0.22360791597942942,-0.03272397409758672,-1.965323557351958,1.4928854589269338,1.5345001220703125,-2.1950637206170027,1.4962427793955972,1.5352786048322196
26.92001223564148,0.23522884171907044,1.3092988107268437,0.24267329437087276,-0.24461451578570304,1.2631455920189252,0.023472756577627756,0.7441951153650121,-0.7534763579737009,-1.951110246899367,1.4890700273135975,1.5345001220703125,-2.1861754117624517,1.4971067041606931,1.5309804531026803
26.939949989318848,0.23431943007470554,1.2959328971678015,0.2620940326954562,-0.2866752951114542,1.2363519188159677,0.9740685254140953,-2.109604723098539,-1.343866196590221,-1.9430670506145828,1.4944607230586904,1.5345001220703125,-2.1772308116837413,1.497859196947188,1.5266656669067367
26.959890127182007,0.23980161419481758,1.0862928898495612,0.2653292818826639,-0.2662049091205371,1.0191994706991696,0.16224808521434758,1.0265919990822903,-10.89021799182255,-1.9288537410012876,1.4906452925636273,1.5345001220703125,-2.1682174554916025,1.4985004305988685,1.5223295361235945
26.98004674911499,0.23882132232834677,1.0779437895586053,0.28567289739508783,-0.30959190185227936,0.9922230915723291,1.0092770296561713,-2.152493253879297,-1.3383382997672606,-1.9208105441887469,1.4960359898016,1.5345001220703125,-2.1590372135669975,1.4990343773713393,1.517926417970523
26.999984741210938,0.23718048747160592,1.0857996618661006,0.3054690548080817,-0.31491539702891735,0.9932159155880029,0.9928862102928482,-0.2670025723262316,0.04979558678206153,-1.912767348215707,1.5014266858974692,1.5185050964355469,-2.149887871718665,1.499448477926542,1.513552555251914
27.019888401031494,0.23439568139246122,0.9881519323769334,0.3320349369210457,-0.28166268653875204,0.8870530836065436,1.3347234806297574,1.6706832205714088,-5.333834728817744,-1.9065972337361559,1.492220558188264,1.5185050964355469,-2.1406859308840733,1.499747673838746,1.5091691522941637
27.039904832839966,0.23322653961868928,0.9859355605283683,0.35293285866346547,-0.32644516055778977,0.8607792306616262,1.0440383152393335,-2.23728556855394,-1.3126142159761613,-1.8985540380268917,1.4976112546678815,1.5185050964355469,-2.1313627389219665,1.4999324466820263,1.50474502239181
27.059925317764282,0.2384039664223091,0.9582940245720256,0.35272166067491423,-0.3128935064718024,0.8342736488880378,-0.010549094557381131,0.6768894028899287,-1.323923065489556,-1.8843407280538833,1.493795823855014,1.5185050964355469,-2.121968025987083,1.4999997202528963,1.5003053669776627
27.08001446723938,0.23725986899742108,0.9601376383413367,0.3742404499751058,-0.3588755924638742,0.8080944742391282,1.0711647761328118,-2.2889015808793087,-1.3031499756304321,-1.8762975330402147,1.499186519291444,1.5185050964355469,-2.1124708374482304,1.4999480075003566,1.495837148637392
27.099984407424927,0.23376735754542555,0.9876741372362986,0.398249649412676,-0.32991710227329185,0.8414583315504943,1.2022669679775355,1.4501040023915979,1.6707039180574534,-1.8701274185606633,1.4899803915822387,1.5098285675048828,-2.1029599374367094,1.4997771880338855,1.4913835576948697
27.11994957923889,0.23246509980225663,1.0478765772256966,0.4150030366982682,-0.34820797507600715,0.8969777069263896,0.8391306341713471,-0.9161390131349413,2.7808112994580716,-1.8620842207887518,1.4953710894796506,1.5098285675048828,-2.0933812420283218,1.4994863478219376,1.4869205942084234
27.139962673187256,0.2375423503737928,1.0340338651452234,0.4182327568091884,-0.3673804484420836,0.8714005976021878,0.1613803502473532,-0.957996470487938,-1.2780187506336207,-1.8478709117751144,1.491555658007344,1.5098285675048828,-2.0837089995734406,1.4990732850294775,1.4824378784173329
27.16024398803711,0.23618232817830673,1.0779832102856093,0.43538881153833564,-0.3869528057177065,0.9070567295335494,0.8459044621197788,-0.9650438061102464,1.7580779251902974,-1.8398277136914585,1.4969463555539795,1.5098285675048828,-2.073834862542501,1.4985294936147304,1.477887369903479
27.18006706237793,0.2352042942870244,1.0848311273913323,0.457645537584816,-0.4353242896161575,0.8819931404245962,1.1227686313342735,-2.4401605455740465,-1.2643643805210114,-1.8317845199968734,1.5023370506487745,1.5098285675048828,-2.064113067770203,1.497875154508477,1.4734335482930998
27.20006275177002,0.23821771259673616,1.1607734986584384,0.4532218226574247,-0.42022540227028393,0.9825455235975642,-0.22123342889799483,0.7551071158290033,5.028702996994233,-1.8175712079134545,1.4985216190262969,1.4960575103759766,-2.0542356895299756,1.497091074820463,1.4689363879936028
27.220006465911865,0.2289461713558214,1.2324821827235142,0.4929718420945607,-0.42541831506208927,1.0464274226350083,1.9931101676659548,-0.2603784207330579,3.203109440051979,-1.8175712079134545,1.4985216190262969,1.4960575103759766,-2.0443127204184557,1.4961839110907522,1.4644478440214954
27.2400164604187,0.23373448191280013,1.2214652294331187,0.4975748717317738,-0.4474598133165326,1.0218494356811791,0.23003652677868458,-1.1015244530383752,-1.2282855422790193,-1.803357897844509,1.4947061882793733,1.4960575103759766,-2.034285041937969,1.4951471283172468,1.4599428633783056
27.260255336761475,0.2384392354147355,1.2489638177481128,0.4940619722536224,-0.44134281090245897,1.0587869988253154,-0.17357186331175414,0.30224021879840207,1.8250797385461206,-1.7891445880393395,1.4908907579161983,1.4960575103759766,-2.0240693856686773,1.4939684521131795,1.4553864365960996
27.280086517333984,0.23724673460217874,1.257461187084625,0.5176069328913273,-0.4924545814681457,1.034785091329664,1.187269741789514,-2.5773438136375253,-1.2103115801851556,-1.7811013911788303,1.4962814551871428,1.4960575103759766,-2.0139876162456343,1.4926856382514937,1.4509233841066465
27.29996132850647,0.23089813748527005,1.29204486623853,0.5374689201842823,-0.4682812627291878,1.077599069777828,0.9993547672267629,1.2162791650782265,2.1541829040084477,-1.774931276387535,1.4870753271271613,1.4766178131103516,-2.0038121776485442,1.4912720251403868,1.4464537507529611
27.319865942001343,0.22930882436139471,1.3153541078586928,0.5507070146823403,-0.4896432914407771,1.089553881268588,0.6650766919673087,-1.0732199706913008,0.6006050553978071,-1.7668880803185578,1.4924660232889744,1.4766178131103516,-1.9935495328702406,1.48972690073689,1.4419822812852028
27.339930772781372,0.23375673808247024,1.3082866872108678,0.5567416544395358,-0.5146001318712026,1.066226753755155,0.300757072080661,-1.2438101623695335,-1.1625878019689415,-1.752674770777164,1.4886505933095475,1.4766178131103516,-1.9831312314577667,1.4880372947597906,1.4374814336864032
27.359983205795288,0.224268674762973,1.3182740593556272,0.5944392360488863,-0.519635879455516,1.055683211478743,1.8799505069130025,-0.2511290066805734,-0.5257986534150216,-1.752674770777164,1.4886505933095475,1.4766178131103516,-1.9726458333405965,1.4862152812173512,1.4329916813809833
27.379905462265015,0.22880277005613173,1.313566429820264,0.6007566817723965,-0.5454603983253974,1.0329671479361158,0.31710492900792064,-1.2962647533989808,-1.1402354736847298,-1.7384614598209545,1.4848351614773228,1.4766178131103516,-1.962155470392593,1.484271999408888,1.428540998862531
27.399983882904053,0.22883211502142384,1.3796122566420308,0.5904833237945294,-0.5322112895033533,1.1275684308824274,-0.5116616571869608,0.6598680772871209,4.711589852957866,-1.7242481504476044,1.4810197296872116,1.4508113861083984,-1.9515091104886286,1.4821782984782812,1.4240672161873393
27.420016765594482,0.2188023907503929,1.4381361563590993,0.6265764783133598,-0.5394871371969601,1.1766865129892414,1.801695496179051,-0.36319524284354127,2.4518728964693235,-1.7242481504476044,1.4810197296872116,1.4508113861083984,-1.940812842498902,1.4799531156797183,1.4196171127657913
27.440011262893677,0.22289331083465308,1.4506300362056046,0.6339100350935267,-0.5671412267389173,1.175089953272801,0.36677875269524257,-1.3830850122484226,-0.07984995534270282,-1.7100348387955946,1.4772043011585514,1.4508113861083984,-1.9300631290162342,1.4775955575956197,1.4151907960541095
27.46023678779602,0.2209189225034345,1.4867468345282429,0.6454929017369945,-0.5908950311687173,1.201914358815563,0.5726855890956638,-1.1744468706988864,1.3262649880425879,-1.701991643254169,1.482594998087861,1.4508113861083984,-1.9191139557161483,1.475070934067894,1.4107307148083241
27.48024559020996,0.22496030711396028,1.5010540883217751,0.6533682691859443,-0.6198527394129507,1.2008563037810724,0.3935951430787733,-1.4472484482158772,-0.05287947837164712,-1.687778333305299,1.4787795655632252,1.4508113861083984,-1.908207320533453,1.4724340140251626,1.4063374011053051
27.50015163421631,0.21090253110208967,1.5631339423576587,0.6874616780341151,-0.6249114123360054,1.2570878607787659,1.7127164411622453,-0.25412748617664144,2.824848421904537,-1.687778333305299,1.4787795655632252,1.4244556427001953,-1.8972827565892052,1.469672194893862,1.401987219319002
27.519917726516724,0.21462918576383758,1.5613823342488828,0.6775067215247154,-0.6199587458497373,1.2627551581513112,-0.5036380665484738,0.25056376399517966,0.28671814774568993,-1.6735650228286723,1.4749641345314692,1.4244556427001953,-1.8863618594798197,1.4667922717391795,1.3976897249797666
27.539995431900024,0.21012446475771482,1.5821699819161283,0.7111778425870374,-0.6341949517940328,1.2630457992522255,1.6770403001494048,-0.709055426031712,0.01447581261731194,-1.667394908468991,1.4657580073049283,1.4244556427001953,-1.8751941728716979,1.4637257995058937,1.3933489467189184
27.55995512008667,0.21379086130344194,1.5597488333052496,0.7008750707927482,-0.6289796587609748,1.24337248924177,-0.5161789952802212,0.2612913079748121,-0.9856521718419662,-1.6531815972488006,1.461942577349332,1.4244556427001953,-1.8640173086349763,1.4605354378518358,1.3890599489001385
27.58008122444153,0.21153892084224504,1.5986035400578915,0.7294490624225484,-0.6893256339049272,1.244293982167421,1.4197477627061206,-2.9983932349722195,0.04578595586128364,-1.6451384011318553,1.467333273544117,1.4244556427001953,-1.8526716713167475,1.457174352613609,1.3847636646316506
27.599945306777954,0.21124934995467512,1.646188556787665,0.7132121180856831,-0.6750979129943997,1.3211767659874267,-0.8174021866135127,0.7162536214641735,3.870442264479633,-1.6309250901276773,1.4635178417448644,1.3957481384277344,-1.8413990573366676,1.4537142284096982,1.3805532001535525
27.619980812072754,0.20615841764686046,1.6617556229843085,0.7261793249164019,-0.655434572038611,1.3433171108716246,0.6472113700114397,0.9814247590197938,1.1050554781837432,-1.624754976247579,1.4543117153187919,1.3957481384277344,-1.8299540208113019,1.4500797427694727,1.3763384582362825
27.639946222305298,0.20357553273935047,1.7016904026559163,0.7551798822192038,-0.7172174790797424,1.345753565733765,1.452540016209161,-3.0944972490685054,0.12203379914372203,-1.616711779339101,1.4597024126227085,1.3957481384277344,-1.8184737659826398,1.4463127651213363,1.3721723963280283
27.65988850593567,0.19849908454366053,1.6992736413474108,0.7679541996772175,-0.6973313343399805,1.3459220874641429,0.6405644255585135,0.9971849316933952,0.0084504730502031,-1.6105416647156443,1.450496285012419,1.3957481384277344,-1.8069317226123278,1.4424046495713845,1.3680469261817338
27.679991245269775,0.20159560056150716,1.721371496723904,0.7789785168421555,-0.7323028472213702,1.3490903750243581,0.5483987521160403,-1.7396391755454321,0.15760476756717015,-1.596328353399722,1.44668085286239,1.3957481384277344,-1.7952208217617016,1.4383171349091555,1.3639264411657657
27.699925184249878,0.20186772131381814,1.7382402114067443,0.7657130092002352,-0.7277945779014207,1.3803904058164767,-0.6654734749194066,0.22616048561448593,1.5701879504778895,-1.5821150441460365,1.4428654238153198,1.3701248168945312,-1.7835327273500776,1.434116450961116,1.3598803415469938
27.7199125289917,0.19635024142693117,1.725992459937544,0.7773405061347947,-0.709113706168734,1.3681920409821853,0.5817429520905898,0.9346349889887565,-0.6103044197145235,-1.575944929738387,1.4336592966217507,1.3701248168945312,-1.7717377974728876,1.429756320542627,1.3558651875010206
27.73996639251709,0.19328555714526102,1.771132530884508,0.8079868111874492,-0.7739936079739489,1.372953622567044,1.5281995418913963,-3.2352819058067803,0.2374396125130697,-1.5679017338372485,1.439049993233256,1.3701248168945312,-1.759827546179327,1.4252318071232009,1.3518807249627536
27.760004997253418,0.19597461580762185,1.7384584750792362,0.7946529194723728,-0.7724625451545993,1.3394275730632608,-0.665410186513798,0.07640565994966135,-1.6730730479953844,-1.5536884224253893,1.435234561149171,1.3701248168945312,-1.747850162336416,1.4205600518671866,1.34794537657245
27.77997374534607,0.1903914450968439,1.7691079017088736,0.8313475976191367,-0.7935232540012414,1.344962744904462,1.8376053409310995,-1.0546834858612142,0.27719173057415236,-1.5475183085452908,1.4260284347230987,1.3701248168945312,-1.7358386940850346,1.4157540339531365,1.3440715743891347
27.800148725509644,0.1907151596799838,1.7977287088219562,0.8119750570976862,-0.7846299998085134,1.3988855494908652,-0.9602260009369137,0.4408060935189722,2.6727562629161996,-1.5333049974449704,1.4222130052501663,1.3445148468017578,-1.7236263395469016,1.410745104645351,1.3402083252356367
27.820045471191406,0.17915092650539793,1.8298193053678697,0.8423533973110998,-0.7984165955689082,1.4146414331043597,1.5267994424464235,-0.6929070703774194,0.7918824447726827,-1.5333049974449704,1.4222130052501663,1.3445148468017578,-1.7115065730348316,1.4056536383145288,1.3364500906538999
27.840094804763794,0.1814100072953051,1.8590495751598295,0.8555073778966366,-0.8380423931328423,1.4219203200526187,0.6560806890685205,-1.9764146983173299,0.3630488226443382,-1.5190916868244382,1.4183975743173263,1.3445148468017578,-1.699217805992018,1.400370246304464,1.3327170764519776
27.860056400299072,0.18373484509495328,1.8501133735320154,0.8409966538002155,-0.8401233372417042,1.4176871662820107,-0.7269320766857602,-0.10424738369155737,-0.21206490047985704,-1.5048783768995013,1.4145821423412985,1.3445148468017578,-1.6869068766881812,1.3949568688819427,1.3290562825607115
27.880080699920654,0.17752748906404914,1.884952840885118,0.8792555524962333,-0.8642753033962893,1.4258278597729364,1.91062356332217,-1.2061328791022659,0.4065407352450737,-1.4987082627076587,1.40537601556445,1.3445148468017578,-1.6744811930282335,1.3893724239903116,1.3254420547504455
27.900075912475586,0.178409431001645,1.8898254787207822,0.8639726596862694,-0.8654600121327201,1.4408228727835009,-0.7643275993179971,-0.05924961953647903,0.7499301630012485,-1.4844949512957994,1.4015605834803648,1.3231887817382812,-1.6619974982731698,1.3836415392788899,1.3218931190573529
27.920090436935425,0.18031998322048434,1.8741211762116772,0.8490025669178483,-0.8683345132770288,1.4274172471789355,-0.7479614516178026,-0.14362075651993297,-0.6697948598011956,-1.470281639355978,1.3977451551495361,1.3231887817382812,-1.6494256648008927,1.37774991757221,1.3184028680058961
27.939998626708984,0.17374234604935007,1.9111888064610534,0.8876694910700824,-0.8938715188108795,1.4372471034669503,1.9422621841584216,-1.2827387032329174,0.49375942262063505,-1.4641115249003598,1.3885390279889391,1.3231887817382812,-1.6368450962974381,1.3717350189254094,1.3149947959843662
27.96005940437317,0.17563039367912098,1.8794332304264645,0.8727685534624764,-0.8965307170465358,1.4024182661069047,-0.7427896294473845,-0.1325570862790574,-1.736165862713644,-1.4498982146636785,1.3847235956621347,1.3231887817382812,-1.6240920354321213,1.3655176214020248,1.3116268380135159
27.980128288269043,0.1689828113056724,1.9190976051512452,0.9124453753442984,-0.9236074289288536,1.4132686837036614,1.9770318114192271,-1.3491887253323829,0.5406587458003831,-1.4437281001600917,1.3755174685345097,1.3231887817382812,-1.611257418403612,1.3591401268970968,1.3083260522944256
28.000081777572632,0.1699898876953267,1.9337713040486253,0.8899861583027562,-0.9178093933681318,1.4508693986147219,-1.125578423895145,0.2905775261913182,1.8844180252873117,-1.429514789707398,1.3717020380513618,1.3031044006347656,-1.598420857447687,1.3526425795206602,1.30511418661819
28.019975423812866,0.17164988458576536,1.9436305913112153,0.87544765645944,-0.9228081411271353,1.469597363548921,-0.7308113187371573,-0.25127358246139947,0.9414043412676322,-1.4153014781993964,1.3678866082935972,1.3031044006347656,-1.585547701832789,1.3460085493889704,1.3019833495917115
28.039957284927368,0.16462261451419113,1.9850230644469105,0.9156017523405395,-0.9513364574165974,1.4822108292301654,2.009527323356154,-1.4277106684901129,0.6312457888164453,-1.4091313637437781,1.3586804811330002,1.3031044006347656,-1.5725421165406845,1.339187971663719,1.2989123659943678
28.059860229492188,0.1662977786362061,1.9796378084462998,0.9017115681462321,-0.9565494059522273,1.4801673332680236,-0.6978959394209374,-0.26191845727412005,-0.10267304696983998,-1.3949180542504553,1.3548650499904131,1.3031044006347656,-1.559512868717288,1.3322374028112596,1.2959288997392657
28.079928636550903,0.16792479468989835,2.0199238040957015,0.9178807166166255,-1.0030254915458494,1.4938296515081657,0.8057016395514591,-2.315883141977496,0.680787378897044,-1.3807047422149024,1.3510496194651516,1.3031044006347656,-1.5462996767311052,1.3250701895744084,1.2929987805760583
28.100019693374634,0.16030787764196328,2.0193305720418913,0.9280903144699064,-0.9908686476597675,1.4948323151628367,0.508166292239136,0.6050873277966619,0.049905968783416674,-1.3745346281908981,1.3418434931379952,1.287405014038086,-1.5329955786628489,1.3177347737001597,1.290145900147427
28.120052337646484,0.16173465574921825,2.009479862838872,0.9150808696943821,-0.9973076539864865,1.485265553486741,-0.6494122592594989,-0.3214256809704825,-0.4775586061565876,-1.3603213173784918,1.338028062337043,1.287405014038086,-1.5196545620012794,1.3102608953138408,1.287383478052619
28.1400408744812,0.1543761639436635,2.055495186798419,0.9565118810453712,-1.028634383447656,1.5006854399106344,2.0727385747930436,-1.5672347466053675,0.7714364763863889,-1.3541512028749048,1.328821935209418,1.287405014038086,-1.506267828986375,1.3026442094104946,1.2847108116662405
28.16009497642517,0.16045678341314087,2.006341188299611,0.9246455866495817,-1.0068662264856667,1.4685557207404356,-1.5890162763120728,1.0854715420719643,-1.6021519816727676,-1.3337677759760522,1.315800377238727,1.287405014038086,-1.4927620044615209,1.2948424865171149,1.2821152628054513
28.180201768875122,0.16174494953862587,2.051424882460074,0.9420739559499249,-1.05607221845356,1.4851101572973509,0.8667901329227437,-2.447232301739546,0.8233255800556813,-1.3195544656432285,1.3119849472382437,1.287405014038086,-1.4791452616163618,1.286859144628576,1.2796011313419928
28.200007915496826,0.1541928325736252,2.0593727027701645,0.947089329480925,-1.0365513970434503,1.5065188124233748,0.25322308406543004,0.9855941078775139,1.0809096557209061,-1.313384350875866,1.30277881972687,1.2733573913574219,-1.4656583351868866,1.278837235080695,1.2772127569373792
28.21989154815674,0.15548610856051526,2.076358920281882,0.936124113222515,-1.0455453365768168,1.530285254336581,-0.5514694646575928,-0.45232879158441586,1.1952766539045114,-1.2991710402312981,1.2989633893756098,1.2733573913574219,-1.4520453084570257,1.2706262504295038,1.2749048493018322
28.240020513534546,0.14779130746701627,2.126785402185762,0.9790987523138329,-1.079871288178867,1.5486961552011627,2.134965125365951,-1.7053013385325264,0.9146471524502614,-1.2930009254159671,1.2897572618972084,1.2733573913574219,-1.4381897363146336,1.262152985740582,1.2726619127379837
28.260082721710205,0.14910724060308675,2.1291082719600376,0.969220629781288,-1.0899791681416842,1.551018638686261,-0.49237464022179495,-0.5038268905553829,0.11576410057972232,-1.2787876145076236,1.2859418311622002,1.2733573913574219,-1.4243055708341879,1.2535465767908396,1.2705217113645841
28.280092239379883,0.15463577848960822,2.1548848934036564,0.9685596082182799,-1.1132421024753651,1.5703863252154129,-0.03303535716954214,-1.1625934576590746,0.967923707551508,-1.2584041905826155,1.2729202734076241,1.2733573913574219,-1.4103839834530922,1.2448024339450765,1.2684836195026283
28.300010681152344,0.14692854778668807,2.1494452099313177,0.9825216332491806,-1.1052120062346118,1.5598949874811812,0.7009597030930647,0.40314881718587486,-0.5267147829172537,-1.2522340760310602,1.2637141463129709,1.2623653411865234,-1.3964527112126388,1.2359390889478414,1.266552178827463
28.320202827453613,0.14800430791444857,2.146762253379736,0.9735650047697516,-1.1165437877206514,1.5537339940048092,-0.44356990811154595,-0.5611974733625608,-0.30511830612007024,-1.2380207627483248,1.2598987166449807,1.2623653411865234,-1.3822560056952486,1.2267921868367109,1.2646950487499136
28.340080738067627,0.14030964079615776,2.2005218104907245,1.0168415917405096,-1.1525774999372649,1.5747680852717223,2.177119507733803,-1.812751496689503,1.0581640935684846,-1.2318506484605452,1.2506925899340757,1.2623653411865234,-1.3682075362008315,1.2176285342701292,1.2629675780014256
28.35998010635376,0.14560226211148636,2.149308565805914,0.9877319633115907,-1.1342594737324105,1.5353723737086,-1.462841835497077,0.920533051173265,-1.9797468440531247,-1.2114672229526777,1.2376710321373863,1.2623653411865234,-1.3540720620511912,1.2082971125010924,1.2613399423033562
28.379917860031128,0.13779795313847962,2.197978220505889,1.03157038172033,-1.1713314282610514,1.5475637274579461,2.198764169631679,-1.8593847194893456,0.6114707778331522,-1.2052971078256025,1.2284649043082085,1.2623653411865234,-1.3398375421887447,1.1987894668448604,1.259812730387643
28.399895906448364,0.13914109458955404,2.1912198109372407,1.01537252724374,-1.1722201814771291,1.5480189717507415,-0.8107827030882885,-0.04448649269885305,0.022787227704239,-1.1910837977806925,1.2246494729797046,1.253061294555664,-1.3255025083333078,1.1891039833671395,1.258387890575119
28.41999077796936,0.1405100246425761,2.2076588969610564,1.0068086053295433,-1.1861213872081866,1.566272738820738,-0.4261745045370724,-0.6917787812941631,0.9083793867964802,-1.1768704880952905,1.2208340442293821,1.253061294555664,-1.3110115592465106,1.1792019766636426,1.2570626700269665
28.439929485321045,0.13617138211326865,2.2418071554412577,1.032292575736615,-1.1963826585637687,1.5902012119711701,1.2781154744677397,-0.5146407525117285,1.200101527565199,-1.164530257361557,1.2024217877705576,1.253061294555664,-1.2965620275491376,1.169218688949897,1.2558561463365585
28.460093021392822,0.13741445549849238,2.2508608413969693,1.0236326037746668,-1.2101764037250744,1.5981313749785444,-0.42948676914211936,-0.6840935593937143,0.39329227666936906,-1.1503169478439934,1.1986063594699274,1.253061294555664,-1.281877934602387,1.1589629863502149,1.254747209973529
28.479961156845093,0.14227132557010574,2.28373783561387,1.0244752036310987,-1.2376100537099561,1.6230312424335467,0.04240960901721545,-1.380786337539623,1.2532563770173386,-1.1299335198180338,1.1855848005787948,1.253061294555664,-1.267338721129639,1.1487005860094677,1.253765174940473
28.499972105026245,0.1345155756784111,2.2732265041739463,1.039504623180375,-1.2333841140663624,1.6017966490270423,0.751059840504315,0.21118137957970526,-1.0611487878672596,-1.123763406009837,1.1763786746683589,1.2472248077392578,-1.2526250554456464,1.1382074882742275,1.2528883696963096
28.51998543739319,0.13923064218781708,2.253468997501521,1.011532742455451,-1.2189310387537007,1.6028509464088947,-1.3976623288946168,0.7221723522932295,0.05267975180354175,-1.1033799795187682,1.1633571158523122,1.2472248077392578,-1.2378397926410414,1.1275560701380685,1.2521253694337942
28.540021657943726,0.13127496434865635,2.315236824322315,1.0570846920226895,-1.2598246236661186,1.629642729003476,2.273480143240757,-2.0409829692816825,1.3371674826100457,-1.0972098656626028,1.1541509899748479,1.2472248077392578,-1.22296808564379,1.1167356554153476,1.251476761608365
28.559980392456055,0.1359806857446747,2.270842237375412,1.0287201184060097,-1.2451550235279316,1.5962607407369407,-1.4211609257670184,0.7349965063729427,-1.6725503436059204,-1.0768264383320334,1.1411294323009045,1.2472248077392578,-1.2080851272280413,1.1058016368480743,1.2509464140236441
28.58009362220764,0.12796232382216693,2.3275098893680153,1.0748567655618835,-1.2870701213034255,1.6141362152804033,2.293845778410282,-2.0839565943996035,0.8887421246730527,-1.0706563243080294,1.1319233059737481,1.2472248077392578,-1.1930180673219328,1.0946267021323868,1.2505298805779577
28.599953651428223,0.13276193134946912,2.28854159033579,1.0391032391988384,-1.2624619482394868,1.6012110723544561,-1.8002756172177985,1.2390804057043943,-0.6508118785924423,-1.0502728989919334,1.1189017491753592,1.2443008422851562,-1.1780731587344069,1.0834390722568195,1.2502357029548554
28.619959115982056,0.13412589387978463,2.311256249026086,1.0310410192084705,-1.279202197787413,1.625577313617394,-0.40300088851589455,-0.8367838448779686,1.217979277480434,-1.036059587532003,1.1150863182544342,1.2443008422851562,-1.1629515845790261,1.0720162317919804,1.2500579376106
28.639930248260498,0.12937242217752187,2.3518918765079064,1.05817385176136,-1.2934696437519615,1.6548715294319922,1.358602615745412,-0.714403458233025,1.4668279898290715,-1.0237193579732422,1.0966740638132673,1.2443008422851562,-1.1477891076641389,1.0604602511084391,1.2500000177603303
28.66001057624817,0.13079023152302172,2.3663317475298884,1.0505388104438058,-1.310607506954356,1.666793961422364,-0.38022493070043156,-0.853465302604463,0.5937369149394336,-1.0095060467770873,1.0928586332760908,1.2443008422851562,-1.1324769465963147,1.048688054054804,1.2500629938582404
28.680086135864258,0.1258565061214087,2.4086206135132318,1.0783212357072025,-1.3259335855050174,1.6972261780014932,1.3838929421988029,-0.7634197424005517,1.5158838488736552,-0.9971658177458782,1.0744463796024206,1.2443008422851562,-1.1171019855516353,1.0367660809926684,1.2502481847031917
28.700034141540527,0.12747021479750273,2.3872472508182265,1.0701351520724605,-1.3414963860725964,1.659562484208472,-0.4103710299461336,-0.7801682443921063,-1.8880931960946148,-0.9829525059262348,1.0706309483636913,1.2450485229492188,-1.1017594255827732,1.0247696113473337,1.2505539084323973
28.719964027404785,0.1318469972151208,2.365757160364006,1.0441907873003207,-1.330842355276028,1.6538836618499066,-1.3017819042641046,0.5345756051556346,-0.2849400341398691,-0.9625690799864453,1.0576093931241262,1.2450485229492188,-1.086366406075118,1.0126354303015848,1.2509810937221282
28.739887237548828,0.1243553412385358,2.42642551899923,1.0907845860354204,-1.3749070231413971,1.6755179688188007,2.3386692404602902,-2.2117252966156373,1.085884594524676,-0.9563989648114013,1.04840326532792,1.2450485229492188,-1.0709147851242733,1.0003578207998194,1.2515302706086
28.759942770004272,0.12860189643751543,2.3873332618804533,1.065312606424839,-1.364118713674293,1.6442777407958409,-1.2700724683909672,0.5379218672489324,-1.5576862939123421,-0.9360155393993683,1.035381708595475,1.2450485229492188,-1.055296792890707,0.9878507885985743,1.2522068731158877
28.779924154281616,0.1235311208901088,2.4248941589480983,1.0933673116070386,-1.3806419745263385,1.6668795223968094,1.4040421220470634,-0.8269327401295605,1.1311419312722952,-0.9236753094808949,1.0169694538365037,1.2450485229492188,-1.0396734880270404,0.9752434755770658,1.2530048500312425
28.79993510246277,0.1276585433142338,2.3761475187222207,1.061319700595548,-1.3599314530364672,1.6340942344001053,-1.6015038728487272,1.0349595282735204,-1.6383675426026785,-0.9032918842369058,1.003947895293374,1.2501144409179688,-1.0239646470417703,0.9624720826936995,1.253928227402514
28.819891452789307,0.1200364181676169,2.407777252467274,1.081365733836489,-1.36293006873955,1.66447020847738,1.0044939537007311,-0.15025872236243606,1.522120707456237,-0.8971217692297004,0.9947417679468604,1.2501144409179688,-1.0082370704851071,0.9495917423737448,1.2549731140061904
28.83999252319336,0.12428193617696287,2.452583714537355,1.0854469875634576,-1.39721118415383,1.6984618396886981,0.20303663660347632,-1.7054373088195458,1.691035876600128,-0.8767383439375376,0.9817202116970797,1.2501144409179688,-0.9923339774110205,0.9364741074946963,1.256150932967656
28.859933853149414,0.11924326416205683,2.451407525969518,1.0869497048818686,-1.3718862614548708,1.7163529016692893,0.07535692562745766,1.2699715994253362,0.8971849931784028,-0.8643981140670327,0.9633079569051363,1.2501144409179688,-0.976496898831568,0.9233192175725232,1.2574437811969288
28.879980087280273,0.12359614927725708,2.4968352151464472,1.0909788470577482,-1.4063163798575107,1.7510641012288553,0.20099247317864416,-1.7175354821201956,1.731557126040504,-0.844014688415157,0.950286400337551,1.2501144409179688,-0.9605166733791235,0.9099544557427406,1.258868289261577
28.900232076644897,0.12504242407222566,2.46854113346828,1.0870212932011047,-1.4253260225206905,1.6972111728590542,-0.19541556068345767,-0.9386555720982994,-2.65914263533393,-0.8298013757080442,0.9464709702738971,1.2578239440917969,-0.9443122590031272,0.896310719997,1.2604344453841243
28.92030143737793,0.1197591097858482,2.4638644556187623,1.0898837426267283,-1.400956679672754,1.7088305547653895,0.14262783272972968,1.214256057883647,0.57896123652862,-0.8174611457895707,0.9280587155149257,1.2578239440917969,-0.9281949370734304,0.8826507636013649,1.262112270993655
28.939929246902466,0.12423824603788368,2.5085152459398707,1.0927272267667754,-1.4344961999770809,1.7437937375867243,0.14487017191055063,-1.708775513762766,1.7813084428819423,-0.797077720833085,0.9150371601645294,1.2578239440917969,-0.9123760148490372,0.8691586122911997,1.2638740697611832
28.959988355636597,0.1191219786994983,2.485049709383201,1.0956752368800435,-1.4096972781304258,1.728502651842068,0.14696615648989889,1.2362923086637139,-0.7623013538302531,-0.7847374901232845,0.896624904254313,1.2578239440917969,-0.8961530611031217,0.8552360776113237,1.265797737520096
28.97998046875,0.12136842643580685,2.556691297968476,1.1188290195617778,-1.4732100905884986,1.7648070849479243,1.1581458423327593,-3.1768934128074693,1.815937760051817,-0.7705241789028889,0.8928094765590933,1.2578239440917969,-0.8799281556713371,0.8412267819414578,1.2678384545010222
29.000220775604248,0.11782472086680434,2.480328318116657,1.0980645961034154,-1.412319839162464,1.7180324153937723,-1.0258946965522082,3.0083660225366033,-2.310966424124884,-0.752013834456793,0.865191095254077,1.2696285247802734,-0.8634456194143203,0.8269097509679396,1.2700295586516348
29.020095586776733,0.11976638300793317,2.5179367552420997,1.0973229422988393,-1.435172188766457,1.753900981325636,-0.03731626922840307,-1.149814677768094,1.8047248660918196,-0.737800522397307,0.8613756641802075,1.2696285247802734,-0.847206325184689,0.8127217420582851,1.272302973771249
29.039974212646484,0.11459068244798995,2.5667475301094536,1.1260160785578313,-1.4538152526583126,1.790726636114589,1.4434164839660213,-0.9378446988241996,1.8525251710174806,-0.7254602930782865,0.8429634107043691,1.2696285247802734,-0.8309108983929845,0.7984044010146565,1.274696956306097
29.060073614120483,0.10941826427830739,2.5739293173927744,1.1327320980678905,-1.4326453284441447,1.8137137281908402,0.33414027371647176,1.0532614238067577,1.1436704772521564,-0.7131200628960374,0.8245511555616494,1.2696285247802734,-0.8143814660003436,0.7838011037409266,1.277238917387303
29.079915046691895,0.1139053690204325,2.621619588361718,1.1367234450550046,-1.467803302709338,1.851027428240788,0.20116223829850918,-1.7719473701637483,1.880595058630585,-0.6927366377958513,0.8115295980497924,1.2696285247802734,-0.7980125978024802,0.769261696113025,1.2798671673771889
29.099902391433716,0.10820964517492017,2.5595351303659153,1.1433640613495317,-1.4437632877406776,1.7774943813592767,0.33224104453616693,1.2027618114956171,-3.6789802663307993,-0.6803964077814407,0.793117343356765,1.2836952209472656,-0.7814724866896772,0.7544931820792709,1.2826332666035165
29.119916200637817,0.11241646938722644,2.75277293225927,1.1308578355143195,-1.44992401539388,2.0485701652663146,-0.6248798371001374,-0.3078238425466624,13.544437300395796,-0.66001298109819,0.7800957880631709,1.2836952209472656,-0.7648601578091794,0.7395840878897977,1.2855212204780675
29.1400728225708,0.1071984248240517,2.804108590182482,1.1606592570786145,-1.4698643109600267,2.086958069022689,1.4784928577505974,-0.9892677271243216,1.9044810129398764,-0.6476727513475552,0.7616835337538919,1.2836952209472656,-0.7480793215084764,0.7244481813551806,1.288548208173877
29.159965753555298,0.11161914709633318,2.881869202329068,1.153203385751603,-1.4771828137358372,2.1893430487768004,-0.3748000399147777,-0.3678946446611573,5.146802139609389,-0.6272893240889896,0.7486619754653966,1.2836952209472656,-0.7314696513345615,0.7093936734000925,1.2916509651881551
29.179952383041382,0.10670134754575838,2.9327333398105764,1.1824459803816723,-1.4965175387378344,2.2278199213953043,1.4631078567013915,-0.9673829704733059,1.9251306302192674,-0.6149490945541619,0.7302497215728379,1.2836952209472656,-0.7147343567610657,0.694153680350577,1.2948824825630958
29.200021743774414,0.10103992343909185,2.9127676624176524,1.19785580771971,-1.4788663514665328,2.205064904631658,0.7678285094888226,0.8795091934467805,-1.1338187133282003,-0.6026088650673028,0.7118374676473072,1.2922172546386719,-0.6978829183656187,0.6787371112005467,1.298241148710169
29.219996690750122,0.09613754060383635,2.9338974860876896,1.214825980045339,-1.468058325641908,2.230864641701066,0.8495728347247603,0.5410790745912217,1.291604783771567,-0.5902686354845066,0.6934252137877204,1.2922172546386719,-0.6810650202946635,0.6632822125003888,1.3016957931416324
29.240023612976074,0.10064186002295854,2.9835046245535306,1.2196360933777557,-1.5039783616819289,2.2697657879294706,0.24018235444004057,-1.7935874336933046,1.942442567535116,-0.5698852076502159,0.680403657025077,1.2922172546386719,-0.6641585446422105,0.6476782589079326,1.3052698497579962
29.26001524925232,0.09604412942874889,2.8925747520447778,1.2339960513836432,-1.4881211526596452,2.151682568675829,0.7182982827148876,0.7931921531168462,-5.906631034196672,-0.5575449786909082,0.661991403867043,1.2922172546386719,-0.647238048544489,0.6319952789746279,1.3089462865713808
29.27994656562805,0.09171952398926309,2.943762287670072,1.2632293191596737,-1.5069984468370363,2.1906491674283872,1.46670030342922,-0.9471172812436708,1.9550439127042414,-0.5452047483167849,0.6435791488562111,1.2922172546386719,-0.6303260037169212,0.6162558911569949,1.312718048492179
29.30017066001892,0.09422990158360106,2.734029029455221,1.2451648822842332,-1.4968979405448268,1.9193164682830721,-0.8932136354939274,0.4994293488251176,-13.416308977860464,-0.5248213217056408,0.6305575918178767,1.3040275573730469,-0.6131231344242204,0.6001818216971635,1.316652010337101
29.320057153701782,0.08975166589475478,2.6798568830043203,1.2445381766213695,-1.4665202655632557,1.8660321409369844,-0.03151413581791063,1.5275530953830947,-2.6794229387963666,-0.5124810926503961,0.6121453387257868,1.3040275573730469,-0.5961666669269476,0.584276632307509,1.320623381891862
29.340014219284058,0.08552751151166964,2.723984585101678,1.2738545036814493,-1.4852450761801177,1.8951078562986239,1.4689698212004034,-0.9382547018080775,1.4569133544093107,-0.5001408622762727,0.5937330837149549,1.3040275573730469,-0.5791104831200704,0.5682182905264117,1.3247096640769465
29.359993934631348,0.0905732032422563,2.6688316975742006,1.2444632488055807,-1.4678011310899102,1.8491981213272495,-1.4710547355147918,0.873082763542652,-2.297817269834197,-0.479757436096743,0.5807115275100612,1.3040275573730469,-0.5619962762534292,0.5520470533756601,1.3288997554633712
29.37990379333496,0.08691217182082485,2.705778516454147,1.2735461601175249,-1.486153622567795,1.8683321354307783,1.4607291666347264,-0.9217790920110402,0.9610321393218273,-0.4674172059863954,0.5622992728829777,1.3040275573730469,-0.5449044376304986,0.5358405262831478,1.333171841051183
29.399911880493164,0.08056149703631547,2.5770444059395983,1.2396783498093116,-1.4096398631946259,1.7655794842745753,-1.692706056327219,3.8241416467340383,-5.135555955136636,-0.4489068610366811,0.5346808913590728,1.3303794860839844,-0.5276916726125078,0.5194641871016072,1.3375600279322417
29.419914960861206,0.07228862198002782,2.5983929850989105,1.2516437022265394,-1.393776014563983,1.8006728100668397,0.5981754908281199,0.7930702841142295,1.7543960803322733,-0.44273674629325155,0.5254747643963075,1.3303794860839844,-0.510447583071392,0.5030043962016766,1.3420401037251344
29.440048694610596,0.08036995272660925,2.597827574110145,1.237774439542126,-1.380551705530391,1.8195327779351231,-0.6888569629979292,0.6568234783572047,0.9367347409595707,-0.4161832062337261,0.5032470806351531,1.3303794860839844,-0.4930559955340369,0.4863512988877313,1.3466409781929798
29.459924459457397,0.07646682406210593,2.5731133790056764,1.2287622360326655,-1.3242571064722433,1.832320644558636,-0.4534267525765472,2.832323661104608,0.643389913398505,-0.4038429761233785,0.4848348260080696,1.3303794860839844,-0.4758539514167581,0.4698296547573372,1.3512706194945374
29.48005700111389,0.07755560432492009,2.5834792749172037,1.239433259675459,-1.293938611782021,1.8611537356372803,0.5300385726186356,1.505944714160935,1.4321634878795158,-0.38533263143743995,0.4572164448679131,1.3303794860839844,-0.45839714260405046,0.4530143132167652,1.3560464114895376
29.49996829032898,0.06306002232190709,2.484913180241948,1.2370059340491686,-1.2627404022619757,1.7464525498743335,-0.12190700461781317,1.5668603465618265,-5.760610702999145,-0.3791625160705219,0.4480103172035949,1.3590583801269531,-0.4411010084298621,0.4363068967121768,1.360852684530457
29.520062923431396,0.07161183817080867,2.424113443482816,1.1635904404611843,-1.1958723807771598,1.758485860800658,-3.6534876359177626,3.327655754847942,0.5988320794410052,-0.352608974428137,0.42578263340032696,1.3590583801269531,-0.4236153681444415,0.41937089468570027,1.365784227602372
29.539987325668335,0.06718461469345134,2.4396477700084143,1.1723966850672178,-1.1925713238890359,1.776271626747435,0.44198287613905657,0.16567909284646212,0.8926624616021586,-0.3402687450131794,0.4073703799904326,1.3590583801269531,-0.40624893169757936,0.40250688674622015,1.3707517051486373
29.56005883216858,0.06927117389860903,2.366992389221252,1.1233036385491968,-1.1097723223422415,1.7633057870989288,-2.445907411953552,4.1252011425144985,-0.6459823854451813,-0.32175840032724085,0.379751998850276,1.3590583801269531,-0.38872634163054953,0.3854492097188793,1.375831339293618
29.579970359802246,0.0660384780169622,2.3822844068542395,1.1319518690920318,-1.1057386967701412,1.78081607575431,0.43433284989205717,0.2025774037186441,0.8794045829901147,-0.3094181701209561,0.3613397442891365,1.3590583801269531,-0.3713168082144974,0.3684616231698704,1.38094257584372
29.600114822387695,0.0653395485414705,2.252488626862463,1.074693904750598,-1.0166882188457103,1.6985532346373464,-2.842367429687233,4.420593378785596,-4.083645357527865,-0.29090782517124186,0.33372136276523157,1.3910083770751953,-0.35367785938971236,0.35121143350121603,1.386183769996325
29.619944095611572,0.06713301730741353,2.261553891171236,1.022863853129847,-0.9887583580158157,1.7580479089279646,-2.613814991380566,1.4085166165476748,3.0003456818063836,-0.27052439743278567,0.3206998070668325,1.3910083770751953,-0.3362906858005561,0.3341711400725975,1.3914090192753357
29.63990807533264,0.0711209445377254,2.2632331050550722,1.0123128093375842,-0.955547697289014,1.7844818469443542,-0.5285040327469215,1.6635290754053524,1.324081590229832,-0.25201405269887855,0.2930814259596479,1.3910083770751953,-0.31876234461019154,0.31695783356636287,1.396733011444163
29.659891605377197,0.058624382924151744,2.2975492118826835,1.0056721823406287,-0.943187814717406,1.837866314196324,-0.33230500227684373,0.6185034648057773,2.671423273713045,-0.24584393754776765,0.2838752987120501,1.3910083770751953,-0.30119483143479914,0.299672992811878,1.4021227677590078
29.679895401000977,0.0641741453416636,2.308455901746292,0.9951531010597107,-0.9094276035334239,1.8739211268593934,-0.5258542667979275,1.6876902673335656,1.802398571809519,-0.22733359281386056,0.2562569176048655,1.3910083770751953,-0.2835886350742105,0.282318741208965,1.4075755887008132
29.69990086555481,0.06330621945678727,2.1985853690054658,0.946136478358436,-0.8888586456616532,1.774410802817918,-2.4501616830429076,1.0281669699007183,-4.974157124604709,-0.20695016651435816,0.24323536204749588,1.4205265045166016,-0.2659612789739799,0.26491405737152984,1.4130833736406534
29.719895124435425,0.06785755760866517,2.1864655318473707,0.9074923889093687,-0.8311150396745237,1.8073009923239096,-1.9327592825425184,2.8880093196709007,1.6449816771092844,-0.18843982146870678,0.21561698058953493,1.4205265045166016,-0.24832531802661278,0.24747312822910472,1.418639368010603
29.73988628387451,0.0637751067018542,2.21601232006655,0.9154563312159448,-0.8243780484365373,1.8420236539141783,0.39837320745914195,0.3369985246985826,1.7369008383965272,-0.17609959126242208,0.1972047260283954,1.4205265045166016,-0.2306748256884486,0.2299919031466916,1.4242425560219782
29.759992837905884,0.08106691718865972,1.95470120697389,0.8560720770981667,-0.7380001077206146,1.5947894056465182,-2.95347745939565,4.296009180944081,-12.29620191913059,-0.15141913137740406,0.160380217673613,1.4205265045166016,-0.21290626564786336,0.21236943080424678,1.4299232645825528
29.779958963394165,0.08126673511954538,1.9621080958381143,0.8388765994254096,-0.7467045080221538,1.6089085146114819,-0.8612325752860592,-0.4359584089886679,0.7071531716682169,-0.1310357019121828,0.1473586620320162,1.4205265045166016,-0.19524694179347504,0.19483299851634328,1.435605837567847
29.799888134002686,0.08831221047445333,1.8054862447173652,0.7950405624218226,-0.6903060489376227,1.466686279600288,-2.199591637037084,2.829945118760665,-7.136385041050744,-0.11252535681856289,0.11974028060702721,1.4571552276611328,-0.1776067541776182,0.177295233435455,1.4413158576738403
29.81987428665161,0.08409771357342709,1.8625221777398486,0.7807741581500415,-0.6706852085015086,1.5522763696053516,-0.713814435543599,0.9817217340811565,4.282469543214661,-0.1001851274036053,0.10132802719713277,1.4571552276611328,-0.159903758965989,0.15967645223112015,1.4470769456325523
29.83999252319336,0.09120107036420931,1.8551866343440475,0.769245878371444,-0.6334849681373997,1.5648242783141173,-0.5730263561955226,1.8490805735837406,0.623708180522038,-0.08167478252579255,0.07370964618886411,1.4571552276611328,-0.14207249999635183,0.14191309524232065,1.4529078170221066
29.860129833221436,0.0893530070636579,1.9061044000340954,0.7333451743649811,-0.6337203688259334,1.6412913614590365,-1.7827954158926274,-0.01168977823778186,3.797283899304626,-0.06129135783328775,0.06068808896183955,1.4571552276611328,-0.12421426056158154,0.1241077413058227,1.4587725959346223
29.8800106048584,0.09756028608718746,1.8989385877750389,0.7208813535965449,-0.5950156434462102,1.6529531808953828,-0.6269284208900188,1.9468422094725102,0.5865878673775555,-0.042781012164147904,0.03306970680232575,1.4571552276611328,-0.1065748579447842,0.10650758679208394,1.464587081032946
29.899937629699707,0.09713408541221834,1.8184409230367249,0.7136777996695284,-0.5821425467712318,1.5679609191788617,-0.3614967103410052,0.6460119750687786,-4.2651756794287055,-0.030440781909894653,0.014657452274158158,1.4931259155273438,-0.08888701585021784,0.08884799130783136,1.4704360013592788
29.919891357421875,0.10424263577837518,1.8542772239957503,0.6928891082783147,-0.5468978102231616,1.6306904955361021,-1.0418449966177525,1.7663234177999905,3.143752246731813,-0.01193043681627475,-0.012960929150830847,1.4931259155273438,-0.07116927510701862,0.0711492457854818,1.4763102792274898
29.939889907836914,0.1010026697670773,1.861900407192918,0.6992195435845494,-0.5350942421237914,1.6405606688630974,0.31654470823415964,0.590221183756091,0.49354443807951204,0.00040979216706854213,-0.031373181727284614,1.4931259155273438,-0.053406751785591705,0.053398288277715214,1.4822118525689367
29.960078239440918,0.10888584218641373,1.873328939716246,0.659786757504729,-0.5221056962289041,1.6737527872912181,-1.953246402590284,0.6433689593404194,1.6441238968720842,0.02696333469682024,-0.05360086548566542,1.4931259155273438,-0.03547187336781136,0.03546939369116959,1.4881801746584549
29.980047941207886,0.10633510287702763,1.8798709734109982,0.6656107892711094,-0.5091868920293801,1.6827376096303799,0.29164340230728864,0.646920236980869,0.44992271011396406,0.03930356415974638,-0.0720131188625879,1.4931259155273438,-0.017728717647377604,0.017728408074248622,1.4940909433952778
29.99997091293335,0.11833954201411657,1.8329030446321772,0.6578251552959781,-0.48954832232092904,1.6392504617033028,-0.3907867803265705,0.9857249199099473,-2.182764124063654,0.05781390961307908,-0.09963150060538135,1.5269584655761719,-2.5845067566503262e-05,2.584506756554417e-05,1.4999913849774795
30.020148992538452,0.11488615032416612,1.9250037790569703,0.6735147928880636,-0.5004296834909034,1.732509020185973,0.7775585139488697,-0.5392664407579586,4.621775724340357,0.07015413960355664,-0.11804375474980057,1.5269584655761719,0.01790370462527234,-0.017903385794614902,1.5059673701686838
30.040004014968872,0.12221898593263691,1.92944070810971,0.6348904908162064,-0.47380700058078307,1.7593073742193823,-1.9453164662599833,1.3408538319922372,1.3497015240008765,0.09670768249322634,-0.14027143656560917,1.5269584655761719,0.035544953467099495,-0.0355424584324133,1.5118441597814865
30.059985876083374,0.11958783185737885,2.005454803007551,0.655666661359176,-0.49041607953551103,1.8306944761541137,1.039751523840345,-0.8312078068981185,3.5725952415374262,0.10904791305922384,-0.1586836914445532,1.5269584655761719,0.0532964150090162,-0.0532880038516672,1.5177514557288223
30.080010652542114,0.12837685862791004,2.0145854318679413,0.6417011681380766,-0.44639705274357633,1.8567454710882196,-0.6974106926923406,2.198228124175722,1.3009381147291357,0.12755825798500514,-0.18630207241984986,1.5269584655761719,0.07108225732558263,-0.07106230138991952,1.5236608370864024
30.10017490386963,0.1287478266646589,1.9621416014753534,0.6680580571053144,-0.46978999972923075,1.7840951355606982,1.307109723001374,-1.1601197885157348,-3.6029274951749954,0.13989848802345123,-0.20471432653129715,1.5537242889404297,0.08898693185269496,-0.08894777554300864,1.5295970845557318
30.12006902694702,0.13721554660760152,2.0065126090276117,0.6780725037206358,-0.4674231059668087,1.8297065802726848,0.5033871850678177,0.11897452092833175,2.292709486844328,0.15840883299720107,-0.2323327074736219,1.5537242889404297,0.1066455316067606,-0.10657812650721238,1.5354362538915776
30.140103340148926,0.13522400865840453,2.0259598953545175,0.6825447685360859,-0.44975909111067125,1.8537429423984901,0.22323025353447398,0.8816880657759932,1.1997597264038276,0.1707490627718715,-0.2507449612013208,1.5537242889404297,0.12442109784181221,-0.1243140454298598,1.541295462757833
30.160117864608765,0.1313976499343103,2.0524813227368917,0.6917693171754142,-0.4966570781705373,1.8674759807562575,0.4608927210755512,-2.3431976689714262,0.6861536173554414,0.191132490390355,-0.26376651754724395,1.5537242889404297,0.14217037595978338,-0.14201064140581593,1.5471242598662205
30.18005895614624,0.13009740009149437,2.0701561329223184,0.6956392618279619,-0.47774929424235935,1.8903407216505348,0.19406884749888426,0.9481819935806552,1.1466143090164957,0.20347272047676965,-0.28217877162571925,1.5537242889404297,0.15984462047024317,-0.1596175659616749,1.5529037607186706
30.20008683204651,0.14144690254481013,2.0392977603703852,0.7207981643099444,-0.4940791811902208,1.8425718777007003,1.2561942468220075,-0.8153579056100754,-2.3851178321508355,0.22198306545051946,-0.309797152568044,1.580434799194336,0.17758460145793487,-0.17727319733652339,1.5586769517729089
30.220112562179565,0.1398254553908795,2.1209737665088424,0.7573177658534138,-0.5261869357134941,1.9100070231352404,1.8236339599516642,-1.6033250378358344,3.367425056988276,0.23432329548896558,-0.3282094066794912,1.580434799194336,0.19531024076417175,-0.19489589447038366,1.5644145932412525
30.240090131759644,0.13872824196452715,2.135897184350689,0.7607370781748772,-0.5053768903834563,1.930784834898363,0.1711575728848017,1.0416705218631674,1.040057033956845,0.2466635257911874,-0.34662166117468685,1.580434799194336,0.21297962830947678,-0.21244223786318234,1.5701002683001886
30.260093212127686,0.13808212721325863,2.1901894025352133,0.7987664354984544,-0.5395369650874169,1.9666727393755445,1.9011750502355087,-1.7077407117024102,1.7941188965334591,0.25900375535005066,-0.36503391448566547,1.580434799194336,0.2306567320346815,-0.22997397034040765,1.5757516792539228
30.280155658721924,0.14803499703761475,2.190525537035562,0.7830612483944737,-0.489275622341986,1.9864104749647506,-0.7828151482028659,2.505244936570467,0.9838149847025424,0.27751410058757614,-0.39265229581173855,1.580434799194336,0.24837015770026283,-0.24751750565384878,1.5813748134138708
30.300018787384033,0.13927198638538985,2.1442193400923983,0.8525428341107535,-0.5535364105116553,1.8879737118589754,3.4980182074147224,-3.2351795763298967,-4.955753183714295,0.2836842157386871,-0.4018584230593364,1.6044197082519531,0.26589045735864447,-0.2648440732143515,1.5868944039464363
30.32015585899353,0.14469510493722837,2.171839760476663,0.8676321577250168,-0.574972009083794,1.9061766898267603,0.7493305832585334,-1.0644843991133865,0.9039535797846543,0.3102377589641366,-0.4240861046443412,1.6044197082519531,0.2836338038319928,-0.2823633021703634,1.5924384636152604
30.340117931365967,0.1346322304768826,2.2050573923294867,0.9089740419147238,-0.579273443634329,1.9236648804020289,2.071021656388318,-0.2154803604697069,0.8760708932914293,0.31640787389944036,-0.4332922314752187,1.6044197082519531,0.30120324512913677,-0.2996812787518359,1.5978798260291864
30.360056161880493,0.1448953750592537,1.9936480846692488,0.9535499953250445,-0.5926213696564826,1.6474753425005932,2.2357025804192645,-0.6694639232116784,-13.852259241371126,0.3349182197124858,-0.4609106135358166,1.6044197082519531,0.3187309425827255,-0.3169269657979439,1.6032574015874594
30.380128860473633,0.13602976772851585,2.011704221601145,0.994900999145883,-0.5957916579115361,1.6438242538268548,2.0600620105445766,-0.15794031083279583,-0.18189326446551013,0.34108833486359674,-0.47011674078341437,1.6044197082519531,0.3363547222587586,-0.3342339629271497,1.608610328975225
30.40010690689087,0.14807285029102077,1.9087424099964694,1.0301549788337852,-0.6026151941649813,1.4896084166869477,1.7646359885061769,-0.3415517268774654,-7.719265133294283,0.3595986796215394,-0.49773512130901876,1.6357669830322266,0.3538721484351207,-0.3514016460680754,1.613874293435326
30.42006278038025,0.13956641674135103,2.0019094739905565,1.089350475414314,-0.6419502948249658,1.55204925912224,2.9663194954623995,-1.971103929924081,3.1289455943144766,0.3657687945088746,-0.5069412481728683,1.6357669830322266,0.3713458188516087,-0.3684899628067809,1.6190659931819438
30.440226316452026,0.1493869313033051,1.9819521914714027,1.0925643524890642,-0.5866925958866614,1.546036682255702,0.15939054852827714,2.740476607952108,-0.29819059738007614,0.38427913926681734,-0.5345596286984727,1.6357669830322266,0.3889754942012394,-0.38569203895799503,1.6242413498865313
30.460071802139282,0.1422443736397825,2.0641473499565026,1.1475487420483141,-0.619477214180645,1.6000262960547778,2.7706245352593775,-1.6519937486355822,2.7204984876609126,0.39044925472967246,-0.5437657562968469,1.6357669830322266,0.4063005232021698,-0.4025570479888998,1.6292631520082848
30.480194091796875,0.14414304468629205,2.062488619535594,1.1692924843251462,-0.5911454187703867,1.5928469749732246,1.0805799263816616,1.4079806966483976,-0.3567845013524187,0.4027894845523114,-0.5621780099915739,1.6357669830322266,0.4238392218661527,-0.4195879933068748,1.634279356630906
30.50005865097046,0.1492991735453215,2.0095901966067786,1.2003727430801683,-0.5908665038704557,1.499478179425152,1.5646085313764624,0.014040830078018563,-4.700270201426622,0.41512971495047024,-0.5805902644208255,1.6674976348876953,0.44112444668220846,-0.4363295679075378,1.6391538774619043
30.52007746696472,0.15098420497883797,2.0577825544344353,1.2269277385046218,-0.5853005585935456,1.5448432353908041,1.3265017987109748,0.2780356879500415,2.2661208324535096,0.42746994503688496,-0.5990025184993009,1.6674976348876953,0.4585138503613174,-0.4531268922287244,1.643985770744958
30.539992094039917,0.14593453923651772,2.073988710378513,1.2665178400742079,-0.5829642134672056,1.535419961237919,1.9879911092534386,0.11731804555105094,-0.47318356087232044,0.4336400593966687,-0.6082086445956535,1.6674976348876953,0.4757816745343699,-0.4697601342538914,1.6487097664639596
30.56013298034668,0.15550831801267234,2.0784438252147934,1.270477555563977,-0.5450342600071104,1.5520158410274638,0.19660085606259947,1.8832315957892816,0.8239895472709421,0.4521504049939071,-0.635827026239531,1.6674976348876953,0.4932130960227027,-0.48650195897754145,1.653400945070352
30.580150365829468,0.1515607204564368,2.0940560372234382,1.3099939210856182,-0.5414197088379838,1.5413796782858045,1.9741022400562431,0.1805705931094015,-0.5313462515274453,0.4583205194016594,-0.6450331523029118,1.6674976348876953,0.5105039975605902,-0.5030583303854408,1.6579746871290983
30.60005211830139,0.166441802691625,2.0839267003199993,1.3519387457077936,-0.5151885414402548,1.4998642895039878,2.107594528740552,1.3180330443127728,-2.0860167384949677,0.4626175510445002,-0.6688361058705949,1.6963653564453125,0.5276606944484219,-0.5194346654854988,1.6624319983705027
30.619935035705566,0.16944579487975525,2.141084652714202,1.3661563095814193,-0.49897998076522,1.5712668158765122,0.7150642727430162,0.8152003222440356,3.59114937315648,0.4749577819222419,-0.6872483611003153,1.6963653564453125,0.5447659362313081,-0.5357089735369661,1.6667931902865958
30.64005184173584,0.17265353217046117,2.137147590077423,1.386633369644091,-0.4650487755789929,1.5583251766867174,1.0179081128413727,1.6867093680360898,-0.6433247489844605,0.487298011960688,-0.7056606152117626,1.6963653564453125,0.5620355430405863,-0.5520842220233404,1.6711099595121253
30.659993648529053,0.17112498463654485,2.188206570837338,1.4162172909308872,-0.4760010289448653,1.5987493868544596,1.483512582062779,-0.5492106848412533,2.027108706193078,0.49346812689599173,-0.71486674204264,1.6963653564453125,0.5791172127778368,-0.568224638029289,1.6752919659967018
30.68020462989807,0.17501726603624024,2.183896682931835,1.4366799598053666,-0.4408841302898916,1.5846061335463928,1.0124530076429934,1.737515760061233,-0.6997806316197479,0.5058083567665992,-0.733278995704395,1.6963653564453125,0.5963901682780091,-0.584486665182804,1.6794295596803204
30.70002508163452,0.18207586328776032,2.122921786437948,1.442487677339916,-0.4230087172553602,1.4990296318556737,0.29301640607256924,0.9018670851814217,-4.31758583651967,0.5181485868530139,-0.7516912497828704,1.7179107666015625,0.6132898090265289,-0.6003378633974715,1.6833865683489568
30.720003604888916,0.1859541824720611,2.1377071396325795,1.4468931615960048,-0.40533612063998636,1.5205244565831058,0.22051100574311636,0.8845797254552603,1.0758965742227202,0.5304888169394285,-0.7701035038613455,1.7179107666015625,0.6302836832150849,-0.6162164260580271,1.6872723931292015
30.739935636520386,0.1861538120112502,2.1507247386234405,1.4849476022949537,-0.3961049373775076,1.5045425877490128,1.9092103305147576,0.4631330831275657,-0.8018183559803262,0.5366589316109566,-0.7793096303084747,1.7179107666015625,0.6471964115235307,-0.6319566071249852,1.6910445458107035
30.76015591621399,0.1943280568159139,2.1278683645330108,1.4677277583167658,-0.3504704380126521,1.5002564701830319,-0.8516125513157566,2.2568678602052943,-0.21197123041462346,0.5551692776877778,-0.8069280127528209,1.7179107666015625,0.6643103275423711,-0.6478186443898908,1.6947626824122464
30.780203104019165,0.19512544791560102,2.14061256052012,1.5056951312609819,-0.33987328380056026,1.4831016340467378,1.8939001975336225,0.5286105121116225,-0.8557228227225496,0.5613393918317544,-0.8161341384324533,1.7179107666015625,0.6812335070969228,-0.6634373802689345,1.6983393181268505
30.800095558166504,0.2023067717964852,2.112282546676912,1.4993560199834068,-0.3274360720111291,1.4513630493716387,-0.3186691411035902,0.6252225943220251,-1.5955087512088049,0.5736796227094961,-0.8345463936621736,1.7368316650390625,0.6979815648316686,-0.6788275613034358,1.7017788142533914
30.820094108581543,0.2068585958206618,2.1473427707607513,1.4972882090237758,-0.31010885171028374,1.507660934808541,-0.10339804219389996,0.8664238127887098,2.81509830805366,0.5860198525321351,-0.8529586473569006,1.7368316650390625,0.7147733732087139,-0.6941892928788154,1.7051251726929546
30.840160369873047,0.21157021227780878,2.1414679586193004,1.5157785569321875,-0.2691168328424992,1.4885820482655672,0.921464523948993,2.042832906055132,-0.9507942842871226,0.5983600815634469,-0.8713708999003825,1.7368316650390625,0.7315751542272042,-0.7094895234473008,1.7083690738688517
30.8602192401886,0.21360174713790137,2.173366266320101,1.5302129406786409,-0.28083705572430784,1.5175967290060643,0.7196010303363035,-0.5842912735081532,1.4464763111809906,0.6045301975538535,-0.8805770282662534,1.7368316650390625,0.7483228614180262,-0.7246683829027601,1.711496501725409
30.880056858062744,0.21865635456229263,2.1669235044032478,1.547744217150877,-0.23836210264041036,1.4977412394122398,0.883738994442715,2.1411317302999042,-1.000900900490796,0.616870427424461,-0.8989892819280084,1.7368316650390625,0.7648377964563149,-0.739563968628252,1.7144748188496577
30.90010118484497,0.22536630980363495,2.1132371827963365,1.5399947291836655,-0.2244719579193396,1.4296153206185862,-0.38661752282361783,0.6929713764887946,-3.3987631280318826,0.6292106575108756,-0.9174015360064837,1.7500343322753906,0.7814754999925639,-0.7544958795700714,1.717367247318875
30.919936656951904,0.23046301654964396,2.116541282715337,1.5323821878008728,-0.21008432498350837,1.444789399305352,-0.3837842296746628,0.725348651056405,0.764997102411372,0.6415508875972903,-0.935813790084959,1.7500343322753906,0.7978900719814648,-0.7691525762827377,1.7201127474707245
30.939905166625977,0.2334745412490807,2.1268436500589885,1.5686289067951953,-0.19383593607791,1.423128558650817,1.8151940022537782,0.8137006301825214,-1.0847499892623431,0.6477210020050426,-0.9450199161483397,1.7500343322753906,0.8143639473154973,-0.7837855841790191,1.722758328460088
30.95991039276123,0.2410125430008522,1.9410363375518533,1.5326704923987267,-0.1594255559546881,1.1803078909909464,-1.7974510337127088,1.720069540357893,-12.137861677652507,0.6662313476022809,-0.9726382977922172,1.7500343322753906,0.8308161366211261,-0.7983209105236397,1.7252887952390557
30.9799165725708,0.24425118490367262,1.9546758334441778,1.568577038046516,-0.14170938351812185,1.1576882741855958,1.7947727147095247,0.8855349999449376,-1.1306314859036717,0.672401463065136,-0.9818444253905916,1.7500343322753906,0.8472162320123638,-0.8127304220220357,1.7276984474835246
30.99987816810608,0.2515259743585394,1.891054016909287,1.5423194867512657,-0.1373063472415194,1.0855795054546922,-1.3154034329993858,0.2205753677766342,-3.612375002963322,0.6847416929357436,-1.0002566790523466,1.7657108306884766,0.8635262413137776,-0.8269799868178516,1.7299814454915956
31.01997137069702,0.2569865255337728,1.9218583264931903,1.5257023551154374,-0.11888365903748349,1.1625998564941735,-0.8270026423422921,0.9168617158292378,3.833154555172832,0.6970819229741897,-1.0186689331637937,1.7657108306884766,0.8798890021588643,-0.8411928736108438,1.7321564808743863
31.039915800094604,0.26253530241365713,1.9179332718194708,1.541873279527984,-0.0707145790164797,1.138461362253582,0.810799050210292,2.415164608662167,-1.2102875323932212,0.7094221531085728,-1.037081187209297,1.7657108306884766,0.8960753924429655,-0.8551692163364473,1.734192770586945
31.06001615524292,0.26640195781173176,1.960205795515951,1.5437176991933053,-0.08003752338342024,1.2053781235870755,0.09176055108040798,-0.4638198826910713,3.329133283453537,0.7155922677801009,-1.0462873136564261,1.7657108306884766,0.9123319602157544,-0.8691209214351019,1.7361208659448664
31.07989263534546,0.27209232680880935,1.956051587067434,1.559364225060187,-0.030526481913957237,1.1805037732991062,0.7871879621625222,2.4909360819443256,-1.251446441203232,0.7279324984420354,-1.0646995684694263,1.7657108306884766,0.9283509587507321,-0.8827834193904172,1.7379045403931672
31.09999704360962,0.2795147873700638,1.9242479482402086,1.5397931399696752,-0.012129519930655475,1.1539584598915302,-0.973472326733478,0.9150710501685229,-1.3203727788844144,0.7402727280008987,-1.083111821780405,1.7793922424316406,0.9444958579458318,-0.8964658150784574,1.739583980271086
31.11999750137329,0.2758065466471053,1.9231338791729453,1.4986581027991905,-0.01005430693534548,1.2051417837952352,-2.0567047842875295,0.1037582749270538,2.559107621860162,0.7606561569626041,-1.0961333760729248,1.7793922424316406,0.9604987804677407,-0.9099394407953917,1.7411300486909271
31.13995862007141,0.28007263958695006,1.93360421869964,1.5327053547251241,0.013195841743298131,1.178755886488234,1.7056785464203508,1.1647718261819286,-1.3218646562873353,0.7668262732167864,-1.105339504822544,1.7793922424316406,0.976411349391545,-0.9232479115957153,1.7425489124228393
31.15999937057495,0.2859648521004578,1.927889064275863,1.5070837842183271,0.029183266202475022,1.2019164066083734,-1.2784736031852293,0.797745795815024,1.1556712966437235,0.7791665022960668,-1.123751757333054,1.7793922424316406,0.9923275548334463,-0.9364687910825701,1.7438485668983852
31.179965257644653,0.29193225172807336,1.908501159130408,1.5018224015786026,0.08210073135003454,1.1748045022175302,-0.26351860157060486,2.6503938924837835,-1.3579113362804205,0.7915067321666743,-1.1421640109948088,1.7793922424316406,1.0081239455150417,-0.9494987615493886,1.7450189368538365
31.199934244155884,0.29890249180077877,1.8965025033490495,1.4626556281815688,0.08677097682341345,1.204089305715777,-1.961380131886341,0.23387493755641448,1.4665142610906803,0.8038469625648331,-1.1605762654240606,1.7867794036865234,1.023861879504699,-0.9623882220778367,1.7460653348250863
31.219958066940308,0.29404089267171607,1.9132784725128873,1.4288874609154478,0.054304467214180585,1.2712065773352639,-1.6863996265682408,-1.6213941742676616,3.35187103591908,0.8180602756798325,-1.16439169351217,1.7867794036865234,1.0395812232902788,-0.9751687402665496,1.746990079767219
31.24008083343506,0.30017903589883815,1.8925256284735645,1.4231453179719864,0.10915191033057897,1.2427375100297164,-0.2853555421894531,2.7256412844976032,-1.4147690533989743,0.8304005060779914,-1.182803947941422,1.7867794036865234,1.0553152533026047,-0.9878656288702751,1.7477939983178474
31.260046005249023,0.3063792327880387,1.824877689642939,1.3943691853305111,0.11240359793011351,1.171869697675319,-1.4413165541278994,0.1628679998265835,-3.549571875200609,0.8427407362123747,-1.2012162019869252,1.7867794036865234,1.0708629527187528,-1.0003164736163015,1.748467685366746
31.280094861984253,0.3126835012603545,1.8059113890180094,1.3880391609659828,0.16872860859067912,1.142888397549323,-0.31572994151857725,2.8093876575811083,-1.4455338031854235,0.8550809660829821,-1.2196284556486803,1.7867794036865234,1.086412024749017,-1.0126715347916746,1.7490203495898868
31.300232887268066,0.3085743709140383,1.6707568724489663,1.3503332262127445,0.1196870323385725,0.9765775541713613,-1.8723749832385743,-2.435272354709238,-8.258547749050589,0.8692942777588224,-1.2234438858561372,1.7903785705566406,1.1019652950325087,-1.0249312333585892,1.7494509893404222
31.319966554641724,0.3149023202710426,1.6593368653113645,1.3202840067497896,0.12492560452392956,0.9973176863148457,-1.5227387233185086,0.2654636913739668,1.0510024189001375,0.8816345076773984,-1.2418561394849201,1.7903785705566406,1.1171423893938703,-1.0367975424673086,1.7497524613327027
31.34022331237793,0.32142163943175345,1.6414144423035288,1.313531691790603,0.183194345459178,0.9671172099885847,-0.3333364128217718,2.8765087529827844,-1.4908840160674857,0.8939747373321988,-1.260268392729955,1.7903785705566406,1.132655749648092,-1.0488261057795574,1.749938442663145
31.360124111175537,0.3184693980698249,1.614938805729347,1.2609828822723639,0.17224041734081702,0.994124114736622,-2.6405377016603393,-0.5504265547209054,1.3570764180221828,0.9143581674931179,-1.2732899461981757,1.7903785705566406,1.1478305301144363,-1.0604919588407942,1.749999987426175
31.38028883934021,0.3236312730738945,1.6090440605108127,1.2724710648140312,0.20350598206153203,0.96354838650757,0.56971670770121,1.5505076222892022,-1.5162975656978326,0.9205282824763902,-1.2824960729960813,1.7903785705566406,1.1631395255396573,-1.0721588309642638,1.749940590078201
31.400115966796875,0.32122069535528697,1.6072127909527467,1.2211886028469805,0.1806746492305869,1.029168607568343,-2.5864796642446395,-1.1515199506759717,3.30961815846472,0.9409117104066179,-1.2955176296927806,1.7939414978027344,1.178125715982979,-1.083478594413303,1.7497634693191018
31.42005205154419,0.32653163688673403,1.6628396369505367,1.222799554834269,0.15982878912939202,1.1154602929178334,0.08080583563457477,-1.0456346050597012,4.328416860342378,0.9470818254378588,-1.3047237564577143,1.7939414978027344,1.1931274286191447,-1.0947081920181996,1.7494675308530774
31.440141439437866,0.33331490833807087,1.6430477528816447,1.214532264763106,0.22116867371259988,1.0842516838202432,-0.41152523486119086,3.053347613568401,-1.5534873069683395,0.9594220556202105,-1.3231360104702456,1.7939414978027344,1.2081762355860899,-1.1058688884761199,1.749050699521693
31.46017098426819,0.33069792090455696,1.652882249465554,1.1771040213695865,0.2095672473474722,1.1412832349215778,-1.8686517197763688,-0.5792156768118137,2.847371299970625,0.9798054864046182,-1.3361575646400192,1.7939414978027344,1.223111452329027,-1.1168404721408631,1.748517552862828
31.47997498512268,0.33766563661786136,1.6340728306940335,1.1678001620415714,0.2721524967613959,1.1101215321101692,-0.46979695650258535,3.160232615306485,-1.5735054265229513,0.9921457163711628,-1.3545698182358303,1.7939414978027344,1.2378104824544869,-1.1275348492127613,1.7478760259342587
31.500053644180298,0.3331276630750659,1.6244492759475417,1.1554398497703808,0.22635044064123122,1.1191781277842294,-0.6155945093604999,-2.2811312243876607,0.4510558024852001,1.006359028406921,-1.3583852465007151,1.790069580078125,1.2526440604688929,-1.1382211108186029,1.747110573485367
31.51996922492981,0.3402383351791367,1.6446251112237054,1.154542674563959,0.2259418463553335,1.1492489944062723,-0.04504891008231017,-0.02051631288270376,1.5099166326234348,1.0186992583734655,-1.376797500096526,1.790069580078125,1.2672876570297888,-1.1486643556001213,1.7462380713071741
31.539881706237793,0.3458405202071989,1.6344713612608366,1.1636566550719945,0.26204493574467697,1.1174668995272647,0.457701898978373,1.8130884258441902,-1.5960891255810143,1.0248693739322579,-1.3860036276289562,1.790069580078125,1.2818594169320494,-1.1589499836961845,1.7452541140758466
31.559887886047363,0.3435858769395409,1.7513037346134692,1.1413076044924513,0.25472888336698074,1.3036851302279235,-1.1171073534414655,-0.365689624272819,9.308035440708075,1.0452528024861794,-1.3990251827668323,1.790069580078125,1.2964293382135643,-1.1691265111644866,1.7441544025462905
31.579962253570557,0.34936360162128205,1.7538143734138096,1.1501376464161934,0.29203335014676624,1.291419673495471,0.439866507053842,1.8583134306316234,-0.6110009054223667,1.0514229180449717,-1.4082313102992625,1.790069580078125,1.3109775958557526,-1.179178638735449,1.742940300285035
31.599934816360474,0.34537525165131555,1.8930153606702569,1.1474172378811727,0.26050470451254437,1.4829289048614283,-0.13620728414453334,-1.578597897819046,9.588615811619293,1.071806345903503,-1.4212528642199491,1.7740669250488281,1.3253807525889985,-1.1890212480359585,1.7416237258865974
31.61997413635254,0.3512447498306463,1.9534924533396398,1.1885329426272824,0.22856225912626096,1.5333888949799261,2.0517514946809308,-1.5939884885780067,2.5180490225455516,1.077976460934744,-1.4304589909848826,1.7740669250488281,1.3397602571718648,-1.1987375454493636,1.7401952556154443
31.6400203704834,0.3492186735897067,1.9289353458859442,1.1529046624317845,0.279256873260159,1.5210581864899646,-1.777305401249972,2.528884667462716,-0.6151134626817275,1.0983598895846025,-1.4434805460568145,1.7740669250488281,1.3540724155593198,-1.2082973472451675,1.7386600183764718
31.659961462020874,0.35518519616134725,1.9516042477737774,1.1960622995565626,0.24510209508286318,1.5225370532417624,2.164256507406898,-1.712783781825998,0.07416177539822744,1.1045300046158433,-1.452686672821748,1.7740669250488281,1.3682373973133481,-1.2176481295662107,1.7370288663365574
31.67999529838562,0.3533250183941455,1.9270883898541005,1.1599061923022576,0.29689727551514655,1.5100130115866652,-1.804752050282772,2.5853850200867314,-0.6251444519700636,1.124913434632754,-1.4657082275190731,1.7740669250488281,1.382395595908975,-1.2268826824070211,1.735287236426038
31.700255393981934,0.35758531594801224,1.9533668928951895,1.2051818370687326,0.25886235150638914,1.5153115985932477,2.2347201942479185,-1.8773319122777603,0.2615282332402522,1.131083549663995,-1.4749143542840066,1.7506065368652344,1.396639371892338,-1.2360585866763312,1.7334226565462665
31.7201886177063,0.354125228952,1.9353362578440352,1.2224352486615686,0.1990969217154564,1.4871243759413375,0.8655605250517714,-2.9982821954623877,-1.4140824907039875,1.145296862898967,-1.4787297817245921,1.7506065368652344,1.410579932516209,-1.2449262974693787,1.731488443213352
31.740058422088623,0.36034856530553444,1.9336755806445967,1.2290660288000348,0.23060468600157405,1.4748964122354646,0.3337113949830727,1.585710844448289,-0.6154043326541564,1.1514669784577594,-1.4879359092570226,1.7506065368652344,1.4244035018561287,-1.2536076829796967,1.729463569176408
31.759973764419556,0.3680454649167849,1.9083022945563486,1.2510231495951434,0.21740071019808258,1.4245334877746618,1.102522890656249,-0.663005213974303,-2.5288505527007112,1.1638072085202409,-1.5063481627868898,1.7506065368652344,1.4381857717253281,-1.2621505446455417,1.7273387137307719
31.77992057800293,0.36480725166860944,1.8877139015653381,1.232616000354037,0.22351124172930634,1.4121488217092673,-0.9228115139376981,0.30634123619207954,-0.6208844341793708,1.178020523026328,-1.5101635899188124,1.7506065368652344,1.4519163439222085,-1.2705479200349827,1.7251165209393948
31.800064086914062,0.3702814370130116,1.9400283431879506,1.277844964662764,0.15933960456177543,1.4510110644225636,2.2453369225919833,-3.1857228773118496,1.9292687726227338,1.1841906375300177,-1.5193697159162491,1.7266368865966797,1.4657075164230675,-1.2788666930078736,1.7227787177732368
31.820045471191406,0.3670863464163254,1.949813894941869,1.2862315792997354,0.10196054188856295,1.461843561130356,0.41972140270985314,-2.871626003323141,0.5421294419563827,1.1984039505969457,-1.5231851451675191,1.7266368865966797,1.479313102415719,-1.286958259365679,1.720368507690753
31.840078830718994,0.37487536522936493,1.9355037777356494,1.2730349306140196,0.15430562133361142,1.4497402230366572,-0.6587336820637958,2.612895723903132,-0.6041591814409017,1.2107441807073958,-1.5415973986644145,1.7266368865966797,1.4928793763461217,-1.2949107897015844,1.7178626176147462
31.860085010528564,0.3706097352372759,1.9402931487338915,1.2987794610402794,0.0712402576760928,1.4397340866597013,1.2868289034343496,-4.1519852589639745,-0.5001522765565316,1.2187873779037874,-1.5362067000324777,1.7266368865966797,1.5063523865344752,-1.3026926852954714,1.7152726186800296
31.8799991607666,0.3783725455166392,1.9248604816276116,1.285042076074002,0.12448533371327354,1.4276757818711485,-0.6898303368244284,2.673730759321066,-0.6055144027948893,1.2311276077984308,-1.5546189531126526,1.7266368865966797,1.5196889370529554,-1.3102803033807944,1.7126095309365656
31.899921655654907,0.3750712659375861,1.9268625773661683,1.2901704507406384,0.0715039432289081,1.4293868567300485,0.2574162872365306,-2.659375283136103,0.08588657537587685,1.24534092424709,-1.5584343806044934,1.7068710327148438,1.532956596841407,-1.3177131068465155,1.709862315128603
31.919886350631714,0.38170817243409416,1.930903501855906,1.315786000900731,0.04198658969713883,1.4125624444953457,1.2830424000892877,-1.4784775608172391,-0.8427082033683961,1.2515110398058824,-1.5676405081369236,1.7068710327148438,1.5461774959350394,-1.3250033635381038,1.7070278644436312
31.940096378326416,0.38850249915836327,1.9264211892284446,1.3207770326446022,0.06835207981119422,1.4007050444445248,0.24695818428688374,1.304574665227541,-0.586708748248238,1.257681154621316,-1.576846634485137,1.7068710327148438,1.5594844602480538,-1.3322221206720672,1.7040775032649924
31.960129976272583,0.38568389884146725,1.8893312840604821,1.319794581059155,0.027004865907508526,1.3516603500709181,-0.0490401967777969,-2.063893565938145,-2.448122124912184,1.2718944682160007,-1.580662062243527,1.7068710327148438,1.5725991353141922,-1.3392181313950562,1.7010743726972266
31.979995012283325,0.3925363416333751,1.8705018225439536,1.3239861267280753,0.05424755632680784,1.320187489337939,0.2110011613698416,1.371388926985463,-1.5843344414759601,1.2780645833431787,-1.5898681889425166,1.7068710327148438,1.5855285222002689,-1.3459985780712662,1.6980212474687337
31.999907970428467,0.389704141073838,1.8821862216507992,1.3251015287737218,0.008697895863016909,1.3366582427910334,0.05601387988246575,-2.2874381662326857,0.8271374515550272,1.2922778982089786,-1.5936836163922439,1.687997817993164,1.5984141846185929,-1.3526391712150152,1.6948874596841705
32.01990032196045,0.39659052480501195,1.896451203477809,1.34398452833199,-0.0022933149504718447,1.3379938323786125,0.9445111810914522,-0.5497707858880808,0.06680502718464511,1.2984480133361567,-1.6028897430912334,1.687997817993164,1.6112756932699535,-1.3591492926742428,1.6916693112691048
32.0401976108551,0.39398457937588616,1.8595350805300002,1.3233810096712246,0.009641360032370372,1.3063079511126043,-1.015087225082199,0.5879935514927823,-1.5610893371259438,1.3126613267630027,-1.606705170399931,1.687997817993164,1.6242559567734205,-1.365598296369117,1.6883304285069818
32.06023955345154,0.40102920660793434,1.859834113898223,1.3410863892839329,0.003059868015500164,1.2885887105297407,0.8834163418798103,-0.3283859329105515,-0.8841079400165048,1.318831441842212,-1.6159112971318927,1.687997817993164,1.6369961371009323,-1.3718079338000786,1.6849647908565761
32.08001947402954,0.3983953031132881,1.8230388318752437,1.3195086410956423,0.015801085739772874,1.2578226640860106,-1.0908915484871577,0.6441490841192812,-1.5554180979849173,1.3330447545254944,-1.61972672551675,1.687997817993164,1.649494887754051,-1.3777826854566453,1.681578144967851
32.100066900253296,0.40550697255848767,1.8268146673700927,1.3358866260779716,0.01200363280247451,1.2459994638779182,0.816961978037984,-0.18942346488341888,-0.5897615023559858,1.3392148699164481,-1.6289328525994882,1.6715965270996094,1.6620869276417036,-1.3836830187610434,1.678081751538639
32.12004899978638,0.402926129713881,1.8063340696350514,1.3252869267477356,-0.0023367153334536914,1.2273760111218235,-0.5304597403635088,-0.7176597290083188,-0.932006805654376,1.3534281843983973,-1.6327482814431795,1.6715965270996094,1.6745619103270937,-1.3894090880496672,1.6745347299440352
32.14014220237732,0.4101129605266591,1.787954816700811,1.3281746750141292,0.02819038823904072,1.196636854365465,0.14371767035760327,1.5192751595634348,-1.529828638179113,1.359598298734248,-1.641954406990924,1.6715965270996094,1.68702976335396,-1.3950114951584947,1.6709075679916574
32.160017251968384,0.4172936205655811,1.773088519492305,1.3404702736054281,0.03415825739970534,1.1600929087736973,0.6186449263918742,0.3002693972319794,-1.8386844985884925,1.3657684135496815,-1.651160533339137,1.6715965270996094,1.6992866749810898,-1.4004001918696558,1.667262221779132
32.17989659309387,0.41487218130660414,1.7367697925356018,1.318110446156041,0.0489391805329228,1.1298491583424957,-1.124777089353259,0.7435318424244006,-1.5213658360349098,1.3799817281275677,-1.6549759621168845,1.6715965270996094,1.7114711239545368,-1.4056385717905098,1.6635607905680951
32.19999623298645,0.42213503957581916,1.7754037543879462,1.3310853632537691,0.054458443982970325,1.1735861812007458,0.6455298287467969,0.2745951409848658,2.1760102714278067,1.3861518427271942,-1.6641820880483773,1.6536178588867188,1.7237143111365545,-1.4107816242657036,1.6597641190328485
32.21996831893921,0.4197122203381055,1.7795312755620922,1.3159375727513942,0.05208187561741742,1.196798789921258,-0.7584480929135254,-0.1189944991812246,1.1622525947173694,1.4003651577368998,-1.6679975153991886,1.6536178588867188,1.7358037331560126,-1.4157398701857034,1.655939593859981
32.23999309539795,0.4270406047478897,1.7622949725529686,1.317855455578342,0.084609909977589,1.166954040063898,0.09577549247050966,1.6243893871771058,-1.4903911621112553,1.4065352728640779,-1.6772036420981784,1.6536178588867188,1.7478490148109032,-1.4205595984804944,1.652054997004268
32.26022791862488,0.4243676001375936,1.7657479281734885,1.3212657907103442,0.05535316183662385,1.170067726083505,0.1685379256223882,-1.4458613160519225,0.1538775992598402,1.4145784713076517,-1.6718129426089705,1.6536178588867188,1.7599434038199095,-1.4252764036454804,1.648080856697122
32.2801833152771,0.4322761126471574,1.7369234799255042,1.3038334320353344,0.1268002279243077,1.140545158606983,-0.8735661324511443,3.580338057561461,-1.4794277453380125,1.426918701873752,-1.6902251963577264,1.6536178588867188,1.7717946270316305,-1.4297776171990564,1.644115631662349
32.30022573471069,0.4391240016931192,1.7640608076446855,1.33098404753972,0.13490904788369523,1.149865882206233,1.354657584846152,0.404582889119468,0.46504982245942333,1.426918701873752,-1.6902251963577264,1.6358661651611328,1.7836215993114206,-1.4341488439527434,1.6400891453303446
32.3200466632843,0.4373173043002816,1.737669901110476,1.2950472463445348,0.18476008613948142,1.1437714044031964,-1.8130735430344667,2.5150707783773023,-0.3074769065638803,1.447302131099233,-1.7032467510339946,1.6358661651611328,1.7952429954807472,-1.4383249896175532,1.636065819662397
32.34009504318237,0.4442771765874875,1.7368825284061415,1.315106219456464,0.21093062652560224,1.11479362207673,1.000528382538227,1.3053693375312836,-1.4453927187031232,1.447302131099233,-1.7032467510339946,1.6358661651611328,1.8069222367672282,-1.442401388279361,1.6319564381510925
32.360087871551514,0.4421367204522601,1.7091814328429669,1.2974347486042364,0.2335666768212081,1.0878468876492209,-0.8838904894268963,1.1322085038525669,-1.3478200247595808,1.4615154441424334,-1.7070621774762795,1.6358661651611328,1.8184934799411243,-1.4463193370169976,1.627820503049538
32.38006043434143,0.44972995423302786,1.7001254024139214,1.298142524031558,0.2885664400449152,1.0592364140803876,0.03543738651701799,2.753765943921496,-1.4324888533221725,1.4676855603726826,-1.7162683056772907,1.6358661651611328,1.8299776855785899,-1.450087382884262,1.6236528900360798
32.39994239807129,0.44741270551734685,1.7288906648389186,1.2808900759980368,0.30823800663776363,1.1195413683472708,-0.867743662946723,0.9894176883194884,3.033148791852901,1.4818988742072101,-1.7200837332708212,1.6149578094482422,1.8413351196487209,-1.45369426273135,1.6194705145086672
32.41990065574646,0.4549463939496882,1.7581181803772274,1.2866509339764893,0.34866208571924695,1.1462738155660128,0.28864533528992853,2.025431264562385,1.3394178817522013,1.4880689889027738,-1.7292898591363701,1.6149578094482422,1.852661365156751,-1.4571712438333904,1.615240211452867
32.440141439437866,0.45298292480228164,1.7304909789911316,1.2623424392925808,0.38856768271531283,1.1180812807125398,-1.20096608187307,1.9715440668934594,-1.392857869700121,1.5022823037926092,-1.733105286004517,1.6149578094482422,1.8640716184363924,-1.4605512312169262,1.6109193455256432
32.459983348846436,0.4606208240508973,1.7472311968178291,1.2674409322352527,0.4275270484231659,1.1241134112244517,0.2569557615493345,1.9634887402029606,0.30400957829727926,1.5084524192315314,-1.7423114130542832,1.6149578094482422,1.8751823264491287,-1.4637224820180421,1.6066556286754161
32.480141162872314,0.4587829959335816,1.7219837919564673,1.2426705694367368,0.4680383158600496,1.0963294078439378,-1.228821873577923,2.0097053869469543,-1.3783242242856482,1.5226657326344448,-1.7461268398143728,1.6149578094482422,1.886394574762115,-1.466801075190324,1.6022974785107131
32.50006937980652,0.46630881432960164,1.7496294473293268,1.246936180147108,0.5056039360862079,1.1183550533780398,0.21404878943533476,1.885046732991046,1.105249185455115,1.5288358483371427,-1.7553329672478872,1.5938434600830078,1.8974044289755003,-1.4697036133618917,1.5979646111811985
32.52001094818115,0.46435786364861853,1.7442652396719331,1.2267135148591553,0.5254022816592864,1.1232041761037481,-1.0140960283583544,0.9928178767655255,0.24316656717315074,1.5430491632749468,-1.7591483940830621,1.5938434600830078,1.9083475533100114,-1.4724686850241269,1.5936064284752813
32.5400185585022,0.472167506417907,1.7514139441356031,1.2259370691539138,0.5833104568837307,1.1064709743490946,-0.03880751837838373,2.8943074307846692,-0.8363418462350193,1.5492192779225418,-1.768354519981583,1.5938434600830078,1.9192525926896704,-1.475103671660723,1.5892131211697855
32.56009650230408,0.47043492286132377,1.7270377628355695,1.2061393890871712,0.6009860948630316,1.0801402326243557,-0.9860412132884294,0.8803510037539737,-1.311426209006203,1.5634325919489434,-1.7721699474432258,1.5938434600830078,1.9301212918840291,-1.4776086377271538,1.5847853804957788
32.580047607421875,0.47838844732751895,1.7312697547885774,1.2049354915704826,0.6595025098097084,1.053794033269403,-0.060342397555442934,2.932991160197731,-1.3205383460914155,1.569602707339897,-1.7813760745259637,1.5938434600830078,1.9408473415744674,-1.4799604869642486,1.5803686070856435
32.60000538825989,0.4861384588985478,1.7934975064460887,1.2119690629658315,0.6842250733777075,1.1311942118855336,0.3524225189381953,1.238743113207818,3.8781956393022425,1.575772823354339,-1.7905822023102544,1.5693435668945312,1.9515034081619742,-1.48217714454985,1.5759351682302563
32.619964361190796,0.4844063182402458,1.8128685922822134,1.1930556229028335,0.6978773307633475,1.1730635297160383,-0.9476158982964947,0.684016027923872,2.097769157533475,1.5899861368531896,-1.7943976290044001,1.5693435668945312,1.9620867017684946,-1.4842588665456748,1.57148803917263
32.63997268676758,0.49241290049601555,1.8321029964378361,1.1914119132517835,0.7575528427807411,1.1675841438256347,-0.08215128471106822,2.982534035063955,-0.27385529435616307,1.596156252603856,-1.8036037564049425,1.5693435668945312,1.9726226850901112,-1.4862111251319556,1.5670181852956284
32.66015291213989,0.4909488398297142,1.838054294029427,1.1730540466349284,0.7683822498319572,1.1882661779317858,-0.9096958174729084,0.5366345940850183,1.0248663592491434,1.610369565311174,-1.8074191842082197,1.5693435668945312,1.9831749029816872,-1.488044629585954,1.5624997818053834
32.67998504638672,0.49907543941794374,1.8593516416210893,1.1708862578130874,0.8284493377936893,1.1831676099237594,-0.10930688522279992,3.028775784499589,-0.257086198821107,1.6165396805342889,-1.8166253108412656,1.5693435668945312,1.9934724663797179,-1.489714848117415,1.5580511558722774
32.700074195861816,0.4975976393733039,1.8781787343369012,1.1527290493671787,0.8346930281435988,1.2255850217870952,-0.9038316165856728,0.310799138492602,2.1114588208881657,1.6307529946086592,-1.820440738269936,1.5453948974609375,2.0038304624784784,-1.4912746715268903,1.5535382495128573
32.72003960609436,0.5057436168193761,1.8929136786344885,1.158985901498867,0.8558475832867659,1.22776169881236,0.31338460160911646,1.0595602542984486,0.10902240424376043,1.6369231092562544,-1.829646864168457,1.5453948974609375,2.014051945296833,-1.4926941968370924,1.5490482464041764
32.74013829231262,0.502936474174777,1.8927506056240901,1.1507843426199604,0.8724282484629244,1.2235477935720451,-0.4080644271890097,0.8249626366669326,-0.20966073078379557,1.644966309114849,-1.8242561642716704,1.5453948974609375,2.0242687418173775,-1.4939926258221474,1.5445249709695232
32.75993871688843,0.5127347502061702,1.8932163115704979,1.1386236172057105,0.9186226339787198,1.201639179238087,-0.6141648815505332,2.332999746492342,-1.1064719471080706,1.6573065401845677,-1.8426684182393145,1.5453948974609375,2.034262476334858,-1.4951446603174938,1.5400672385062044
32.77999496459961,0.5099561788725067,1.894019840601431,1.1300134369356245,0.9357882164371003,1.1977817843473317,-0.4293016517384595,0.855872080639015,-0.19232884168082218,1.6653497384603027,-1.8372777183004145,1.5453948974609375,2.044313431198521,-1.4961839803213217,1.5355518355434679
32.80003809928894,0.5088082726183848,1.9240588162245869,1.1151583338448647,0.9234881653242095,1.2671202891809559,-0.7411566763889048,-0.6136790129658758,3.459464096229068,1.6795630525826415,-1.8410931456961128,1.5194511413574219,2.054285679382429,-1.4970953431143195,1.5310409242746825
32.82008123397827,0.5171805628675388,1.9511887558484324,1.12235222992642,0.9386442124265357,1.2908950675429491,0.3589207074173128,0.756171493992592,1.1861806414267406,1.6857331678057565,-1.8502992723291587,1.5194511413574219,2.0641860597814357,-1.4978805031799507,1.5265331124521409
32.84013509750366,0.5161109050130066,1.9561249599670814,1.0942141327612882,0.9849192767628545,1.2880428210787922,-1.4031259926300719,2.3075386085942458,-0.14222927470039115,1.699946481400544,-1.8541146989573607,1.5194511413574219,2.0740200622465053,-1.4985408182731832,1.522027526736032
32.85998773574829,0.5246317907440061,1.9670877709867045,1.101681393649066,0.9968118909459439,1.2892239757783228,0.3761344359255611,0.5990445217681295,0.05949610751861541,1.7061165972471475,-1.863320826291959,1.5194511413574219,2.083684951176983,-1.4990721098317656,1.5175732363867418
32.88006067276001,0.5238109854829496,1.9740372549950123,1.0731856806809739,1.0437590907281802,1.2867255105156814,-1.4196085481390202,2.338830623282886,-0.12446934203912406,1.72032991268857,-1.8671362533460225,1.5194511413574219,2.093386209330104,-1.4994865292712167,1.5130770973944685
32.90017914772034,0.5306192297117135,1.9935574903806623,1.1010855456331323,1.0248413901997486,1.3082745176697737,1.3867783222722354,-0.9403148382636621,1.0711053992206692,1.72032991268857,-1.8671362533460225,1.4967536926269531,2.103038171232476,-1.4997790747506932,1.508579897285352
32.9200963973999,0.5296856235200377,1.974286847802349,1.085035578002492,1.0181228580382518,1.2976641313584019,-0.805832526521325,-0.3373222844311635,-0.5327234674503158,1.7345432265471332,-1.8709516803579727,1.4967536926269531,2.1125234652595477,-1.499948622791265,1.5041381481161225
32.94023561477661,0.5289636524532509,1.982773162921026,1.0560700165433201,1.0659215355079883,1.2961160503204692,-1.438266488581162,2.3734128578906812,-0.0768689770300135,1.7487565405016332,-1.8747671073039789,1.4967536926269531,2.122043908704862,-1.4999996508498847,1.4996588500270296
32.960068702697754,0.5377585612153425,1.963770826036844,1.0648874428013788,1.0736729218051726,1.2528515667626845,0.4445816149818557,0.39083103589336327,-2.1814295247319317,1.7549266554609728,-1.8839732335532762,1.4967536926269531,2.131350410188262,-1.4999326128408415,1.495260816137471
32.9800546169281,0.5349764025639878,1.9556506584392428,1.0544463770314527,1.0934608085854762,1.2316881893996887,-0.5224212237472903,0.9900916491604691,-1.0589146495415875,1.7629698551517288,-1.8785825332067976,1.4967536926269531,2.1406595324381157,-1.4997483644682588,1.4908433992508898
33.00022792816162,0.5345874070809138,1.954526514599661,1.0417313033347824,1.0710559000570388,1.2600829523799302,-0.6302918519168361,-1.1106212693139277,1.4075410155304584,1.7771831673553258,-1.8823979619213744,1.4742107391357422,2.149985890582582,-1.4994446605527583,1.4864006667284009
33.02009963989258,0.5434737644780967,1.9712599639989044,1.0507645614087315,1.0806187692769025,1.2704419536676794,0.45457875980944107,0.48123027091653364,0.5212938587274059,1.7833532829381535,-1.8916040888722245,1.4742107391357422,2.1591041511081617,-1.4990309154490744,1.4820415279820947
33.04013466835022,0.5406814300761649,1.9767076727477262,1.0398431171477682,1.1012055023268603,1.270214925461511,-0.5451174818170891,1.0275370006827123,-0.011331563948036114,1.7913964838520564,-1.886213388250055,1.4742107391357422,2.168228769659984,-1.498499698673361,1.4776650287597217
33.060080766677856,0.5402880093964958,1.9657677180104378,1.024682616994023,1.093453588288538,1.2722529252712154,-0.7600734692428149,-0.38864312764274334,0.10217536162852639,1.8056097965834097,-1.8900288154717522,1.4742107391357422,2.1772446954630764,-1.497858118993607,1.473327644478012
33.08024716377258,0.5401255111798302,1.9719911276606144,0.9944392571276448,1.1429897831526352,1.2623050055609746,-1.499690783847889,2.4563730760340357,-0.4932918688208379,1.8198231102741342,-1.8938442420340098,1.4742107391357422,2.186291402501034,-1.4970961792379998,1.4689635220461044
33.09995675086975,0.5467919042697503,1.9713995644698632,1.0230785271353562,1.1210088726142975,1.2581993791234118,1.4530629112888165,-1.115239524297093,-0.20830606026001763,1.8198231102741342,-1.8938442420340098,1.4554100036621094,2.1950664461622393,-1.4962424965577512,1.4647200756671492
33.119938135147095,0.5465712593568002,1.9440213747737796,1.0077821465503538,1.1144056338517512,1.2335697523493243,-0.7655315754247544,-0.3304695345874267,-1.2326286523609016,1.8340364271305776,-1.897659668680495,1.4554100036621094,2.203895637935509,-1.4952680771862639,1.4604411896427298
33.139981269836426,0.5438955440613845,1.9384574865568485,0.9959483178925403,1.1360417024010117,1.2145425582008746,-0.5904180579154916,1.079475285908114,-0.9493122928809049,1.8420796248066547,-1.8922689697188382,1.4554100036621094,2.2126847194467896,-1.494181487359452,1.4561735908356077
33.1600501537323,0.553290734082949,1.9212992101980304,1.0054270518598196,1.1454603428519645,1.1697981456001318,0.4723099708214473,0.4693156081733698,-2.229541654279132,1.8482497395981556,-1.9014750955184434,1.4554100036621094,2.221417751658496,-1.492985028884629,1.451926232934282
33.17991065979004,0.5533523161155486,1.9245491940062365,0.9742166079872887,1.1955333737915306,1.1512999405117836,-1.5714828102463583,2.5212364072693685,-0.9314065328733058,1.8624630544878884,-1.9052905235167792,1.4554100036621094,2.22999400771361,-1.491695190279305,1.4477494230302448
33.200011253356934,0.5507570760859132,1.9190738066328275,0.9817604545706111,1.1485588910087499,1.1831327732043722,0.37530466740778484,-2.336969932079379,1.5836762524772834,1.870506253171305,-1.8998998238627114,1.4365158081054688,2.2386074009510457,-1.4902836338714465,1.4435499220497938
33.22009038925171,0.5509460893510871,1.9191085566245958,0.9657371804042271,1.1470924551454735,1.1977095849340786,-0.7980061617369361,-0.07303281729657975,0.7259680798066307,1.8847195682770503,-1.9037152500173904,1.4365158081054688,2.2471450087452682,-1.4887680636279745,1.4393839050671715
33.24008059501648,0.548358599886433,1.9153311508904454,0.9529552685843001,1.1696341839774451,1.179968452680053,-0.6394087169654343,1.1276386595128363,-0.8874912275936451,1.892762766960467,-1.8983245503633226,1.4365158081054688,2.2555789790543948,-1.4871554991446545,1.435266155688428
33.2600417137146,0.5580441249360582,1.9264566283292404,0.9615238731416047,1.184712930808018,1.1760791868699607,0.42926474647493273,0.7554058997701837,-0.19484207618375973,1.8989328817999362,-1.907530676129956,1.4365158081054688,2.263935462539868,-1.485443073211973,1.4311850584591728
33.2800726890564,0.5555844866123941,1.9237535425942442,0.9485105969236931,1.2077556396849727,1.1586551061366392,-0.6496576425191806,1.15035381371937,-0.8698568310332933,1.906976080795097,-1.902139976826665,1.4365158081054688,2.2722560131081733,-1.4836230256564338,1.4271214269717052
33.29999780654907,0.5559467808074018,1.9163605273140518,0.9327964746740157,1.2044671904598205,1.1625778230247406,-0.7886589504655969,-0.16504039318016256,0.19687296145396624,1.9211893952052472,-1.9059554040245312,1.4194068908691406,2.2804680828031967,-1.481712641460067,1.4231117713908183
33.3199188709259,0.5534249258269193,1.9002540638733636,0.9355080135405364,1.1763397906808253,1.1627617815914255,0.13611415611277616,-1.411942617469199,0.009234374389096975,1.929232593624888,-1.9005647039867155,1.4194068908691406,2.288614496098801,-1.4797040103595709,1.4191362242096413
33.3399760723114,0.5510204433030418,1.9042993326653144,0.9219621556832724,1.1998280822146472,1.1561809136145333,-0.6753613127232186,1.1710652489536582,-0.3281049958271014,1.9372757933636127,-1.895174003607265,1.4194068908691406,2.2967522879938502,-1.477583042701868,1.4151680093722698
33.36012935638428,0.5517324912819513,1.8794144081204536,0.9060459449568969,1.2007097849988542,1.126754310080917,-0.7897576726860566,0.043749831591647775,-1.460139371191677,1.9514891075099872,-1.8989894304213832,1.4194068908691406,2.3048643964884703,-1.4753533070233253,1.411216528982905
33.380043506622314,0.5586807037710807,1.900954675424792,0.9167956748969497,1.240831043191232,1.110609153015849,0.5398035975203288,2.0147110327481608,-0.8107379361952282,1.9514891075099872,-1.8989894304213832,1.4194068908691406,2.312816813960491,-1.4730539887158272,1.4073480013489057
33.400068044662476,0.5593092582351828,1.9217299876796594,0.9044878710586216,1.2310977720421887,1.1659099932361268,-0.6146360936588698,-0.48606720062765996,2.7616537325039188,1.9657024206490221,-1.9028048579279129,1.4007987976074219,2.3207501287738745,-1.4706466669082723,1.403494949960683
33.41999363899231,0.5569300795478991,1.9341968768654998,0.9066952069538728,1.2086012628983662,1.2076027275075198,0.11077892376571484,-1.1290257530807586,2.092421113329996,1.973745621179279,-1.8974141564393305,1.4007987976074219,2.3285816206125203,-1.4681574543009799,1.3996984882194254
33.44004273414612,0.5546564607855649,1.9457110918429998,0.8923410468662305,1.2328696538035118,1.2122506035176752,-0.715950519338803,1.2104481882582834,0.23182472697639153,1.9817888201744398,-1.8920234571360395,1.4007987976074219,2.3363989706444395,-1.4655593916741039,1.3959170413157784
33.46004390716553,0.5556333804038432,1.9548701223282565,0.8757846851136328,1.2391652378652833,1.2324722689612058,-0.827769538143155,0.3147607420655931,1.0110239746392573,1.9960021327859232,-1.8958388838750722,1.4007987976074219,2.3441352651154888,-1.4628751909321855,1.3921839159097462
33.48001980781555,0.5534268995251183,1.9670351986318562,0.8609912140549527,1.263590950165304,1.2374407107563532,-0.7405659107872085,1.222758999854698,0.24872179143228595,2.0040453313015014,-1.8904481837713125,1.4007987976074219,2.3517999306101114,-1.4601033247587822,1.3884953794165746
33.500043630599976,0.5510669180881977,1.9624183838132268,0.864451000669679,1.2298517752387506,1.2614574870012074,0.1727835215070691,-1.6849517342312141,1.1994101477734027,2.012088531040226,-1.8850574833918614,1.3833599090576172,2.3594212822141905,-1.4572344809184616,1.3848386679273021
33.52005434036255,0.5522102680975844,1.9499064348687554,0.8484085820089604,1.2169659526634113,1.2654374155896295,-0.8016916366816362,-0.6439463031661193,0.19888992622670063,2.02630184576212,-1.8888729109405045,1.3833599090576172,2.3669762355639334,-1.4542781738433932,1.3812257082561588
33.53999185562134,0.5500254778776543,1.9500288406840303,0.8330505204757881,1.221745481076712,1.2712109538952043,-0.7703097067926766,0.23972537958027637,0.2895816369609879,2.034345044277698,-1.8834822108367448,1.3833599090576172,2.3744428104170225,-1.451244851441482,1.3776677280526088
33.5599319934845,0.547896720601423,1.9128115921728792,0.8365082610063536,1.1803923871438378,1.2513096854064318,0.1734060493610673,-2.0738619871468953,-0.9980506968079443,2.042388243057052,-1.8780915111167331,1.3833599090576172,2.381850057342925,-1.4481244195318002,1.374151584479761
33.58001708984375,0.5493601458982827,1.9229232870044208,0.8019218277253003,1.213820951413286,1.2574553860204127,-1.7219948892662278,1.6643467211472056,0.30598312818895973,2.0566015567718123,-1.8819069370974109,1.3833599090576172,2.3892505305710205,-1.4448946138889593,1.3706532377520342
33.5999915599823,0.5471019896485032,1.9278906975093162,0.8103109570340733,1.1641733081386043,1.3057025706764538,0.4199925830614335,-2.4855549574185742,2.415442528456673,2.064644756246761,-1.8765162363342118,1.3650016784667969,2.3965501724616485,-1.441597312799213,1.3672179175629018
33.61996507644653,0.5541911544216073,1.9478019313462274,0.8380525629001062,1.1452696651476622,1.3341505386069514,1.3889194682223256,-0.9464353973319088,1.4242844008684927,2.064644756246761,-1.8765162363342118,1.3650016784667969,2.403789908860756,-1.4382160867967966,1.363826938894292
33.64011907577515,0.543042478675235,1.9289807100277545,0.7973223707010957,1.1342740914293856,1.3411435055022287,-2.0209483753025914,-0.5455777555110742,0.3469766363120369,2.0807311538054685,-1.8657348368941888,1.3650016784667969,2.411035060985888,-1.4347200454909497,1.3604506193906996
33.659990310668945,0.5502005586906447,1.934982967359527,0.8259912998572903,1.116583609126339,1.3472707598556213,1.4427351550829492,-0.8902558093441503,0.3083479404344761,2.0807311538054685,-1.8657348368941888,1.3650016784667969,2.4181197794697664,-1.4311911862503408,1.357166773172468
33.680256843566895,0.5428292265028146,1.9256661495615695,0.7660079274021984,1.1342003479305254,1.354625979921596,-2.959725413179165,0.8692527179115573,0.36292443818641795,2.1029876663473455,-1.86415956538226,1.3650016784667969,2.425285779006677,-1.4275093030343124,1.3538641691695896
33.70010685920715,0.5498268364933016,1.9322872544769856,0.7958307415819934,1.1163489688654948,1.3616726641451709,1.5024075910202273,-0.8993130982136498,0.35499640661658066,2.1029876663473455,-1.86415956538226,1.3492374420166016,2.4322462640133726,-1.423823037505206,1.3506755687194407
33.72008013725281,0.5478872389958925,1.9133764423703141,0.7999479470399036,1.086236239289104,1.356902179488038,0.20613569032079695,-1.507650847675581,-0.23884335091258363,2.1110308661340387,-1.858768864969837,1.3492374420166016,2.4391922269373736,-1.4200348037858472,1.3475136417819955
33.73999333381653,0.5459719325629981,1.915377681068992,0.7830516477316173,1.092062085627916,1.3648817455208473,-0.8484975907418694,0.2925620866629639,0.4007174843714945,2.1190740646496167,-1.8533781648660772,1.3492374420166016,2.446059914152902,-1.4161799459940676,1.344408074942922
33.75989389419556,0.544096715495821,1.8814600622251458,0.7869283830882174,1.0639041134341092,1.3374392408840095,0.1948053362701059,-1.4149336328981126,-1.3789815017348657,2.1271172654436494,-1.847987463761243,1.3492374420166016,2.4528663285895997,-1.4122506195952886,1.34135161237282
33.780022859573364,0.542349113016139,1.883865312771903,0.7698224443738603,1.0700960815659137,1.3458143620205247,-0.8498170866355922,0.3076148234936737,0.41607310556303795,2.1351604629039196,-1.8425967643828665,1.3492374420166016,2.4596933479579484,-1.4081988794630007,1.3383083759518228
33.79992413520813,0.5441728627433929,1.9009998938025428,0.7593537145163914,1.0661210071685008,1.3786110874940252,-0.5260331071029919,-0.19973967851934496,1.6479710183103886,2.1493737769783925,-1.8464121906813489,1.3337898254394531,2.4663865135553222,-1.4041174899113336,1.335347729514916
33.820035457611084,0.5424262145039122,1.9097069907637618,0.7611957816219537,1.0461940615464531,1.4046493363818109,0.09159353465944396,-0.99083219008615,1.2947059554851066,2.1574169758057145,-1.841021490928365,1.3337898254394531,2.473093520868395,-1.3999176496340744,1.3324048078385842
33.840344190597534,0.5407958179564665,1.9132684508502187,0.7435972560838452,1.0529463069672262,1.4138470074259986,-0.8665496537794877,0.3324798954852657,0.4528924108817756,2.165460174273324,-1.8356307908575773,1.3337898254394531,2.4798087477218873,-1.3956006271951868,1.3294833004706692
33.86021828651428,0.5390485529735421,1.9074949234221903,0.7454863591361894,1.0353579293864197,1.4180341777545284,0.09505353402024602,-0.8849900722268681,0.2106848203847768,2.17350337384421,-1.8302400900284344,1.3337898254394531,2.486324409360958,-1.3913030765288672,1.3266736199070197
33.8799250125885,0.5372802291199054,1.9107419323282926,0.7273875350232619,1.041535926774753,1.427250860601561,-0.9184084684977294,0.31349689263787445,0.4676922393055576,2.1815465726235637,-1.824849390308423,1.3337898254394531,2.492731009061674,-1.3869713323121222,1.323936021746372
33.899996519088745,0.5355393967630653,1.8993668975485272,0.7301966435361654,1.0251996542236825,1.42245321267565,0.1399550408869077,-0.8139036574495193,-0.2390277942441804,2.1895897710911734,-1.8194586902376348,1.3210792541503906,2.499201137049817,-1.3824881722836877,1.3211975488239984
33.91998529434204,0.5338915087872412,1.889530356064273,0.7317485467225612,1.0124894573752332,1.4176509195009201,0.07763873307544762,-0.6358667145628928,-0.24024949572325405,2.1976329696067514,-1.814067990133875,1.3210792541503906,2.5055896086731164,-1.3779529767285819,1.318520603614193
33.940064430236816,0.5363959699026049,1.9021001843378316,0.6943248314541177,1.0476330511321823,1.4277125515522016,-1.8638110456825556,1.7502542908778003,0.5010988572421314,2.21184628224227,-1.8178834162913278,1.3210792541503906,2.5119520596750773,-1.3733272891144046,1.3158822676522588
33.96003794670105,0.5348415111233067,1.8688844463346983,0.6962441772120197,1.037455931855916,1.3898411092305059,0.09609453404656887,-0.5095306725027854,-1.896082865003373,2.2198894827245588,-1.8124927148357175,1.3210792541503906,2.518226733667146,-1.3686572253634333,1.3133084751945983
33.980019092559814,0.5333299603800037,1.8586252306864293,0.6773883255878669,1.0444118515171006,1.3801582115511504,-0.9436821970788916,0.3481241621652743,-0.4846017214327136,2.2279326802327972,-1.8071020154243689,1.3210792541503906,2.5244499386167933,-1.3639176526758854,1.3107844625257177
34.00007462501526,0.5317335417354763,1.8557410393032856,0.6837786456428596,1.0337701782440238,1.3811374976049902,0.3186312838709003,-0.530610358848285,0.04882872374569889,2.235975880811023,-1.8017113139028147,1.3094596862792969,2.5306424580732196,-1.3590931623217468,1.3083023003910548
34.01998424530029,0.5302202314422646,1.866861625353655,0.6843202122724105,1.0291670689017542,1.39917594303994,0.027201253554691763,-0.2312002577834042,0.9060165476138735,2.244019078319261,-1.7963206144914656,1.3094596862792969,2.5367368314628433,-1.354237972614252,1.3058891714530185
34.040205240249634,0.5288628153294783,1.8723271938586792,0.665084947808934,1.0365814831144298,1.4102375551392015,-0.9512521273886921,0.36666910956907317,0.5470359953589762,2.2520622768348395,-1.7909299143877058,1.3094596862792969,2.542872760306054,-1.349240534783573,1.3034904244843555
34.060004234313965,0.5273858076782473,1.8775796018458972,0.6666282468676287,1.0330878798650045,1.4190283204439647,0.07794835705693724,-0.17645357325093516,0.44400060307105327,2.260105475614193,-1.7855392146676947,1.3094596862792969,2.5488283345664358,-1.3442835520218794,1.301192822189261
34.07994842529297,0.5260015330725081,1.8831731929127575,0.6470214441346207,1.0402874716739645,1.430212047779409,-0.9830833827077207,0.36098690674088163,0.5607511153106106,2.268148674129771,-1.7801485145639349,1.3094596862792969,2.55477565989111,-1.3392270924962355,1.29892956805604
34.09986972808838,0.5245046824695598,1.8688262601639445,0.6498800102502911,1.037519291460734,1.4119919556436054,0.14349293040859654,-0.138955782242727,-0.9146034435057854,2.2761918736526887,-1.7747578137677638,1.300405502319336,2.5606644106235223,-1.334114015248503,1.296720333613766
34.120063066482544,0.5232523818782874,1.85623650728005,0.651917709893592,1.0367561223930617,1.3949028687212728,0.10090949814864289,-0.037793110419666764,-0.8462734882544507,2.2842350721682667,-1.769367113664004,1.300405502319336,2.566581144199982,-1.3288682260666094,1.294533469024084
34.13994789123535,0.526475164721676,1.8570622936793095,0.612845030355031,1.0724121178879509,1.38673486318823,-1.9649496550400398,1.7931259610349228,-0.4107657791597883,2.2984483879692994,-1.7731825421660603,1.300405502319336,2.5723561160298516,-1.3236415807210482,1.292431823085968
34.15998697280884,0.5252768537912179,1.8284926257931011,0.6144817596003056,1.0724800329941222,1.3474360944130852,0.081676859254874,0.0033891326766782473,-1.9611062827919639,2.3064915862211017,-1.767791841678552,1.300405502319336,2.578124693891084,-1.3183138834166146,1.2903659314605618
34.18005919456482,0.5241303522920904,1.8204533575338635,0.5940448946286764,1.0802855684685673,1.339456673685441,-1.01816655974016,0.3888725209066131,-0.3975355007856268,2.314534783993116,-1.7624011426509516,1.300405502319336,2.5838515775226347,-1.3129172902250206,1.288349079750715
34.200055837631226,0.5228285635001416,1.8276800016650516,0.6008909261853753,1.0802878211416878,1.3462252808528703,0.3423590416633512,0.00011265256438309804,0.33848717231945713,2.3225779845713412,-1.7570104411293976,1.2912120819091797,2.5895061952708973,-1.307482016319703,1.2863920785409537
34.22008919715881,0.5217111964352442,1.8521463504898914,0.6015500218593396,1.0833656204869548,1.376554614674248,0.032899907429736516,0.15363370986422198,1.5139414724530476,2.330621182775175,-1.7516197406748613,1.2912120819091797,2.5951207654011896,-1.3019784684507465,1.2844838139866364
34.23999857902527,0.5205860467658135,1.8593890102616903,0.5806294156726459,1.0911413680695574,1.3891031236106572,-1.0507913468645846,0.39055695625105163,0.63028119208221,2.338664382609837,-1.7462290402294667,1.2912120819091797,2.60065085269758,-1.2964519524979243,1.2826392801527948
34.25997853279114,0.5195271902295717,1.8769391740614119,0.5816779485410547,1.0942030025488272,1.4097060745135976,0.05247924398103172,0.15323531351207745,1.0311811100451842,2.3467075811254148,-1.7408383401257068,1.2912120819091797,2.606151017520026,-1.2908494184204637,1.280840243010436
34.279945850372314,0.5185028946305215,1.8848112236788293,0.5604669376429217,1.1021605930227159,1.4225442657093894,-1.0622864494391935,0.39853077117330504,0.6429602345732391,2.354750777362538,-1.735447641023021,1.2912120819091797,2.611598419123695,-1.2851947088093474,1.2790944214521907
34.29999804496765,0.5173963655213571,1.8848783118504011,0.5624616284404022,1.1043017943889497,1.4201833381382611,0.0994749371694384,0.10678139771951889,-0.11773911129295025,2.3627939771492312,-1.7300569406105981,1.2829837799072266,2.6170196990666517,-1.2794606348886384,1.277393552720572
34.319947719573975,0.5164178326360831,1.8948043611553322,0.5641097231272748,1.1075774613346812,1.430152423509452,0.08261260994955172,0.1641965099868443,0.4997116779053179,2.3708371756648092,-1.7246662405068383,1.2829837799072266,2.6223645232419996,-1.2737016149303606,1.2757534435388374
34.34018349647522,0.5207661424084059,1.915180587725394,0.5234790561741441,1.1443932053920916,1.4436933721533902,-2.0078629622878794,1.8193392938200017,0.6691588225162236,2.385050490722689,-1.728481665564301,1.2829837799072266,2.6277366807586797,-1.2678053958196012,1.274142810568082
34.35997223854065,0.5198572834578276,1.9063544445149012,0.5245095493522033,1.1476691077693846,1.4289620778144854,0.05207471877959254,0.1655437402974657,-0.7444280333836866,2.3930936890224594,-1.7230909650438209,1.2829837799072266,2.6329423149469626,-1.2619870607808916,1.272619356152711
34.37996554374695,0.5275567856974596,1.9324188971490492,0.5272072699326783,1.1727089867747846,1.4425841122536105,0.13493119584975413,1.2524131826643312,0.6813297900756075,2.3930936890224594,-1.7230909650438209,1.2829837799072266,2.638154084658976,-1.2560566010548744,1.271131882196329
34.40021562576294,0.5182748655562275,1.9373849225384632,0.5092994114533789,1.1591448508048552,1.4664438831490276,-0.8843351086261203,-0.6698311621265551,1.1782555189937205,2.4091800860536154,-1.7123095648363014,1.2746524810791016,2.6433842350936554,-1.2499974303644132,1.2696782314067105
34.42007327079773,0.5259343980625655,1.9883052139878248,0.5337007074997377,1.1895337218280202,1.5011764398029392,1.2288111708920413,1.5303360982596153,1.749077324781521,2.4091800860536154,-1.7123095648363014,1.2746524810791016,2.648465775047055,-1.244005120902502,1.2683044183649281
34.44013476371765,0.5252505701073445,2.010524473600889,0.5113186490422285,1.218381325118109,1.515357662300621,-1.115672624507571,1.4379589497769631,0.7068876954615528,2.417223284617162,-1.7069188646995692,1.2746524810791016,2.6535523241377534,-1.2379010607085281,1.2669683404774001
34.46016478538513,0.5245973791364721,2.032313936053419,0.5118049787084994,1.2410040129462603,1.525865209740825,0.02428003695375479,1.1294390092887454,0.5245899188048956,2.4252664841400797,-1.7015281639033981,1.2746524810791016,2.6585838592661086,-1.2317569224940432,1.2656862440830718
34.480154514312744,0.5239716433510412,2.0552194865198,0.48910758178914315,1.269799905653081,1.5402302135753974,-1.1354529619460605,1.4405344270098799,0.7186192412409187,2.4333096827036265,-1.6961374637666662,1.2746524810791016,2.663558694012504,-1.2255763576794552,1.2644583030712562
34.500102043151855,0.5232759825545332,2.052283469903401,0.49095704770229653,1.290984336000458,1.5179552240931369,0.09271654288961917,1.0620077563612993,-1.1166791466713246,2.441352881962768,-1.6907467625867472,1.2685585021972656,2.6684769163092286,-1.2193609242136083,1.263284194484123
34.5198814868927,0.5226422644147641,2.063767872771164,0.49178684546728,1.3118750167976767,1.515344010978977,0.04195253293549134,1.0561814109099152,-0.13201650907743254,2.449396078727443,-1.685356064251558,1.2685585021972656,2.6733084692184335,-1.2131512675506093,1.2621703952931664
34.539875745773315,0.5279561750588453,2.1019707289696057,0.44962149932624784,1.3692019142430287,1.5301658638271405,-2.108872671540338,2.8671679099309553,0.7413054385593371,2.4636093926101443,-1.6891714895517398,1.2685585021972656,2.6781470371722227,-1.2068276043657478,1.2610953746890463
34.56015634536743,0.5276677475919144,2.0146812151168336,0.4516357423801025,1.3865076588513998,1.3901662011054021,0.09931871316265423,0.8533152349889997,-6.9031323295961595,2.4716525921330614,-1.6837807887555682,1.2685585021972656,2.6830084913461305,-1.2003662035427087,1.2600570599644283
34.57993984222412,0.5272323564263294,2.026128130107742,0.4280420752296784,1.4152728521133708,1.3852717912084431,-1.1925933681661696,1.453999435506497,-0.2473986238334824,2.479695790696608,-1.6783900886188365,1.2685585021972656,2.6877059331657995,-1.194018151824723,1.2590946161494512
34.59999418258667,0.5269193350451593,1.99655524178817,0.4312674630797232,1.424232182103561,1.3310912441531297,0.16083240793440123,0.4467526644217944,-2.70168682069916,2.4877389902195257,-1.6729993878226654,1.2668914794921875,2.692422827838401,-1.1875383268816795,1.2581696349570524
34.61988353729248,0.5266168095837878,2.019182434748753,0.42712013937494275,1.436308960747415,1.353396712207811,-0.20851977181385492,0.6071981128842698,1.12147771431543,2.4957821885192963,-1.6676086873021856,1.2668914794921875,2.697056525536058,-1.1810678811558586,1.257302457167014
34.639972448349,0.5264404922931262,2.032406638990053,0.40307436515465833,1.4659388384383343,1.3487887619357153,-1.1969675286347552,1.4749369743117422,-0.22937780246682385,2.5038253870348743,-1.6622179871984257,1.2668914794921875,2.7016921417908826,-1.1744886763872053,1.2564771305559053
34.65998959541321,0.5262847979391004,2.0460506372981824,0.39963391694213446,1.4760672750338368,1.3593532809361846,-0.1718750529977099,0.5059880193223129,0.5277734617516416,2.5118685855504523,-1.6568272870946654,1.2668914794921875,2.706266876597838,-1.1678898085801468,1.255705100117237
34.68014907836914,0.5262342246337726,2.060258303064465,0.37527487095778667,1.505971398895837,1.3549476714181254,-1.208317000867292,1.4833775215053238,-0.21853782300317515,2.5199117838502234,-1.6514365865741856,1.2668914794921875,2.710829711691548,-1.161201054302822,1.2549781716687707
34.70014715194702,0.5262174190934982,2.0400786555190176,0.3727397240094974,1.5128904533813337,1.3168707206545482,-0.12676955799849152,0.3459860500338189,-1.9040309365444443,2.527954983373141,-1.6460458857780145,1.2687358856201172,2.715312189513262,-1.1545239051134568,1.2543070260539304
34.72010040283203,0.5261880967829022,2.0495953831925515,0.36981627670864625,1.5192012026197221,1.32518106772032,-0.1465148369906699,0.31627674481502877,0.41649088229602793,2.5359981816729116,-1.6406551852575342,1.2687358856201172,2.719741386283398,-1.1478206572689327,1.2536867667843132
34.740185260772705,0.5262613082675309,2.06493759309394,0.344982031258834,1.5490995588329286,1.3210772945989007,-1.2364660742519102,1.4886018263867993,-0.2043217399665421,2.5440413802364583,-1.6352644851208025,1.2687358856201172,2.72415645619642,-1.141032334678262,1.253112010929997
34.760174036026,0.5263479529570718,2.0585086735476166,0.34280801678202544,1.553127913145263,1.3068030869682636,-0.10876176500358976,0.2015308222383599,-0.7141111673804721,2.5520845777446968,-1.6298737857094538,1.2687358856201172,2.7285074628273818,-1.1342364008915977,1.252589184033785
34.77991795539856,0.5263897417547562,2.074238767532792,0.3176638973072118,1.5823454020966445,1.3029731929503219,-1.2735120621369946,1.4798221366315865,-0.19397840649941064,2.560127775996499,-1.6244830852219452,1.2687358856201172,2.732763346484102,-1.1274850412982897,1.2521207009049555
34.800212383270264,0.5267333415241034,2.075065351714842,0.3208375844632235,1.5796301838581328,1.3068006506455248,0.15638219397338687,-0.13379131728554294,0.1885964817239012,2.5681709762629805,-1.619092383349615,1.269693374633789,2.7370949016325965,-1.1205058339735012,1.2516885616081452
34.82001733779907,0.5269053600898232,2.09490943592119,0.31849527498368213,1.571936124743059,1.3476732260650142,-0.11826886429525671,-0.38849163242873985,2.0637550750260765,2.5762141738191877,-1.6137016839052944,1.269693374633789,2.741280112645179,-1.1136569598232093,1.2513149022121843
34.84007787704468,0.5204324094660796,2.07787658087155,0.3118719450752413,1.5536350945583106,1.3440702988185613,-0.3301670920881034,-0.9122900416925466,-0.1796027116889246,2.5780872583588326,-1.5991048563112176,1.269693374633789,2.745477482622341,-1.106681881793971,1.2509845582289862
34.86011791229248,0.5207355516095704,2.0805440498797014,0.3103003146068345,1.5340964179917056,1.3707390118289282,-0.07842453613344434,-0.9749821457398541,1.3307717616560053,2.5861304546439245,-1.5937141571755598,1.269693374633789,2.749628723896106,-1.0996765231530896,1.2507026708252253
34.87998080253601,0.5210227593484742,2.094937339321424,0.2844743810378031,1.5438340088139468,1.3872322572106468,-1.3002102540159484,0.49024037805439513,0.8303547560048951,2.5941736544306178,-1.5883234567631372,1.269693374633789,2.7537022299789795,-1.0926967529424487,1.2504704767656691
34.900075912475586,0.5214244025220861,2.0651491563667634,0.28403833366133874,1.5218470731799314,1.3668009178029261,-0.021699178445677744,-1.0941435851870853,-1.016731904884149,2.6022168527303884,-1.582932756242657,1.268777847290039,2.7577820580591745,-1.0855990458818536,1.2502831189794192
34.920071840286255,0.5218755597916774,2.05999171580487,0.2830845816962881,1.5004399929214112,1.3827902286437106,-0.04769730987635258,-1.0705719915181107,0.7996283539418103,2.6102600509342224,-1.577542055788121,1.268777847290039,2.761800722468865,-1.0785006743182004,1.2501438901338306
34.93998885154724,0.5223519468782073,2.0751545199717887,0.2567758817965832,1.5104139149889526,1.3996364648345925,-1.320916052863747,0.5007740336562683,0.8458214924987507,2.6183032504571395,-1.57215135499195,1.268777847290039,2.765763077894747,-1.0713954375918417,1.2500517454986744
34.96006202697754,0.5229480464580899,2.0594519437168213,0.2562722371674648,1.4880682864739305,1.4004712148868736,-0.025090431300583523,-1.1132084503827064,0.041585351315229765,2.6263464487569106,-1.5667606544714694,1.268777847290039,2.769715908856179,-1.0641997532399399,1.2500055869431956
34.97990536689758,0.5163507490374376,2.056935976306134,0.24865454157624856,1.46969629245077,1.417444650606307,-0.3838918056088691,-0.9258519028141459,0.8553719176220077,2.628219531233908,-1.5521638282951873,1.268777847290039,2.773583623234379,-1.0570527441079656,1.2500057642049005
35.000000953674316,0.5095771830546306,2.0403076722604228,0.22940437797421676,1.4241870656779183,1.4428860768635645,-0.9579299084871498,-2.26463786693415,1.2660205715771153,2.6443059269939493,-1.5413824283963304,1.2663917541503906,2.7774603849349737,-1.0497811565340955,1.2500520686039194
35.01995825767517,0.5175717496262165,2.0777264582388946,0.2532147895445892,1.421375005738945,1.4941628420899928,1.193067539050013,-0.14090379837141206,2.5693232524910607,2.6443059269939493,-1.5413824283963304,1.2663917541503906,2.7812707085437776,-1.0425265721336783,1.25014369892501
35.03996992111206,0.5110795225882444,2.08030894425341,0.20142509425291155,1.4149783939079372,1.5116049019898217,-2.5879755301205067,-0.3196441840619877,0.8715947054993944,2.6603923247686687,-1.5306010271126511,1.2663917541503906,2.7850518642142816,-1.0352196389560175,1.2502809533558206
35.05989170074463,0.5118982431797308,2.0860800098159338,0.20098917354158136,1.3966520769424429,1.5364557056567163,-0.02188161496463635,-0.9199136474501647,1.2474188614288375,2.668435523020471,-1.5252103266251429,1.2663917541503906,2.7887769128107944,-1.027913616778759,1.250462421151493
35.08022928237915,0.5054442697509621,2.086770545897349,0.1924632664626525,1.3789510843277293,1.5543690389732505,-0.41921931683641234,-0.8703587738606791,0.8807995777692521,2.6703086036030705,-1.510613497795594,1.2663917541503906,2.792539707336755,-1.0204226859617518,1.25069350272524
35.10016465187073,0.5062528575335186,2.0576718680776134,0.1938033568098304,1.359669899267981,1.5322374295754086,0.06722174614040198,-0.9671847350456558,-1.1101680060253032,2.678351803125988,-1.505222796999423,1.2640419006347656,2.7961890216753833,-1.0130487111685516,1.250964633261912
35.12002110481262,0.5071616370385151,2.0541054127512277,0.19440902518760805,1.3445391238360984,1.5407039696494433,0.0305023449832656,-0.7620079717238221,0.42638733608717155,2.6863950013777904,-1.4998320965119145,1.2640419006347656,2.799785683008004,-1.005673650561441,1.2512782922564467
35.139967918395996,0.5005690606557857,2.0549278837694924,0.1855573965923733,1.326314952990891,1.5585845198563968,-0.4437615340533748,-0.9136381993561848,0.8964113557394031,2.688268084334371,-1.4852352711361014,1.2640419006347656,2.8033605440769147,-0.998235039485502,1.251636878728736
35.1601345539093,0.501656804718261,2.0342013634253693,0.186732426368941,1.31299490488047,1.54244953488337,0.05826602934299204,-0.6604992737451221,-0.8000831354531672,2.6963112838572885,-1.4798445703399303,1.2640419006347656,2.806936135449185,-0.9906843427059612,1.2520434160850478
35.18012714385986,0.5027410331779142,2.052111849241433,0.15865008756304022,1.3231339730259846,1.5605478784509648,-1.404637361909783,0.5071413043826115,0.90525257669712,2.704354482061122,-1.474453869885394,1.2640419006347656,2.8104426765306205,-0.9831694410044045,1.2524897850675387
35.200178384780884,0.4892153549174297,2.0174765881108114,0.16068678594178143,1.2638035630324722,1.564350374585364,0.10157467992946298,-2.958939560260031,0.1896389430148882,2.7142707626460165,-1.4544663433205196,1.2625617980957031,2.8139215367777766,-0.975603539368016,1.252980478109722
35.21995401382446,0.4972314368472348,2.056913086412663,0.18559317850241142,1.274464798412035,1.6038036334781172,1.259448814788361,0.5391097980281103,1.9950444461620387,2.7142707626460165,-1.4544663433205196,1.2625617980957031,2.8173155164672337,-0.9681137157842773,1.2535062921637534
35.24002265930176,0.49165032099062345,2.0633236078761796,0.13233546675370556,1.2680984437117229,1.6222570610461708,-2.6537770976601323,-0.31722891848953194,0.919515349898993,2.7303571598452163,-1.4436849413023154,1.2625617980957031,2.820722398518317,-0.9604849246751306,1.2540820751506443
35.259992599487305,0.4850615741610416,2.056865624886447,0.15164927554682622,1.2364076177916645,1.6367635439281933,0.9671440481879321,-1.586926431707311,0.7264159405205168,2.7322302414349497,-1.429088114040732,1.2625617980957031,2.824075316436963,-0.9528661534881331,1.254696862437922
35.28009247779846,0.48644955588385413,2.0758913636492076,0.12279157811189217,1.246533440678779,1.6554158279078046,-1.435715032111187,0.5037753328831674,0.9279799454933809,2.7402734383197,-1.4236974139278304,1.2625617980957031,2.8274127880407587,-0.9451705060666679,1.2553574520029362
35.29991888999939,0.48780465388091854,2.0444988001139817,0.12404950004239468,1.2448359933918507,1.6170870152106434,0.06344677583388697,-0.08561545425998929,-1.9332198033978003,2.748316636571502,-1.4183067134403222,1.2629508972167969,2.8306683998325957,-0.9375531983646297,1.25604979744666
35.31987905502319,0.4812299156618388,2.0330460933348573,0.14258360716032797,1.2186169867880805,1.6210857386655444,0.9285548038220248,-1.3135666249503664,0.2003351901215407,2.7501897208713046,-1.4037098860111052,1.2629508972167969,2.833909624087772,-0.9298584111238168,1.256787352744066
35.340059995651245,0.48279077368422757,2.052485387204558,0.11331433012276779,1.2288495438720497,1.640056378848766,-1.4503425572183455,0.5070406415915923,0.9400275503933783,2.758232918331575,-1.3983191866327287,1.2629508972167969,2.8371498196073333,-0.922052303914036,1.257574069800347
35.360039710998535,0.48434501838861993,2.0386636754162697,0.11233905243287376,1.2332231970167216,1.6194721563213472,-0.04881339263055666,0.2189046775015784,-1.0302560456753866,2.7662761165354084,-1.3929284861781928,1.2629508972167969,2.8403213471496964,-0.9142985371901993,1.2583932012089163
35.38017702102661,0.47786300390718567,2.0425097547651863,0.10174562728442937,1.2151530454835962,1.638565531704906,-0.5260595945374356,-0.8973468406620024,0.9481591809898158,2.7681491987727687,-1.3783316579063936,1.2629508972167969,2.8434814976543494,-0.9064583009969139,1.2592589753061922
35.40007209777832,0.4794781430954459,2.0365631719385457,0.10714121815931527,1.221448203296969,1.626091817619883,0.2712023151367039,0.3164178702066078,-0.6269749164929136,2.7761923962330384,-1.3729409585280168,1.2656841278076172,2.846567920209756,-0.8986878736617784,1.2601535920183973
35.42008090019226,0.4811887579716596,2.0736630602033896,0.10413310832907341,1.2317969351262805,1.6649057311497593,-0.15033932406399603,0.5172089570988768,1.9398419119194232,2.7842355951324675,-1.367550257030293,1.2656841278076172,2.8496363886391496,-0.890848807076027,1.2610923287587632
35.440051555633545,0.46824610867609834,2.067172561012031,0.0684077134604654,1.1969000263575962,1.6840288324863488,-1.7888944593553486,-1.747409286154123,0.9575600256493076,2.7941518758852,-1.3475627309151106,1.2656841278076172,2.8526635858773655,-0.8830008715762265,1.2620679237619175
35.460012435913086,0.47642291380152885,2.0958577443503192,0.08979439436016293,1.2252772272603742,1.6980142424761429,1.0714297465937859,1.4216407545845255,0.7006409433820627,2.7941518758852,-1.3475627309151106,1.2656841278076172,2.855654123200414,-0.8751333801227972,1.2630812677901446
35.479888677597046,0.46352005178451133,2.090036613641335,0.053866033600548535,1.1901987457261844,1.717200757761684,-1.8076033352224943,-1.7648447876591267,0.9652989529214914,2.804068156758009,-1.327575203022216,1.2656841278076172,2.858597208253338,-0.8672763878955974,1.2641279329719288
35.49990916252136,0.4655052914274408,2.046014760146269,0.05185259818154109,1.2034106678788876,1.6538713587318414,-0.10056876377464648,0.6599201868810022,-3.163230025109136,2.812111354913874,-1.3221845026006518,1.2705059051513672,2.8615267639740893,-0.8593396575044754,1.2652197853783538
35.51992392539978,0.4675298698315407,2.041313612756314,0.048035258984819335,1.2173852881782647,1.637872687251857,-0.1907261764683713,0.6982156313451027,-0.7993435434219367,2.820154552110368,-1.3167938028385264,1.2705059051513672,2.864420652855907,-0.8513827921017529,1.2663486711601069
35.5400972366333,0.4610942320391992,2.029829964173446,0.03624658720335713,1.1992072959599838,1.6373141817283652,-0.5843696974185295,-0.9010911499781924,-0.027685366920020785,2.8220276357866823,-1.302196974707757,1.2705059051513672,2.8673024115532115,-0.8433405775148621,1.2675239168439507
35.55998635292053,0.46315345186536866,2.0062216233853243,0.03172344898200674,1.2135260474157008,1.5972705961004723,-0.22741775733164116,0.7199289927682454,-2.013341621095572,2.8300708332469524,-1.2968062753293805,1.2705059051513672,2.8701092723214314,-0.8353901395385375,1.2687190075236727
35.57998561859131,0.46534329013641895,2.011649943469298,0.0007475224677203629,1.2234198627259742,1.596865296685274,-1.548853194122497,0.4947089294748776,-0.020265714845241395,2.8381140311390416,-1.2914155745240674,1.2705059051513672,2.872897525817529,-0.827374429087038,1.2699568018562493
35.5999174118042,0.4588895419659116,1.9729064519139066,0.020877253350690517,1.2120498910428887,1.5565535872301257,1.009930750734034,-0.5704439917494294,-2.022482825533095,2.839987112440964,-1.2768187474603159,1.277883529663086,2.8756424583546334,-0.8193649399155077,1.2712260529475166
35.619946241378784,0.4611621562220026,2.004784286908349,0.014171299373608282,1.2274513054916534,1.585030758047148,-0.3348150700523995,0.7689622796684957,1.4218090333724605,2.848030310860605,-1.2714280474225,1.277883529663086,2.878366823692609,-0.8112958442415092,1.2725369497910712
35.6399827003479,0.4635251295754912,2.0106571832823197,-0.017226659036834763,1.2373945502403512,1.5847082627217857,-1.5670412850314128,0.49625758543583487,-0.016095425137721445,2.8560735097600336,-1.2660373459247762,1.277883529663086,2.8810583556630474,-0.8032033547926245,1.2738835451803863
35.66000032424927,0.4570763920809336,2.016767058212275,-0.005214463669743041,1.2251972439297318,1.601940663671979,0.600080979954434,-0.6093283783689363,0.8608614606360171,2.8579465919012517,-1.2514405199792975,1.277883529663086,2.8837136899688245,-0.7950985198039859,1.275263657357921
35.680044651031494,0.45953894841535214,2.038889407680499,-0.03685345311405322,1.23509563777846,1.6218047371018265,-1.5784510893309063,0.493825208313069,0.9910072633350312,2.865989790057117,-1.2460498195577334,1.277883529663086,2.886339010935689,-0.7869632198712571,1.2766800727125651
35.70001029968262,0.4621153007382715,2.0058286609005775,-0.04275131504456403,1.2507001515226903,1.5675682035985816,-0.295400466750128,0.7815680831062046,-2.716492434128561,2.874032989220322,-1.2406591184437579,1.2853775024414062,2.888920801182973,-0.7788406443122304,1.2781248351930359
35.71987986564636,0.45562602333327984,1.9992782009061985,-0.031249052001068894,1.2377677141747887,1.569734979897651,0.5788884902912661,-0.6508666254461073,0.10905000657905446,2.8759060707860193,-1.2260622917637545,1.2853775024414062,2.8914573999794904,-0.7707384487270197,1.2795958710908526
35.74011969566345,0.45833532898065943,2.0062539924623133,-0.06337673745122074,1.2479244073024571,1.5696251606927758,-1.5873495687969856,0.5018171160080124,-0.005425895611892771,2.8839492689898534,-1.2206715913092183,1.2853775024414062,2.89400783543014,-0.7624663523705832,1.281128026925065
35.760220766067505,0.46107841690037193,1.9975035949216036,-0.0710012480982832,1.2628505385453024,1.54602327013181,-0.37930868823409636,0.7425540502477858,-1.1741608823084009,2.8919924668339743,-1.215280890536878,1.2853775024414062,2.8965075277711048,-0.7542324547197421,1.2826829548616532
35.7800178527832,0.45460838412733734,1.986292309507547,-0.084312311984174,1.2441776024193654,1.5460500206961958,-0.6723748840952283,-0.9432163627959549,0.0013512374204343724,2.893865548567716,-1.2006840620461898,1.2853775024414062,2.898937165919877,-0.7461053755314729,1.2842464043657729
35.80013370513916,0.45752860961141334,1.9761200100079128,-0.08725270197769701,1.26026432197108,1.5195957023886446,-0.14617277664857486,0.7997036002777601,-1.3150980549783715,2.901908746987357,-1.1952933620083739,1.2935562133789062,2.9013733147135063,-0.7378296788196235,1.2858672284903947
35.82022976875305,0.46043909583015047,2.0228675393547495,-0.0971252943976648,1.2737391735044266,1.5684859823548205,-0.491269962598211,0.6705219386363738,2.432828682547562,2.9099519438241384,-1.1899026619284445,1.2935562133789062,2.903774380850865,-0.729544600805254,1.2875184784149927
35.83999419212341,0.45398354137266217,2.0273497109165888,-0.11084160934186005,1.255023189660624,1.5883254645714637,-0.6939901401203634,-0.9469531942869074,1.0037976744818395,2.9118250258214506,-1.1753058360818818,1.2935562133789062,2.906104089723032,-0.7213795018289179,1.2891733148986837
35.859965085983276,0.4569538025460114,2.063477113516072,-0.11990116341221506,1.2678069807397534,1.6236461956364039,-0.4536378859116841,0.6401211267174007,1.7686104243899858,2.9198682240252847,-1.1699151356273458,1.2935562133789062,2.9084263327981663,-0.713112467088659,1.2908761383164014
35.87999629974365,0.4550307895101237,2.0795230834131204,-0.1777532433338348,1.2611393541847693,1.643881859580772,-2.888096578354016,-0.33286183427254024,1.0102065799126263,2.9359546207688343,-1.1591337333572813,1.2935562133789062,2.9107236123846634,-0.7048039751283479,1.2926147221344966
35.899996519088745,0.4537862107140824,2.046960568361239,-0.14211431854592632,1.2617027088344568,1.6056018695211423,1.7819266965515954,0.028167423565067566,-1.9139785118917765,2.9297845038189543,-1.1499276067810378,1.3003826141357422,2.9129855229076114,-0.6964921672570145,1.2943808262153187
35.920042991638184,0.45206081467515447,2.064277476468218,-0.17633634776109625,1.2572888194348015,1.6276891032493013,-1.7071347156349719,-0.22018284707046354,1.1018015101503582,2.9458709007783117,-1.1391462049276935,1.3003826141357422,2.9152209051180136,-0.6881452029843305,1.2961809267519997
35.94021010398865,0.44585465102086,2.07070414716647,-0.19104433393309428,1.2389496723170201,1.6481266447181864,-0.7293055106949772,-0.9093590990660383,1.0134094120031525,2.94774398145654,-1.1245493794227657,1.3003826141357422,2.917437796827117,-0.6797321910608185,1.2980216931476005
35.96002435684204,0.4491690280311831,2.073429203342169,-0.19986403872210817,1.2499679697651846,1.6421763309276294,-0.44511922070800447,0.5560793803172563,-0.3003047268339413,2.955787180619745,-1.11915867830879,1.3003826141357422,2.919584816314532,-0.6714512622489557,1.2998590052961636
35.98001503944397,0.45265143700049243,2.0989453431764393,-0.233750379520631,1.2596976118480985,1.6625565375108962,-1.6951067391392352,0.48670884714937673,1.019485276670867,2.9638303784638658,-1.1137679775364493,1.3003826141357422,2.9217198782358995,-0.6630816304484367,1.3017411934027279
35.999972105026245,0.44644704039167593,2.077986721816046,-0.21810059841928275,1.2430200951617187,1.6508670412959068,0.7841724544537945,-0.8356697840985027,-0.5857322143277044,2.965703461108805,-1.099171150679671,1.3076820373535156,2.923820338989997,-0.6547113732468097,1.3036484037064051
36.01997256278992,0.4500282441253184,2.1254716166844827,-0.2279674371157868,1.2549243877184737,1.7002426950455107,-0.4933306433828637,0.5952010047678756,2.4687261828220826,2.9737466592646697,-1.0937804502581072,1.3076820373535156,2.9258944112787995,-0.6463084440213579,1.3055876382333567
36.04008102416992,0.45374965674526824,2.1516684868692377,-0.26234675015421965,1.2648081428049975,1.7207881397673124,-1.7096938641271873,0.491522195544602,1.021731316660124,2.9817898570608223,-1.088389749518738,1.3076820373535156,2.9279485725414003,-0.6378457967211248,1.3075650961310818
36.06006693840027,0.4476094291266506,2.1587902975689013,-0.2516534325158468,1.2487781812013348,1.7428709513145555,0.5350427063344475,-0.8020629638909798,1.1049187589183438,2.9836629371635306,-1.0737929232792855,1.3076820373535156,2.929959424216848,-0.6294207642982443,1.309557687320802
36.07999277114868,0.4513866746924772,2.1851263672774195,-0.28619984377203456,1.2583652950956101,1.7633444571310546,-1.7337499361947144,0.4811399360480371,1.0274855799002742,2.9917061352714276,-1.0684022228906935,1.3076820373535156,2.931933796403817,-0.6210074593789343,1.3115708904601282
36.1000018119812,0.4552598223130561,2.1477055753503214,-0.2921887217140411,1.2707570200214877,1.7065877022175207,-0.2993085971553997,0.6193062940697307,-2.8365555045142634,2.999749334122888,-1.0630115214259412,1.31561279296875,2.9338859583587227,-0.6125456006864567,1.313618852700781
36.11994910240173,0.4491667836192934,2.1438824893289437,-0.27985893527468997,1.255045415095869,1.7154509933090551,0.6181183599081594,-0.7876560973638006,0.4443355916857409,3.001622414921192,-1.0484146941433012,1.31561279296875,2.9358018336334872,-0.604096739106326,1.3156863973863022
36.13992643356323,0.45315939392176036,2.170783914862333,-0.31487376522337024,1.264697701769081,1.7360002995792079,-1.7527281129604546,0.4831619696936425,1.0286312072433392,3.0096656147799914,-1.0430239919861382,1.31561279296875,2.937690429753294,-0.5956222698417115,1.3177825998982113
36.160014629364014,0.4471910260150368,1.9514258061636827,-0.29434514704615555,1.2448457998879416,1.4736968975584182,1.0219244366592797,-0.9882371756037607,-13.057588875681333,3.0115386945707505,-1.0284271676562857,1.31561279296875,2.939559185757542,-0.5870880147064016,1.3199158306015553
36.179938554763794,0.4512986361761783,1.9636345158708335,-0.3295922590341449,1.254371185226379,1.4743752522264544,-1.7690847200410653,0.47808778377289224,0.034047239910048585,3.0195818924148714,-1.0230364668839451,1.31561279296875,2.941382734933857,-0.5786111853075732,1.3220563850958582
36.20021176338196,0.45561173232460267,1.8812403794349861,-0.3256022208607672,1.2549608609070302,1.3631294129974278,0.1968133534522404,0.029086450583990446,-5.4873326331459085,3.027625091218363,-1.0176457654521651,1.3309783935546875,2.94320778712069,-0.5699733130665812,1.3242594073377423
36.22016763687134,0.4496295130272489,1.90003777969086,-0.3110244226577693,1.2276526571772073,1.4164308405597206,0.7305016345566574,-1.368429387185471,2.670964395051847,3.029498172760026,-1.0030489393537418,1.3309783935546875,2.9449743570819935,-0.5614587035028288,1.3264521181010784
36.24005150794983,0.45388350048945486,1.9127272779158233,-0.34669902129724284,1.237123797414736,1.4169862872254455,-1.7941475529915034,0.4763227542635716,0.027934533649525247,3.037541371563518,-0.9976582379219618,1.3309783935546875,2.94670514732389,-0.5529632421336951,1.3286603980149065
36.26009726524353,0.4480123194814816,1.9285019717612535,-0.33125555818621777,1.209965795130533,1.4647089761696406,0.7704105604370334,-1.3548005139589672,2.380687755767182,3.039414452841404,-0.9830614114397906,1.3309783935546875,2.9484204277466954,-0.5443871346378666,1.33091000825247
36.280014991760254,0.45242196639830373,1.9414261393599195,-0.36721338769795586,1.219422915497764,1.4653660074002963,-1.80531796545889,0.47480922881889076,0.032987260373521045,3.047457650637557,-0.9776707107004219,1.3309783935546875,2.950095414371117,-0.5358546450513634,1.3331680883491013
36.30001187324524,0.4571634854907214,1.9008078033056481,-0.36921673463650495,1.2208724258999226,1.4093331145081485,-0.10018296803195542,0.07248682267017162,-2.8020815612784484,3.0555008484337094,-0.9722800099610529,1.3498210906982422,2.9517477450276473,-0.5272772704984493,1.335457669433998
36.319971561431885,0.4512918776216885,1.913466359825804,-0.35408697187154775,1.1961573411259714,1.4509250641595166,0.7580159881996613,-1.2382500439304174,2.0837975654948457,3.0573739283925123,-0.9576831838205162,1.3498210906982422,2.9533678123582368,-0.5187051203338686,1.3377651207129344
36.34023666381836,0.4559826660233895,1.9271191936528467,-0.39070590441479514,1.2060643226989445,1.4513945474313148,-1.8069946968384276,0.4888690609125785,0.02316708116468889,3.0654171282033436,-0.9522924816963252,1.3498210906982422,2.954982940816636,-0.5099910380860392,1.3401301180797447
36.36008095741272,0.45014770862732006,1.9210402325705218,-0.3752584242437269,1.1828353483301286,1.4664505545464064,0.7784343694379892,-1.1705619178813922,0.75870713379137,3.067290207850402,-0.937695655205012,1.3498210906982422,2.956535589037747,-0.5014476796972448,1.3424673257125526
36.38001203536987,0.454852698318836,1.9347509841769366,-0.411950745778917,1.1922466074689448,1.4670057875838838,-1.8409602136958734,0.47219017250587364,0.027857652188757992,3.0753334055985864,-0.9323049544986153,1.3498210906982422,2.9580663044631916,-0.4928569492682291,1.3448356259995782
36.399924993515015,0.4495506787287831,1.9088304030513636,-0.3898002714644231,1.171715787686403,1.4556000030454541,1.1123648306315663,-1.031028119122067,-0.5727820274263202,3.077206487308087,-0.9177081288498843,1.3667964935302734,2.9595669731381173,-0.48426423646351147,1.3472222859010097
36.419898986816406,0.45740184263306516,1.9723577650231972,-0.37221630547857865,1.1983950940468409,1.5216765010170994,0.8803430400980136,1.335702178220869,3.3081265711169374,3.077206487308087,-0.9177081288498843,1.3667964935302734,2.9610435604000824,-0.4756355622111602,1.3496364853210758
36.44014048576355,0.44873847060748995,1.9602097623620665,-0.4151890276321443,1.1633397267082524,1.5220647371435265,-2.1230009825744607,-1.7318562933569426,0.01918020633950728,3.0871227670297525,-0.8977206006181286,1.3667964935302734,2.9625107135241358,-0.4668816966115808,1.3521033005927567
36.4602108001709,0.45662816271967094,2.0111415680374094,-0.3973927450715703,1.1922384242607535,1.5701391507024742,0.8866967502042729,1.4398726878897368,2.3952994747977403,3.0871227670297525,-0.8977206006181286,1.3667964935302734,2.9639365113572915,-0.4581925420090902,1.354569020467085
36.48011040687561,0.45095555464209386,2.019672084899335,-0.4156540228341252,1.173283870075181,1.5905068450166573,-0.9176702853243298,-0.952508985068751,1.0235224553136677,3.0889958483795406,-0.8831237746515934,1.3667964935302734,2.9653218113472333,-0.44956833922433403,1.3570328242318226
36.499897718429565,0.456223410403834,1.991738309347027,-0.4221295419015606,1.1869309854937409,1.5427323093944032,-0.32725613329421965,0.689690228071029,-2.4144025575169628,3.0970390469192575,-0.8777330728360648,1.3793621063232422,2.966671367577343,-0.4409841613588086,1.3595011721322048
36.51997089385986,0.45064782979302764,2.0050571151148,-0.412255114434238,1.1741354454110904,1.5721659299592385,0.49192154483034223,-0.6374447394774065,1.4663161126170956,3.098912127477718,-0.863136245718285,1.3793621063232422,2.9680120547690523,-0.43226733991957345,1.3620236093338063
36.53994703292847,0.4556966145264168,2.034477190420489,-0.44993141717685176,1.183461103530741,1.5925071348688764,-1.8860653008683526,0.46683986768532826,1.0182750950912294,3.106955323474999,-0.8577455467804587,1.3793621063232422,2.9693179757400214,-0.4235842602811955,1.3645518968506076
36.56026554107666,0.4503135204615017,2.034635547936899,-0.4407103106247995,1.171631633848764,1.6039936251750986,0.45382793287764955,-0.5822016850695205,0.5653215394774693,3.1088284063119147,-0.8431487186616045,1.3793621063232422,2.9706174198516555,-0.41474394596210673,1.3671416046803047
36.58012270927429,0.45547103494915203,2.064347105670685,-0.47858948982038074,1.18074338024264,1.6242925053504327,-1.9075821294649016,0.4588643407352804,1.0222444596986866,3.1168716030527586,-0.8377580186476188,1.3793621063232422,2.9718593093244863,-0.40609641069134383,1.369689745602087
36.60001826286316,0.45034941416855073,2.051840892702112,-0.4636508251470996,1.1712306955194987,1.6196597232684171,0.7508544362213809,-0.47813119050199276,-0.23285514832861426,3.1187446866330335,-0.8231611917129813,1.3907909393310547,2.973075872183779,-0.3974244438805707,1.3722595366861394
36.620068073272705,0.45566965050046504,2.114311181332548,-0.4760661410406495,1.1879819992814842,1.6829651126050316,-0.6192236056077037,0.8354843970998387,3.157405882824417,3.126787884381217,-0.8177704910065846,1.3907909393310547,2.974273865615655,-0.38867761653046795,1.3748658163796503
36.64023542404175,0.4503712599359417,2.1247036193311364,-0.49563146241270134,1.1691256382714517,1.7034847124062629,-0.9701483152702818,-0.9349944485012465,1.017466301658671,3.1286609641481458,-0.803173664997936,1.3907909393310547,2.9754505985218342,-0.3798719915524822,1.3775037688565746
36.660186767578125,0.4581284110752259,2.164582751769109,-0.47215673128607116,1.202654085459971,1.73669503974763,1.1765990136869273,1.6805107449223893,1.6645659617266,3.1286609641481458,-0.803173664997936,1.3907909393310547,2.976586884472925,-0.3711534756606559,1.3801292635609705
36.67999005317688,0.45274097044862,2.1701839148403375,-0.47180861088801146,1.1833624201259527,1.7569144092861517,0.017578921251410494,-0.9741648797526417,1.0210108538652318,3.130534045138221,-0.7885768387135961,1.3907909393310547,2.9776874217528375,-0.36249275486120114,1.3827504461801225
36.70018291473389,0.4477810244313914,2.112992785748687,-0.4428147258305746,1.172482746110033,1.7011577943529714,1.4358482563545398,-0.5387881249621417,-2.761204239219527,3.1324071258645203,-0.773980012045508,1.400726318359375,2.9787816592213288,-0.35365473189926694,1.3854383914406627
36.72009038925171,0.4532552162165201,2.1328430565784364,-0.43416732763885824,1.1895500033176756,1.7162427058002894,0.4343794680723922,0.8573290997993309,0.7577511368311987,3.140450324668013,-0.768589310613728,1.400726318359375,2.979832866163074,-0.3449350004388917,1.3881029859474396
36.74010491371155,0.4480521264808709,2.1386821252874904,-0.43413327651091854,1.1703500198688024,1.736597351789759,0.001701320858660457,-0.9593025049083663,1.01699373524029,3.142323405394312,-0.75399248394564,1.400726318359375,2.98086220309892,-0.3361619191836156,1.390796195097071
36.76010489463806,0.45372439938638864,2.136265169408087,-0.42484040285607483,1.1867575794702037,1.7247451851497586,0.4646441258613548,0.8203787624442194,-0.5926088971559068,3.1503666038380915,-0.7486017821960556,1.400726318359375,2.981863287776597,-0.327388934136104,1.3935013820936835
36.780020236968994,0.4506529004522634,2.146463410183798,-0.40035142020856956,1.1839697259920723,1.7450614887530749,1.229654114931725,-0.1399852150068877,1.0201332854701108,3.1441964876075343,-0.7393956573856093,1.400726318359375,2.9828328765135423,-0.3186470247643889,1.3962085923696945
36.80021119117737,0.4458132541918778,2.112287185538209,-0.36626158949957965,1.173914733107291,1.7174206827797922,1.6883714537300791,-0.49799493283041907,-1.368969771711873,3.1460695664871987,-0.7247988302916595,1.4120826721191406,2.983788177436698,-0.30977813491996703,1.3989666211056415
36.82015895843506,0.4515124978351207,2.1601787636519143,-0.3608987111643412,1.189863202220949,1.7664512365794702,0.2688460450715817,0.7995114895632947,2.457946955480712,3.154112764403221,-0.7194081300349549,1.4120826721191406,2.9847046329729303,-0.3010103418785287,1.4017042535297046
36.84019160270691,0.4464733881566354,2.1664026726024326,-0.3613946033587434,1.170535354847168,1.7867684415096865,-0.024754205569308227,-0.964817580320141,1.0142048475729957,3.1559858460888917,-0.7048113027074276,1.4120826721191406,2.9855976991003716,-0.2921996791269449,1.4044659940924613
36.86008381843567,0.45231694911729053,2.1923966913581485,-0.3561166931309253,1.186542918957828,1.8088394220114423,0.2653254066708817,0.804714986451542,1.1095285111877227,3.1640290435733,-0.6994206016172826,1.4120826721191406,2.9864574979627188,-0.2834454502385173,1.4072203595359984
36.87997102737427,0.44734519911773735,2.1987909254068323,-0.35694743484382124,1.166961312403864,1.829062972607149,-0.041772664804841715,-0.9846332189912541,1.0169124615800287,3.1659021251630337,-0.6848237743556991,1.4120826721191406,2.987290231760351,-0.2746882832944014,1.4099856073359165
36.90002369880676,0.45525359564983037,2.157253016036506,-0.32793269754572985,1.1999859261651897,1.7624512753788273,1.446926280908057,1.6468934761385312,-3.3218365668914442,3.1659021251630337,-0.6848237743556991,1.4231243133544922,2.988102764725872,-0.2658532183288793,1.4127852146117101
36.919968605041504,0.45029462572304085,2.156035583700234,-0.30799210497725105,1.1876381267833789,1.7728919824015672,0.999783720905396,-0.6190953838781518,0.523477368098812,3.1677752063209477,-0.6702269485210517,1.4231243133544922,2.9888839569912435,-0.2570608016038793,1.4155807127600402
36.94020199775696,0.4455029715912408,2.162571860952189,-0.3089904682016262,1.1684061096727028,1.7933402095593165,-0.04934235392033833,-0.9505087644538657,1.0106178160685384,3.169648285896002,-0.6556301226442907,1.4231243133544922,2.989649011281864,-0.24813644413968394,1.4184274192962634
36.96004891395569,0.45155173750003685,2.1493860496361696,-0.3095833670109124,1.1837735720100016,1.7671159156805327,-0.02987359866638261,0.7742997543508445,-1.3213283925923587,3.177691483548249,-0.6502394220038379,1.4231243133544922,2.990372648496826,-0.2393780865896255,1.4212299174270036
36.98001146316528,0.44838257207499704,2.1446758330679057,-0.286174203630793,1.1807330417256185,1.767373259472703,1.172654009983259,-0.15231172394163034,0.012891329131779948,3.171521366262589,-0.6410332956583982,1.4231243133544922,2.991073770369201,-0.23056438904582477,1.4240585409311213
36.99996876716614,0.4546176365302388,2.1077897484712165,-0.2861046733987674,1.197808877710491,1.710606802306618,0.003483949135746404,0.8556183733104066,-2.844395072784097,3.17956456365106,-0.635642594634197,1.4365959167480469,2.99174795184787,-0.22174885828177132,1.4268958763698418
37.020055294036865,0.44987528552772477,2.1236186038427434,-0.2751151489695104,1.185288444080399,1.7404479118100473,0.5471092389432554,-0.6233249635773607,1.4856281374814087,3.1814376457683453,-0.6210457681401103,1.4365959167480469,2.9923995276464463,-0.2128722228498256,1.4297607612455874
37.0400493144989,0.44515700575219935,2.112959427367554,-0.27673389163672385,1.165589512967445,1.7405220430035726,-0.08096133893065995,-0.9852411199817279,0.003707668183397212,3.183310726566546,-0.6064489419876584,1.4365959167480469,2.993021270610221,-0.20403263447937836,1.4326212251234274
37.05998253822327,0.4514530017658868,2.135388208984671,-0.28583851117859504,1.180833416624326,1.7560784694259215,-0.4567560003223276,0.7647485357949261,0.7804270216128465,3.191353924170824,-0.6010582413801775,1.4365959167480469,2.9936145129810416,-0.1952162822604438,1.4354813389785277
37.08017349243164,0.4482959573785123,2.147592917290018,-0.2629546308028984,1.177913665993195,1.7763810390791819,1.133372902515215,-0.14460686706525155,1.0055279925720433,3.1851838068371956,-0.5918521150677098,1.4365959167480469,2.994188376528239,-0.18628238666994668,1.4383865619887546
37.10008382797241,0.4547107697130815,2.0935014813254567,-0.27360155849151324,1.1931325105203734,1.6983301951747334,-0.5347437599337572,0.7643690632944836,-3.9201169535601,3.193227004441474,-0.5864614144602289,1.4504985809326172,2.9947276399968845,-0.1774693394534072,1.441259046865829
37.11995816230774,0.4500570343918955,2.0863893533595395,-0.26759577076700336,1.179587474573085,1.6999960079688252,0.30218811977186255,-0.6815340689530286,0.08381728746158863,3.195100085503451,-0.5718645886915255,1.4504985809326172,2.9952395954069106,-0.1686690963956734,1.4441335439096312
37.14004039764404,0.4565491098768648,2.0940014936590696,-0.2887848202214,1.1881850596446872,1.6999005403532468,-1.0551140896198985,0.4281189283774569,-0.004753834121536037,3.203143284163037,-0.5664738873586612,1.4504985809326172,2.995730214889527,-0.1597737747309106,1.447045059183051
37.16005754470825,0.45209149652625724,2.066474693752608,-0.28422329757104303,1.1751097300378592,1.6759033084901191,0.2278807582181908,-0.653206451692955,-1.198833769175584,3.2050163646015255,-0.5518770608884052,1.4504985809326172,2.9961925738970017,-0.15090443240484214,1.4499537193661527
37.17988181114197,0.4487114218100006,2.061457727056088,-0.26199211909845466,1.1715557867471724,1.6758356508049257,1.1214124137667478,-0.17927237320834716,-0.003412872068667746,3.1988462464286016,-0.5426709334576643,1.4504985809326172,2.9966242621571775,-0.14211790986369435,1.4528404668838881
37.20009994506836,0.4554838254599729,2.034752849247396,-0.2770252966665118,1.1884934663028837,1.6281767173997372,-0.7435492129386734,0.8377469264659364,-2.3572370021239792,3.2068894447764436,-0.5372802317740237,1.4662761688232422,2.997037683664401,-0.13315425669138534,1.4557904701182458
37.22000026702881,0.4510099286424648,2.0614501347913037,-0.27526088764514556,1.1741757029173425,1.6718610949006663,0.08866233545733225,-0.7194739569539074,2.1951593339921476,3.2087625242553557,-0.5226834082235834,1.4662761688232422,2.997418159047761,-0.12432915644389975,1.4586995522875834
37.23996424674988,0.446628310471358,2.0501903946285926,-0.2780604502580132,1.1540883502268682,1.6715391470439098,-0.14023068806832417,-1.0061797783372224,-0.016126436775361946,3.2106356067085233,-0.5080865803685046,1.4662761688232422,2.9977735113125896,-0.11547363585991899,1.4616230126416359
37.260003089904785,0.45428844486420084,2.089965704368246,-0.2715023762676549,1.1846907290974609,1.7002208625666848,0.32726809325578826,1.5271529715575727,1.43130595419383,3.2106356067085233,-0.5080865803685046,1.4662761688232422,2.9981036871309317,-0.10658286115825774,1.4645621798683721
37.27995538711548,0.44996477045722727,2.0951362874019455,-0.27448122121126656,1.1646068957070148,1.719868279974501,-0.14929834455428864,-1.0065925330985048,0.9847195638849205,3.212508685875896,-0.4934897542069112,1.4662761688232422,2.998406070214359,-0.09772860917730825,1.4674930107894875
37.29991555213928,0.45684647569788095,2.05069974160123,-0.2929610876253215,1.1785842052614368,1.6524171696181953,-0.9258373561549518,0.7002602201812064,-3.3792862070962966,3.2205518834801747,-0.4880990535994303,1.4803314208984375,2.998682265889391,-0.0888691487426631,1.4704289860589363
37.320048570632935,0.45265246042298907,2.0506976130561654,-0.2931283388816348,1.1644670917149478,1.6623636393556251,-0.008307311512479624,-0.7011921014695318,0.4940376794749299,3.222424965885373,-0.4735022257773236,1.4803314208984375,2.998934216004166,-0.07993138377002208,1.4733940607243496
37.33999538421631,0.46023050465388904,2.064033910963015,-0.2907729460025231,1.1891328042836542,1.6618213662288694,0.1180836663092365,1.2365740756340988,-0.027185952507607133,3.222424965885373,-0.4735022257773236,1.4803314208984375,2.9991574688836855,-0.07107487743117755,1.4763349850282612
37.35999035835266,0.45604720270118426,2.042081284359021,-0.2911082413675772,1.1747617694036725,1.6447755922571374,-0.016768982183600862,-0.7187323565402346,-0.8525029267600486,3.224298044956809,-0.4589053996816741,1.4803314208984375,2.9993549349880477,-0.062195738481312865,1.4792859164979715
37.37997579574585,0.4519335384381918,2.0305916811481577,-0.29470257479460155,1.1545265576976047,1.6442388499024263,-0.17984762386283334,-1.0124978156827553,-0.026856672893937422,3.2261711256111045,-0.444308573628138,1.4803314208984375,2.9995259802929612,-0.05331974222393058,1.4822379848639393
37.39993476867676,0.4590676664921553,1.823579669755266,-0.32195118655262533,1.1669762224974038,1.3638023102883243,-1.3652311595566597,0.6237627979603978,-14.050649829772635,3.2342143228556703,-0.43891787270285265,1.4966354370117188,2.9996705414867137,-0.04445456571419911,1.4851883203756777
37.42001938819885,0.4555755600178622,1.8190434828176396,-0.3067005818290861,1.1611552654233046,1.3662256018193932,0.7593175816331654,-0.28982162533354006,0.12065409197336728,3.228044206001625,-0.4297117471908538,1.4966354370117188,2.999789533166508,-0.03553279516083591,1.4881590585964122
37.440006732940674,0.4514964765797804,1.8079049623504841,-0.32058807466604156,1.1408078194527453,1.365394140293893,-0.6948142945619695,-1.0180164615855403,-0.04159939883162906,3.2299172868717276,-0.41511492155403795,1.4966354370117188,2.999881585820943,-0.026653610767880212,1.491116865789884
37.45994472503662,0.45854631815445845,1.845325702916272,-0.35716936890010964,1.1430824439002212,1.4039300261088614,-1.8347531716347631,0.11408493074576917,1.9327866933401756,3.2379604853874078,-0.4097242203200899,1.4966354370117188,2.999947215422809,-0.01779588526268519,1.4940684557302228
37.480000019073486,0.4546528700876874,1.8370335683189882,-0.3814514200763086,1.1227293381389,1.4030915788125697,-1.2107551817272884,-1.014849531695144,-0.04180678152863084,3.239833564626888,-0.39512739241375616,1.4966354370117188,2.999986840478835,-0.008885733572953063,1.497038140778679
37.49994444847107,0.46219325922279053,1.8086202021624191,-0.4171721645022223,1.1237798458522439,1.354323919485611,-1.7910136065483293,0.05267173567127039,-2.4451769641937604,3.2478767618714537,-0.38973669148847057,1.517435073852539,2.9999999998984737,-2.4681154757093733e-05,1.4999917729484153
37.52004837989807,0.45858430331173927,1.8460894369287684,-0.40936530000331045,1.114158094396791,1.413901694243022,0.3883252649989785,-0.4786004911720752,2.9634887570990776,3.2417066451852463,-0.380530566426164,1.517435073852539,2.9999867767123276,0.008907235921454077,1.5029690262926254
37.54005670547485,0.45468455247988954,1.8384621428805668,-0.433915101737208,1.0936264545272087,1.4126719057331185,-1.2269793211674476,-1.0261548269390077,-0.06146383939946335,3.2435797265349318,-0.3659337415898172,1.517435073852539,2.999947211657389,0.017796519963635838,1.5059317557920884
37.56005597114563,0.46194114503649886,1.873352720559758,-0.4694353405236864,1.0965076456513845,1.44455939986008,-1.7760771505916764,0.1440648457601035,1.5944332482945462,3.2516229245710297,-0.36054303955540035,1.517435073852539,2.999881338156971,0.026681466549590672,1.5088924150679168
37.580049991607666,0.4582009235048707,1.8668141373385152,-0.494317486979008,1.0758655049786994,1.4433151633065562,-1.2444793933549712,-1.0324157020785087,-0.062230433138068,3.2534960040263172,-0.3459462120657866,1.517435073852539,2.9997891678439883,0.035563614799031945,1.511851205959626
37.60008478164673,0.4550406898294579,1.8596802899055758,-0.5093510949074681,1.0528294486198866,1.445863892245254,-0.7503751174406401,-1.149802733839417,0.12721515592269744,3.255369083217623,-0.33134938645280143,1.5359115600585938,2.9996704127454685,0.04446324815093565,1.514814569954803
37.61989903450012,0.4622908571175368,1.9457844457182474,-0.5202910488956491,1.0775178736137287,1.5343824704685207,-0.5521254860895435,1.2459932340882496,4.4674194317706135,3.255369083217623,-0.33134938645280143,1.5359115600585938,2.9995269686387838,0.05326414849666857,1.51774351899832
37.63998889923096,0.45861924473655347,1.956009403263668,-0.5455878629920163,1.056861117539231,1.5528526162020084,-1.25918289820739,-1.028217778031757,0.9193763114362227,3.257242165478916,-0.3167525587296105,1.5359115600585938,2.9993551261644855,0.062186526348739904,1.5207110207146501
37.65994215011597,0.4549816387121361,1.902894710211344,-0.5604604221732101,1.0388697920330956,1.4925287094487847,-0.7453702289869499,-0.9016738981441752,-3.0232620789900033,3.2591152446702223,-0.30215573311662536,1.5359115600585938,2.9991581268141454,0.0710471403952123,1.5236558004473013
37.68024277687073,0.46263326930940085,1.9194380012274637,-0.6052144440788311,1.0465565527630183,1.4908645475371731,-2.2045635559072374,0.378646473470089,-0.08197588831691097,3.2671584419147877,-0.29676503219133976,1.5359115600585938,2.99893076077951,0.08006073063710735,1.5266488707376968
37.70017671585083,0.4593385805547169,1.7551845062617497,-0.591257970437628,1.042733798728644,1.2821048663834838,0.700136267856245,-0.19177113154555273,-10.472575508637156,3.260988325180612,-0.28755890716200505,1.5509834289550781,2.998681049785974,0.0889101017590181,1.529584592933316
37.720211029052734,0.45579021784787693,1.7627770180306215,-0.6022514743534453,1.0200213937544005,1.3054624978218874,-0.5487337551841994,-1.133675247329401,1.1658813158707857,3.2628614053312894,-0.27296208088958074,1.5509834289550781,2.9984036570381116,0.09780246234283056,1.5325314497880975
37.739924907684326,0.46328091144372435,1.7809943872902543,-0.6467547297636096,1.0268718011710083,1.303527380244695,-2.25745812084118,0.3474916095724523,-0.09816016489476559,3.270904603583194,-0.2675713792718839,1.5509834289550781,2.998104825606207,0.10655091274709128,1.5354272514585547
37.759907245635986,0.4598886195160371,1.7921325479446804,-0.6559497014947888,1.0055692586553993,1.3305260330255926,-0.4601549505079457,-1.0660685735144018,1.3511258215235298,3.2727776834700957,-0.2529745526157112,1.5509834289550781,2.99777571327325,0.11541662693607288,1.5383581536446256
37.78013801574707,0.45667655477684654,1.7888169998379624,-0.6823310923659829,0.984569079379222,1.3285007592132887,-1.3040230661679209,-1.038031630079753,-0.1001085871266108,3.2746507633090283,-0.23837772599251017,1.5509834289550781,2.9974156058264865,0.12439048430293179,1.5413206789571554
37.800174951553345,0.4541102130145465,1.7960487763741555,-0.6874849089700533,0.9666966169981955,1.3485745651382361,-0.2572158065434616,-0.8919758267344371,1.0018401076406849,3.276523843507674,-0.2237808996871138,1.5689640045166016,2.9970322443318826,0.13327614558949497,1.5442496772424603
37.81997585296631,0.46114444726539566,1.8837421947358142,-0.6907368632893855,0.9954829206928004,1.4423525909187997,-0.16423264029803908,1.4537875369531499,4.736048315414878,3.276523843507674,-0.2237808996871138,1.5689640045166016,2.9966272674965593,0.1420548117387683,1.547138784552527
37.84004187583923,0.4579228670787666,1.8806689381026507,-0.7172970908713634,0.9741416080718307,1.4399474523727795,-1.3236418472250278,-1.0635546842601118,-0.11986124810340315,3.2783969240899653,-0.20918407424813013,1.5689640045166016,2.996190343219414,0.15094849107574165,1.550060742886977
37.85995936393738,0.454742608259793,1.9325852536805002,-0.7252972757473353,0.9603789844256432,1.5121183256644921,-0.4016663565481006,-0.690981893819714,3.6234927284046345,3.280270004672462,-0.19458724654876947,1.5689640045166016,2.995730220463198,0.15977367082005864,1.5529549067722739
37.87984037399292,0.462672081161467,1.9669254256920778,-0.7709264439923111,0.9669012137583686,1.5295653274770336,-2.2951131817498562,0.32806327819884934,0.8775711980326647,3.2883132015573144,-0.18919654530567964,1.5689640045166016,2.995244650291367,0.1685798766754501,1.555837282932655
37.90001463890076,0.45921374122726466,1.9500053418345584,-0.7525840202583693,0.972696388946998,1.5132745489713801,0.9091991117265679,0.28725582890399026,-0.8075029538907801,3.282143083672099,-0.17999041880729538,1.580190658569336,2.994725037957797,0.1775129340277135,1.5587551776687394
37.91998100280762,0.4561480172253807,1.9898732237944665,-0.75853580548064,0.9638256597984965,1.5669266020117254,-0.298090591258115,-0.44428365574632533,2.687121866085525,3.284016165045718,-0.1653935945195566,1.580190658569336,2.994184088400578,0.1863507650293448,1.561635699885867
37.93992304801941,0.4531722401595371,2.003450304977108,-0.7855810274477212,0.9419057589024702,1.5841367097486918,-1.3561909864234463,-1.0991801825353817,0.8630061537915803,3.2858892453644386,-0.1507967664364478,1.580190658569336,2.993617259617783,0.19517451662575294,1.5645050952955992
37.95999574661255,0.46133899614460155,2.0392850478810356,-0.8099041510486927,0.9636803504554762,1.6043874079446223,-1.2117515484083736,1.084786455192826,1.008867746504782,3.2939324401866434,-0.1454060666111523,1.580190658569336,2.9930198993437838,0.20405256208101444,1.5673852316028765
37.979947090148926,0.4585541859578895,2.053592276730946,-0.8373366270702112,0.9416542475343697,1.621541208269513,-1.3749688571850442,-1.1039909608566807,0.859781713126965,3.295805521248723,-0.13080923971226066,1.580190658569336,2.9923994516650065,0.21287328012746853,1.570239580442929
38.000012159347534,0.4561120232617977,2.06165370855176,-0.8359301453557221,0.9393840660367305,1.6337669303015918,0.07009603109600239,-0.11314097525248412,0.6093037562475304,3.2976786015192703,-0.11621241392250026,1.5883617401123047,2.9917485835498905,0.22174042908682756,1.5731014068545321
38.01989936828613,0.46301842431191287,2.13096300249102,-0.8345879912695573,0.9783328826774528,1.6992148108718375,0.06748830820396448,1.9584858167365746,3.290953535627583,3.2976786015192703,-0.11621241392250026,1.5883617401123047,2.9910768417568088,0.23052501448822066,1.5759288039358175
38.040048360824585,0.4604253825970175,2.1457746195148704,-0.862609222570628,0.956364343739411,1.7162812382923054,-1.390701358769936,-1.0903045845154384,0.8470114517089886,3.299551681742054,-0.10161558590533537,1.5883617401123047,2.9903691664596734,0.23942102364594903,1.5787838421678069
38.06025242805481,0.45795557484897975,2.074624583315825,-0.8618181522722279,0.9530959411685676,1.6287862846427847,0.039154012377105564,-0.1617695354900654,-4.3305613989757035,3.3014247624921844,-0.08701876091604377,1.5883617401123047,2.98963213203629,0.2483369264282092,1.5816366308553997
38.08007097244263,0.4539067469338838,2.086329530921254,-0.8649724888424283,0.9470684968747415,1.6454952954558255,-0.15916086007503974,-0.3041315333698869,0.8430998001705883,3.295254645086552,-0.07781263521812809,1.5883617401123047,2.9888824338797813,0.2570782484394074,1.5844248434347656
38.100223779678345,0.4625745324818308,1.935661512178498,-0.8771369593911005,0.9683636461152096,1.4281764922731857,-0.6036117155486177,1.0566840138641211,-10.783549936282597,3.3032978421872117,-0.0724219343917587,1.598073959350586,2.988092903627088,0.26596227586739213,1.5872494013742235
38.1200487613678,0.46009185194695884,1.9197317213621974,-0.8631427578708757,0.9558106766313494,1.4236503826350226,0.7058872355816448,-0.6331894616850198,-0.22830334519657638,3.305170921618463,-0.05782510748372527,1.598073959350586,2.987289416860863,0.2746969954820022,1.590017148550006
38.14023971557617,0.456158823251281,1.9070118121735713,-0.846909725714784,0.9500206373398243,1.4201756077639383,0.8039754827119177,-0.28676402470982465,-0.17209562436842396,3.2990008050041575,-0.04861898293705491,1.598073959350586,2.986443729687554,0.2835878655559057,1.592824529486354
38.160017013549805,0.453752946363422,1.8910537769859628,-0.8226525632420036,0.9367264470931144,1.4219250018761704,1.2265154979775335,-0.6721944658180226,0.08845465718140486,3.3008738844354086,-0.03402215602902148,1.598073959350586,2.9855885387600023,0.2922914682261576,1.59556283185962
38.18010115623474,0.4624505846427302,1.903391441899073,-0.8503244644139341,0.9423666292897264,1.4183766856215974,-1.3777984754452501,0.2808276302897528,-0.17667252768694894,3.30891708249544,-0.02863145454321292,1.598073959350586,2.984692856924812,0.30112471059855134,1.5983315258992576
38.20008134841919,0.4586735992954189,1.8818102203100446,-0.7955178321997561,0.94879302545995,1.4170931087102547,2.743048300448138,0.3216383561728556,-0.06424247071765928,3.302746965353583,-0.019425329229045607,1.6144332885742188,2.9837745346270372,0.3099066817326138,1.6010734351707172
38.219908237457275,0.4563708280781734,1.9269621845504321,-0.775232763389547,0.936179649412793,1.4952475003423749,1.0231090097515056,-0.636175247812591,3.9418383530563728,3.304620045216449,-0.004828503154452823,1.6144332885742188,2.9828363092268,0.3186156231460748,1.603781662642472
38.240198612213135,0.45433911971558677,1.9245047802995996,-0.7843328192130309,0.9134946390697855,1.501355461738529,-0.44849126410816803,-1.118018302567656,0.30102753003072413,3.3064931245517633,0.009768323687636693,1.6144332885742188,2.981848301761571,0.3275221074769441,1.6065397705348945
38.26005029678345,0.4502648551724086,1.9632036927644145,-0.7400237634078839,0.9178273117664714,1.5697536732401673,2.2320048280139226,0.21825214285165873,3.4454613289557057,3.300323007673682,0.018974448618055417,1.6144332885742188,2.980854326405833,0.33622998059618947,1.609224745430225
38.28018069267273,0.4591196825545952,1.989226476910358,-0.7682517119342483,0.9231137906608162,1.5857718035843336,-1.4022550118546604,0.262611769953291,0.7957185955142863,3.3083662034072896,0.024365149069818237,1.6144332885742188,2.9798187359786072,0.34505377542542137,1.6119333922988623
38.29999661445618,0.45525559121050757,1.9505568071156478,-0.7229553655232062,0.9285367555151608,1.555579278244531,2.285856136598165,0.2736670498404221,-1.523649803917934,3.3021960864812394,0.03357127396726489,1.6268653869628906,2.978772053494594,0.353733349267037,1.6145855761001349
38.32000803947449,0.45322941879630185,1.975667266233591,-0.7062508847538235,0.9181335827015855,1.6004691683899765,0.8347471883735422,-0.519861669224272,2.2432130697524575,3.304069165816554,0.04816810080935463,1.6268653869628906,2.977687526642386,0.36249191878539677,1.6172493001610366
38.34004020690918,0.45132758242147825,1.9810456091754463,-0.7158688380552423,0.894749757935392,1.616012494694676,-0.480125444876329,-1.1673137638464721,0.7759183500923065,3.3059422474303233,0.06276492865251804,1.6268653869628906,2.9765741119300935,0.37125270966653046,1.619900694825457
38.35999321937561,0.4472989440927201,1.9811106280004522,-0.675859654349443,0.9013705683517398,1.6295840409467257,2.0051700851243157,0.33182009120110295,0.6801753005909683,3.299772130192529,0.07197105390074121,1.6268653869628906,2.975437414224101,0.3799718804473966,1.6225262337369086
38.37991738319397,0.45625207672583346,2.0057694133815738,-0.7046179340182078,0.9060083350414296,1.6449235251380023,-1.4433870314931456,0.23277095751523177,0.7698934987244913,3.3078153261419443,0.07736175393578382,1.6268653869628906,2.974274723156775,0.38867127844742067,1.625132289947651
38.399961948394775,0.4524097074840738,1.9968655881311221,-0.6623755213248621,0.9163711602896482,1.6459024097440509,2.10742474432161,0.5169892758662583,0.04883541230463871,3.301645209263863,0.08656787886620254,1.6372814178466797,2.9730770679738807,0.3974158179353835,1.6277379000720702
38.4199104309082,0.45059930902938483,2.0428037901068605,-0.6539544019896133,0.9065418891804456,1.7098458316920009,0.42214335499356287,-0.49273277316137826,3.2054278767775126,3.30351829104547,0.10116470625967366,1.6372814178466797,2.9718572577587157,0.40611086331674984,1.6303145252077336
38.43994474411011,0.44663154888641055,2.0476400375631587,-0.6393820434223657,0.8993235937970788,1.7248876484051363,0.7273700086640584,-0.3602966226304534,0.7508027134020084,3.297348173543901,0.11037083189164543,1.6372814178466797,2.9706041168933357,0.4148355031037233,1.632885295927574
38.4600510597229,0.4449840747854038,2.069376447459628,-0.6322203360382261,0.8899988788255877,1.7579870089649527,0.35619193103597846,-0.4637704466132085,1.6462170990072609,3.2992212520397146,0.12496765759163142,1.6372814178466797,2.969318100257027,0.42358342294395634,1.6354478585986425
38.47994375228882,0.443388960212485,2.0749123842850636,-0.6425583428651676,0.8657977535813919,1.7727871920699656,-0.5196886642009166,-1.2165836858937569,0.7440009971485669,3.3010943318066435,0.1395644836002803,1.6372814178466797,2.9680176944423478,0.4322302580585181,1.637965626266613
38.499996185302734,0.45021251311011434,2.040860888244116,-0.631500361270387,0.9009916399605604,1.7188759477056836,0.5514533616497569,1.7550930779693734,-2.688513873945798,3.3010943318066435,0.1395644836002803,1.6460819244384766,2.9666785299720546,0.4409381037895598,1.6404855418334567
38.51994562149048,0.4486607750866452,2.0477978145129403,-0.6287422600528756,0.8909427488048953,1.7333147659613222,0.13825459484443173,-0.5037180530364359,0.72377074318065,3.302967410734276,0.15416131072720218,1.6460819244384766,2.965317948632133,0.4495926454476345,1.642974142466304
38.5399272441864,0.4447024690652242,2.0525138724879644,-0.6147679357661876,0.8832026481911271,1.7478062433054475,0.6993588308290587,-0.38736096319882485,0.7252402652504435,3.2967972937602577,0.163367435591677,1.6460819244384766,2.963926799405992,0.45825235913855145,1.645448011347106
38.55988621711731,0.44326953932849017,2.036231571459406,-0.6138112398977614,0.8722114217218916,1.734566807649994,0.04793312119506135,-0.5506909853169193,-0.6633325122131447,3.298670373263411,0.17796426198407422,1.6460819244384766,2.962508794159447,0.4668932704487788,1.6478999724092116
38.579864740371704,0.4393442996126625,2.040973135127737,-0.6000127591998469,0.8642260934873331,1.7489051679396894,0.6906656974698773,-0.39969561978520945,0.7176886953614786,3.2925002561934553,0.18717038678260534,1.6460819244384766,2.96106085508557,0.47553343871904297,1.6503348379446243
38.600212812423706,0.43812583516290365,2.0172235531331593,-0.5994535277216584,0.8569932334507163,1.7249373696563342,0.027483266068613215,-0.35545677340498805,-1.177890378120476,3.2943733363922036,0.20176721421818988,1.6565208435058594,2.9595566902503654,0.48432371074583985,1.6527942936882665
38.61993765830994,0.43409198864029286,2.0554809617891445,-0.5785851526076423,0.8613250732093827,1.774361948341,1.0579740513249778,0.21961336395993486,2.5057016399387035,3.288203219418185,0.21097333908266513,1.6565208435058594,2.9580701306919877,0.49283525917925153,1.6551583717629195
38.639962911605835,0.43286434835447696,2.0604688329249123,-0.5897757061887526,0.8364592776102019,1.7883043098825009,-0.5588220740959298,-1.2417219014290213,0.6962389606505764,3.2900762985616256,0.2255701657928666,1.6565208435058594,2.9565321864703495,0.5014665866277671,1.6575378666519598
38.65988731384277,0.4395805194809626,2.093069804793413,-0.5894175373428582,0.8690638296934189,1.8105955468655128,0.01797639104225858,1.6364130625093682,1.1187907530638743,3.2900762985616256,0.2255701657928666,1.6565208435058594,2.954973145283541,0.5100444108211748,1.6598844257943655
38.68017816543579,0.4385177377892158,2.0983676821390107,-0.6009855170131754,0.8443754085347679,1.8245529609325115,-0.5701081404734107,-1.2167267127983281,0.6878673378007292,3.291949377968842,0.2401669921193199,1.6565208435058594,2.953355771263171,0.5187694448408874,1.6622522649127727
38.70016574859619,0.4345902258915989,2.0354708224909226,-0.5829461571472971,0.8491188818102896,1.755651551883891,0.902528320763563,0.23732100261724157,-3.4472106255011665,3.2857792606351106,0.24937311730159917,1.6675300598144531,2.9517331999380403,0.5273534923605279,1.6645627621587562
38.719921588897705,0.43341449059653364,2.0407689729608047,-0.5916175026453178,0.8367632826594164,1.7648098878792167,-0.4389256728986735,-0.6254150146135055,0.46357613017472404,3.2876523400423268,0.2639699436280525,1.6675300598144531,2.950100699553249,0.5358274671814427,1.6668246878536477
38.739973306655884,0.4295444612043157,2.04505859929215,-0.5787054045790979,0.8280015140260922,1.7781389771387985,0.643939747304355,-0.43695850594896596,0.6647355314057916,3.2814822230203395,0.2731760684595552,1.6675300598144531,2.948414438922148,0.5444173578157727,1.6690979550925533
38.75990104675293,0.42855596251590056,2.019382587167645,-0.5886493656774286,0.8153904679544863,1.7511528609497278,-0.49900094290194164,-0.6328387469021323,-1.3541985221430706,3.2833553015880548,0.28777289364390524,1.6675300598144531,2.946709239537107,0.5529429703981287,1.6713343084496666
38.780007123947144,0.43530825260126965,2.0231538670399623,-0.594960221905806,0.8347713080275695,1.7442278427322755,-0.31387804629505195,0.9639294570429972,-0.3444241335870911,3.2833553015880548,0.28777289364390524,1.6675300598144531,2.944959012035403,0.5615333346240955,1.67356719109514
38.80004096031189,0.43437917602773485,1.9755368535750526,-0.6050057094313555,0.825202075065953,1.6898980699129538,-0.5014260545337529,-0.4776535451021076,-2.7119005980765025,3.285228382122685,0.3023697224404822,1.6804981231689453,2.9431852216498338,0.5700810835847445,1.6757682125393982
38.81999087333679,0.4304867276418762,1.9985061624811449,-0.5923099794879074,0.828510831807999,1.7195248097224316,0.6363802151718994,0.16585319133551463,1.4850560888409114,3.2790582646211153,0.31157584807245375,1.6804981231689453,2.941389142400501,0.5785811327367028,1.6779359881345983
38.83993721008301,0.42964895978419776,1.9852413866202394,-0.6046863265625845,0.8025819515746201,1.712133178413634,-0.6204822084448699,-1.2999319405503416,-0.3705758808168088,3.280931344987497,0.32617267279796947,1.6804981231689453,2.9395636280704855,0.5870675459720357,1.6800790265235843
38.860013246536255,0.4258276333727878,1.8821857970795686,-0.5918625541360747,0.8071462577395063,1.5940003169249006,0.6387601684413002,0.2273509602114719,-5.8842721153570485,3.274761226862439,0.3353787991314938,1.6804981231689453,2.937696088581677,0.5955966537244353,1.682211030255454
38.88019037246704,0.42520357467190195,1.868708378376756,-0.6045294703164572,0.7811531323422578,1.5863211865086677,-0.6277859504784778,-1.2882471709010037,-0.38058593887824954,3.2766343073968645,0.34997562566769425,1.6804981231689453,2.935788547668775,0.6041558352517157,1.684328142094226
38.89997839927673,0.4318686878160894,1.6784385013611265,-0.6084939260790347,0.8101140078416955,1.3381353590257499,-0.20034618917312677,1.4635555014132269,-12.542222115918795,3.2766343073968645,0.34997562566769425,1.6962203979492188,2.9338878735389633,0.6125372272646233,1.6863791093883773
38.91997408866882,0.43118845520501015,1.6753120525804424,-0.6177401913572587,0.7900279938124041,1.341984835419514,-0.4624129279524455,-1.0045172054551583,0.19251531258967408,3.2785073869239505,0.3645724515114832,1.6962203979492188,2.93193705456948,0.6209934567658301,1.68842573964079
38.94021964073181,0.4274224927814358,1.659859898590749,-0.6061715688970584,0.7803865180192446,1.3336745459460375,0.5714155101430582,-0.4762268651979816,-0.4104748266494022,3.272337268846861,0.37377857787797963,1.6962203979492188,2.9299308107619977,0.6295416518928361,1.6904710703584187
38.9599244594574,0.42678867003051857,1.666588535703245,-0.6160909716759676,0.7601804985129973,1.3491015053128432,-0.503399849399745,-1.0254354423474403,0.7829028818607913,3.274210347366402,0.3883754007689808,1.6962203979492188,2.927948012824444,0.637848122158276,1.6924354505795562
38.98001956939697,0.42300107355668676,1.6509427204476206,-0.604690838401327,0.7501028855084316,1.3406366089677006,0.567308828312965,-0.5014957885211104,-0.4212416040815911,3.268040229241344,0.39758152710250516,1.6962203979492188,2.925895222422044,0.6463051302457001,1.6944115922114438
38.99984693527222,0.42314014135585976,1.6468865377343964,-0.6153173100021188,0.732012526739178,1.3408122675749459,-0.5359497407600509,-0.9123934507024285,0.008859402118792978,3.2699133097757693,0.4121783536387056,1.7185802459716797,2.923839240378785,0.6546354223612911,1.6963341779119157
39.01989126205444,0.4192672383573118,1.716488569168287,-0.602496843710995,0.729177498941123,1.432351470988057,0.6396057313579501,-0.1414379155187611,4.566838507855474,3.2637431924420386,0.42138447882098484,1.7185802459716797,2.9217298090210573,0.663042378734497,1.6982499205908435
39.03993606567383,0.418943042570941,1.7023115631420749,-0.6161245293230001,0.7020415322258895,1.4231629946719564,-0.6798612683252313,-1.3537656557029634,-0.4583969237401068,3.2656162708180845,0.43598130613382313,1.7185802459716797,2.919589071785001,0.6714347158304212,1.700137298534734
39.05992841720581,0.4253900486161142,1.76676134636715,-0.6231752243432213,0.7284836580265529,1.4840518369551965,-0.35266962012657316,1.3226120878458478,3.0456068254819457,3.2656162708180845,0.43598130613382313,1.7185802459716797,2.91742267067685,0.6797900613871528,1.7019910584048357
39.0798819065094,0.4251218024443368,1.7527547158027963,-0.6371142286301701,0.7011230307071519,1.4746732008339825,-0.6985747743098616,-1.371220186259849,-0.4700248652513712,3.2674893517841244,0.4505781318365829,1.7185802459716797,2.9152292155586332,0.6881139195412269,1.703812277274041
39.09999322891235,0.42581029291089106,1.7102687076155525,-0.6506866254578538,0.6850443054559239,1.4256017211204728,-0.6748634702256141,-0.7994862261701018,-2.4399926931856895,3.269362430687722,0.4651749583819247,1.7339916229248047,2.91298667425451,0.6964879024567765,1.7056182607881225
39.119882345199585,0.4219056829048413,1.736593465971375,-0.6400812925164345,0.6860849766715826,1.4612803323833925,0.5332229340037489,0.052323652827494356,1.7938761455090348,3.263192313090215,0.47438108394795253,1.7339916229248047,2.910737429334911,0.7047536022696204,1.7073746549049826
39.14000749588013,0.42194654520992303,1.722710636077327,-0.6545302374722921,0.6583416287857878,1.4511748356749057,-0.7179546223138367,-1.37854112628426,-0.5021327228251423,3.265065392473395,0.4889779096928255,1.7339916229248047,2.908429500578561,0.7131011005919755,1.7091215017319106
39.16003441810608,0.41811718593974956,1.726539901780792,-0.6444521005548534,0.6605517847862765,1.4592096703857638,0.5032294430333817,0.11035924419902245,0.4012016734376708,3.2588952751396647,0.49818403487510476,1.7339916229248047,2.906100741430042,0.7213913281312665,1.710829101472188
39.17992877960205,0.41825251038280375,1.7127900562141736,-0.659049092442433,0.6322851554821798,1.4489718950255153,-0.7337250753453616,-1.4208362158202623,-0.5146068830769716,3.260768353995293,0.5127808613874747,1.7339916229248047,2.903755554974312,0.7296100689254272,1.7124946804634815
39.19991421699524,0.41513130017831595,1.712444350806136,-0.6501054037401606,0.638856826839155,1.4497208605233967,0.447510280926886,0.3288229938472607,0.0374755619877831,3.2545982374049203,0.521986985385537,1.745208740234375,2.901367542617085,0.7378494403801589,1.7141366760747936
39.219972372055054,0.42542640594737446,1.791920898772182,-0.6852100963391718,0.6543970148400184,1.520931352264079,-1.7501456387353311,0.7747565992246939,3.5502014780685975,3.2626414338100878,0.5273776862989072,1.745208740234375,2.898938356273592,0.7461013632126627,1.7157528168044556
39.23992872238159,0.42161850221806285,1.791685208936966,-0.6756264877344489,0.6423986006421522,1.5300290111262977,0.48022852114289727,-0.6012328908613476,0.4558778891609538,3.2564713157329983,0.5365838126654037,1.745208740234375,2.8964890493719633,0.7542937911644508,1.7173287370041048
39.2599310874939,0.4220066698334002,1.8393412124948434,-0.6918810726603204,0.6310004016640041,1.5831346027347992,-0.8126331478607153,-0.5698425618246691,2.6549656158327477,3.258344395547998,0.5511806398372128,1.745208740234375,2.8940014715069924,0.7624871534659501,1.7188758637641774
39.27996778488159,0.422574353761292,1.8470691789948903,-0.7173918030799843,0.6021140349393113,1.5920025885015416,-1.273200364613493,-1.4416730544841256,0.4425871986362539,3.2602174759383127,0.5657774640141202,1.745208740234375,2.891476726864749,0.7706762429295052,1.72039272064168
39.30018663406372,0.4193188021035899,1.8299489728219456,-0.728480449100682,0.6091641993947002,1.5642725007446676,-0.5484311159756197,0.34869266751445444,-1.3714968397600082,3.254047357453542,0.5749835906654495,1.751922607421875,2.8888955038628668,0.7789208324955004,1.7218895754131822
39.319907426834106,0.41994812019707,1.866287544459431,-0.7631074419822437,0.5993791202973364,1.5941897317281026,-1.7558621138983943,-0.4961808184535989,1.5170399756119861,3.2559204370047663,0.5895804182210067,1.751922607421875,2.88634524223809,0.7869437629596714,1.7233165027623274
39.34004235267639,0.42605842197364435,1.8910316368906954,-0.7934930510716907,0.6149451677355009,1.6025641548160243,-1.5090996275553432,0.7730869018387133,0.4159152685000035,3.2559204370047663,0.5895804182210067,1.751922607421875,2.8837080664223294,0.7951158143079691,1.7247393207285748
39.359883546829224,0.42681638832004914,1.9028648732887448,-0.8270525786433405,0.6059096535403959,1.6030446811933063,-1.6914066418154423,-0.4553916526145817,0.024218621801724176,3.2577935144931374,0.6041772420983933,1.751922607421875,2.881076205577839,0.8031492778114522,1.7261073501814785
39.38002324104309,0.4231787186040256,1.910746576137134,-0.8388301542491677,0.5929197265837818,1.611137066909551,-0.5847941622528614,-0.6449912704071716,0.40181274006994094,3.251623396583886,0.6133833680151974,1.751922607421875,2.878370952286673,0.8112835237819551,1.7274610242148558
39.3999285697937,0.42444782926727836,1.9272203205596334,-0.8716195760251572,0.5897494554395057,1.614513257448358,-1.6472685373249116,-0.15926745968356984,0.16961239782103457,3.2534964765665197,0.6279801924769375,1.7569389343261719,2.8756635384817444,0.8193029663933227,1.7287640013383063
39.41998291015625,0.4208133622690176,1.9774266806986043,-0.8794757215648082,0.5975069028607258,1.6672505011996677,-0.39174290440997567,0.386821370385585,2.629717198267743,3.247326358969013,0.6371863180429653,1.7569389343261719,2.8729018866124525,0.827361798679748,1.7300412219841248
39.440035581588745,0.4220008245631618,1.9915467537393807,-0.9162493989695367,0.5673266170906253,1.674779394654214,-1.833854283631116,-1.5050506298723756,0.37545588276811054,3.2491994381605243,0.651783145916327,1.7569389343261719,2.87010619787963,0.8353989124486025,1.7312823292100348
39.46023726463318,0.42804730487163,2.0333558038984134,-0.9418872512748062,0.6036922726332128,1.6979222217452423,-1.2690948694165256,1.8001299922685294,1.1455890600860181,3.2491994381605243,0.651783145916327,1.7569389343261719,2.867254921088799,0.8434740892971291,1.7324958716602354
39.48015236854553,0.4292872186870774,2.047942240545936,-0.9788510363735408,0.5731914652714812,1.7051010566364346,-1.8560679000929332,-1.5315414619961703,0.36047187716350376,3.251072517615606,0.6663799711455642,1.7569389343261719,2.8644096986241605,0.8514131342445213,1.7336556980547686
39.50004768371582,0.4258989491973475,2.01385438259589,-0.9820887396601887,0.5822911657470292,1.6589298297475699,-0.1627369689263928,0.4573790562080457,-2.3207084931138695,3.244902400185938,0.6755860962618996,1.7604446411132812,2.8615330476780283,0.8593225071343938,1.7347778180772115
39.52005887031555,0.4273582257978282,2.030658212820782,-1.009004756693286,0.5743744850496959,1.6660060411627302,-1.3450485256810576,-0.3956127567887231,0.35361278452399786,3.2467754801687763,0.6901829229840162,1.7604446411132812,2.8586049376190195,0.8672556010807636,1.735869252503117
39.54028606414795,0.433374762051932,2.0563321413901248,-1.0412136278346376,0.5884058539097883,1.6727685458575021,-1.5923548964940089,0.6936883571866816,0.3343273788151746,3.2467754801687763,0.6901829229840162,1.7604446411132812,2.8556096744947777,0.875251164907093,1.7369341607591549
39.55992293357849,0.4348185000432344,2.041978164053054,-1.0648926369238279,0.5797416444630448,1.6430392934954976,-1.2058444026908588,-0.4412215234913018,-1.5139507072224787,3.248648559096307,0.7047797489807499,1.7604446411132812,2.8526674239211083,0.8829908481424049,1.7379308075702309
39.58009386062622,0.43140937805049495,2.0339569364720775,-1.0784254098427364,0.5651296276769509,1.6292967681641415,-0.6709048566229298,-0.7244097780691094,-0.681303605869866,3.242478441402863,0.7139858744808336,1.7604446411132812,2.849609742934772,0.8909173767595038,1.7389160383876954
39.60001468658447,0.42812107750036166,2.012780561263919,-1.0715927257367759,0.5877039307701412,1.599243167159782,0.34299200847794875,1.1332011604588705,-1.508652355446646,3.2363083230859306,0.7231920006824704,1.763702392578125,2.846554530760981,0.8987218289279253,1.7398503955021576
39.61987352371216,0.43917762706437724,2.062481534140351,-1.1104384935224707,0.6247326336730937,1.6218710081869527,-1.9560947872188983,1.8645957295923545,1.1394343425892186,3.2443515191793533,0.7285827019466171,1.763702392578125,2.8434735948160883,0.906478052545073,1.7407432526214524
39.640034198760986,0.4358391976980103,2.060457824691802,-1.124467092575038,0.6298526894189683,1.6075900580313396,-0.6958397483512189,0.253962515316282,-0.7083567450507195,3.238181402804788,0.737788825527959,1.763702392578125,2.840309681189961,0.9143272668549363,1.7416099023803209
39.66001105308533,0.4377099408766383,2.072659741476922,-1.1429526851306768,0.6388029847846803,1.6067072882519515,-0.925350520933372,0.44803326992310877,-0.04418962891031586,3.2400544814205743,0.7523856518754688,1.763702392578125,2.8371384744805126,0.9220798379290313,1.7424287724507161
39.679901361465454,0.43434632705610665,2.070558855555952,-1.1568582235098126,0.6430421669144,1.5922907387122889,-0.6991112512377758,0.21312802439780848,-0.7248027161844653,3.2338843639429378,0.7615917769588324,1.763702392578125,2.833945080404554,0.9297736126072156,1.7432043080853017
39.699901819229126,0.44047134920504416,2.045757831570751,-1.1661146219974192,0.6972866714325607,1.5294093930793602,-0.4628093315153824,2.712163149419938,-3.1439953213043026,3.2338843639429378,0.7615917769588324,1.7666893005371094,2.8306976752235444,0.9374841980976317,1.7439437582060449
39.71986770629883,0.4424656491662778,2.052011721730373,-1.1811784263787408,0.7043583549451529,1.5229737157926433,-0.7544770902856921,0.35418829566171767,-0.3223336516053383,3.235757442870468,0.776188602955566,1.7666893005371094,2.827419349019795,0.9451552656407967,1.7446412007652392
39.739879846572876,0.4392159157063691,2.0507363109256134,-1.1958168905801396,0.708340751962761,1.507910726886997,-0.7314791921772735,0.1989990557268188,-0.7526925505904223,3.22958732486528,0.7853947288064262,1.7666893005371094,2.8240966071002847,0.9528174178922442,1.7452990785773748
39.759880781173706,0.4414410731055243,2.0388726778306903,-1.2078900435796536,0.7143264541095589,1.4791014691308022,-0.6036294423468035,0.2992711223879216,-1.4403955780645898,3.2314604049679883,0.7999915550458788,1.7666893005371094,2.820738691280402,0.9604481710031048,1.7459150538445156
39.779897689819336,0.43825474073272097,2.0379225368156955,-1.2228737044271476,0.717854924888668,1.463691386835022,-0.7485501938764796,0.1762745107936263,-0.7698532559943747,3.2252902871786073,0.8091976804800187,1.7666893005371094,2.8173408260747053,0.9680574533105692,1.746489609055152
39.80001878738403,0.4352534092107421,2.0274916496006763,-1.2026223332571615,0.742525484302361,1.4536429471892736,1.0064744780879846,1.226104059898692,-0.4993981870739821,3.219120170012715,0.8184038052126057,1.7693138122558594,2.8138875017797886,0.9756781004359285,1.74702455725701
39.81991910934448,0.4411946445832339,2.0741730007715757,-1.2085282948077873,0.7875279928698893,1.4904538430374379,-0.2967771859351626,2.2613960043947166,1.849763834038662,3.219120170012715,0.8184038052126057,1.7693138122558594,2.810434594179182,0.9831868896901383,1.747511298992249
39.8401243686676,0.4436573014502979,2.0816559837898283,-1.2490230916237097,0.7743486249974705,1.4743192186237264,-2.0041711006196152,-0.6522741263378959,-0.7985358740359869,3.2209932490601156,0.833000630726675,1.7693138122558594,2.8068904730779014,0.9907814777622203,1.7479620825195947
39.85997653007507,0.440534486232693,2.0809900233539644,-1.2241313282980302,0.7890135488303743,1.486431830976494,1.253856585928843,0.73870665928523,0.610140735013837,3.214823130791152,0.8422067569612836,1.7693138122558594,2.8033704475833865,0.9982142798577112,1.7483620619434537
39.88000965118408,0.43749394962650806,2.0678447359494148,-1.2198749230339898,0.7916802988294702,1.470078000852949,0.21246840374395184,0.1331170507373742,-0.8163396025290649,3.2086530133614835,0.851412882077619,1.7693138122558594,2.7997801408441427,1.0056850983087198,1.748722227121041
39.89993667602539,0.4491442575162052,2.0485944758009884,-1.226207981671039,0.8164840769067259,1.423554376947482,-0.3178125529266541,1.244730624605715,-2.334699950241632,3.216696209838552,0.856803582475353,1.7705879211425781,2.7961705539945774,1.0130863022017174,1.7490368573240835
39.91986894607544,0.4461335920962332,2.03181733942007,-1.1894588914237425,0.8262864951602817,1.4250332888381212,1.8436981916771904,0.4917863459075433,0.07419686201951026,3.2105260926246917,0.8660097071749681,1.7705879211425781,2.7925216042086065,1.0204589964286124,1.749307725895841
39.940001010894775,0.44321224449377716,2.018743994916417,-1.1858596361894127,0.8285648502654899,1.4080285967168193,0.17878221963963079,0.11317046342011937,-0.8446571314915302,3.2043559741399203,0.8752158338262971,1.7705879211425781,2.788796876916596,1.0278741687890334,1.7495364805611777
39.959919929504395,0.4402566606787192,1.9851671069287256,-1.1486453966664198,0.8360138734437339,1.3865723921088338,1.8682861380346996,0.37396724813398186,-1.077177181577722,3.1981858574056425,0.8844219577254434,1.7705879211425781,2.785072564023486,1.0351793370761657,1.7497181661313748
39.979878187179565,0.4373429191373622,1.971811336120852,-1.1451364461407876,0.8376099893262745,1.3693472790916061,0.17581447152060703,0.0799727064615593,-0.8630569510412,3.1920157399759743,0.8936280828417789,1.7705879211425781,2.7813017663628354,1.042466995228271,1.7498553632178722
39.99992108345032,0.44027915218988106,1.9598286554574085,-1.1253398862235597,0.8256438502721059,1.3758091189311805,0.9877095430622178,-0.5970264423126569,0.3224005030153234,3.1938888166012194,0.9082249095162348,1.7703285217285156,2.7774753409367436,1.0497528915161647,1.7499476618570808
40.01987361907959,0.4374446381137672,1.966320081314404,-1.0901875416654678,0.817353871994455,1.4176877068358038,1.7617983604309286,-0.4154849504685816,2.098910568698998,3.1877187001786855,0.9174310330646048,1.7703285217285156,2.773626477378839,1.0569729578786704,1.749993978449835
40.03992223739624,0.4346711552834063,1.9439329879889602,-1.0872444586674046,0.798284620072771,1.3998273515844661,0.146797298027216,-0.9511504294461496,-0.890852175908034,3.1815485821734977,0.9266371589154652,1.7703285217285156,2.76971898063168,1.0641941190367719,1.7499944308586493
40.06005334854126,0.43195536767595283,1.9367362716336483,-1.053144282590094,0.7778244600226825,1.427173295468922,1.6939043171368593,-1.0163452927510375,1.358392176540206,3.175378464432085,0.9358432843825768,1.7703285217285156,2.765754730489922,1.0714105186332628,1.7499481082644228
40.08023405075073,0.4292881295898375,1.9289344842049538,-1.0505527078573849,0.7583607034281741,1.4289913561195786,0.12841846164762039,-0.9644737032674838,0.09008906785231743,3.1692083477457755,0.9450494083146952,1.7703285217285156,2.761739567499298,1.0786095032350222,1.7498543336844878
40.09999942779541,0.4351708294095756,1.908865250251358,-1.035146817490841,0.7644697190928496,1.4099020031356304,0.7794382232992776,0.3090766065765725,-0.965797563122553,3.1692083477457755,0.9450494083146952,1.767822265625,2.7577668330991534,1.0856257349827867,1.7497162673145685
40.12006664276123,0.42985704002777736,1.872975417107721,-1.0105307710317062,0.696122230241387,1.415018838903449,1.2266797610461773,-3.405927975948637,0.2549848484971099,3.1649113075889796,0.9688523611157025,1.767822265625,2.753692555938605,1.092713454651875,1.7495290247810937
40.14010000228882,0.4358614022836266,1.8710469163280095,-1.0273471831752286,0.7041530641930459,1.396260287521643,-0.8394204736536837,0.40087305080307134,-0.9363657331649087,3.1649113075889796,0.9688523611157025,1.767822265625,2.7495838061293894,1.0997529005810813,1.7492945215730065
40.16008806228638,0.4247133345328711,1.8098581214195004,-0.9801505610752772,0.6517916364352185,1.3747941518514843,2.3612407660231205,-2.6196353104915118,-1.07394793055357,3.152571072897482,0.987264610898681,1.767822265625,2.745442935686003,1.1067397315745482,1.7490129073098224
40.18008756637573,0.4307306781707597,1.8074790969788017,-0.9971975371830807,0.659325958857679,1.355679548354885,-0.852369940356499,0.3767254622313612,-0.9557538732559367,3.152571072897482,0.987264610898681,1.767822265625,2.741258059132748,1.1136933246716836,1.7486832437346713
40.200047731399536,0.41950663507444846,1.7757582618115493,-0.9484447304287039,0.6052669311276583,1.3738347570931901,2.442505194533015,-2.708345730887095,0.9095720760151049,3.140230837630464,1.0056768614161844,1.7630157470703125,2.737039643877438,1.1205955622035715,1.7483062140785683
40.21999669075012,0.4255278888424756,1.8138941326018048,-0.9471686554463945,0.6097540208225671,1.421718501151981,0.06396699496367142,0.2249285096055428,2.4003128793474877,3.140230837630464,1.0056768614161844,1.7630157470703125,2.7327816626387356,1.1274557599762365,1.7478812220762903
40.24010443687439,0.414671158210371,1.7874557884887299,-0.9268122766266996,0.5600275665277653,1.4221062985673365,1.0123650206189558,-2.472999906975556,0.01928597133457021,3.1278906026751905,1.0240891115829112,1.7630157470703125,2.7284471333774025,1.1343313607434475,1.7474038673979646
40.25998902320862,0.41227147420444915,1.7983718731557918,-0.9088627964082868,0.5364862857084368,1.4561223426311216,0.9026831092540911,-1.1838959294217497,1.7106739608272001,3.1217204849337783,1.033295237050023,1.7630157470703125,2.7241183123369828,1.141091443493587,1.7468832126942666
40.28001356124878,0.40995612088438443,1.7912634350333954,-0.9076042772517522,0.5144038057515574,1.4561139702064112,0.06284884844836626,-1.102771005882426,-0.0004181082576597032,3.1155503676719487,1.042501361716666,1.7630157470703125,2.719716202439338,1.147859071399862,1.7463098290923667
40.30015444755554,0.41398604250488463,1.783696632344424,-0.916676579859001,0.4759799502302161,1.4542079669544123,-0.4504420743491601,-1.9077539556161316,-0.09463353414387121,3.117423447582783,1.057098187824231,1.7568817138671875,2.7152449111223014,1.1546249121208354,1.745683220783946
40.320119857788086,0.4117655409514074,1.786765786580033,-0.9041797895780909,0.45593914674174635,1.4721108581489002,0.625922038934123,-1.0037761936793526,0.8966953839649056,3.1112533292658506,1.0663043140258677,1.7568817138671875,2.7107691313159687,1.1612905699089535,1.7450124636483284
40.340059757232666,0.40958375617645837,1.7802427457390444,-0.9034222363106753,0.432931662290221,1.4716190650037584,0.037991829874622005,-1.1538415484727567,-0.024663772578626585,3.1050832123157655,1.0755104383417344,1.7568817138671875,2.7062556591756786,1.16790611982108,1.7442930592974972
40.35998177528381,0.4074443212700856,1.7630727645219875,-0.8937346486854031,0.4151109193878768,1.4619667832558076,0.4862754164964848,-0.8945249851993667,-0.48450321263486623,3.0989130948381285,1.0847165634250975,1.7568817138671875,2.7017026551526664,1.1744736328888938,1.743524692440467
40.38023638725281,0.4054530526338661,1.7568529673990967,-0.8935641574143232,0.39162553423691016,1.4610629303959144,0.008417404951569549,-1.1595080264642046,-0.04462454582081715,3.0927429765211962,1.0939226896267344,1.7568817138671875,2.6970287561389052,1.181106971749711,1.7426924704744797
40.39998412132263,0.40313998505819376,1.7778652945110405,-0.8845456244771663,0.3792595279760352,1.4948398757340278,0.45668697508630657,-0.6261987434685486,1.710421318146403,3.086572859307335,1.1031288143263493,1.7487468719482422,2.6924279056995943,1.187531293490693,1.7418313380436734
40.41998243331909,0.4011556334382212,1.8097068921357171,-0.8800547943103526,0.3671562324388368,1.5380958667899078,0.22456046128336649,-0.6052158571853886,2.162982108866844,3.0804027410383714,1.1123349405609582,1.7487468719482422,2.6877243063040077,1.1939931181326928,1.7409090680814938
40.44008255004883,0.39925442773769465,1.803837770136997,-0.8802008577581963,0.3427715678286605,1.5367448725350707,-0.00726679599962961,-1.2131603481735715,-0.06721325418167422,3.0742326240403175,1.1215410648438526,1.7487468719482422,2.6829514892071558,1.2004425997616712,1.7399310124076535
40.46001625061035,0.3973582078529165,1.814774092675418,-0.8775292331405786,0.3336311921764713,1.5530736235080747,0.13402552172247234,-0.45853882594344614,0.8191530179058721,3.0680625070902323,1.1307471891597194,1.7487468719482422,2.6781730659280183,1.2067932989427221,1.738910297078427
40.47999811172485,0.39553271639039506,1.8090186238802235,-0.8778776635929111,0.30863240016646465,1.5513301488972733,-0.01743733730986572,-1.2510742551335037,-0.08725286402556565,3.061892389085044,1.1399533150105796,1.7487468719482422,2.6733377560161085,1.2131133098201141,1.7378362342355123
40.50024056434631,0.4006866949543399,1.8040483849951512,-0.9013429664750355,0.28552465155864487,1.5364397500526699,-1.1592124393685277,-1.141548854772775,-0.7356025044523218,3.063765467053306,1.1545501414780626,1.7406940460205078,2.6683928477149395,1.2194680559404445,1.7366960749342788
40.519957065582275,0.3989226922851694,1.804676127451793,-0.9019443759156296,0.2803455579516827,1.537777173678074,-0.030502848015301905,-0.2626781265590754,0.0678327056813122,3.057595350103221,1.1637562657939293,1.7406940460205078,2.6635310306494753,1.2256110197755785,1.735534979886631
40.540181159973145,0.3973696463308319,1.790915817619152,-0.903168580620814,0.2543586938975213,1.5254401448816688,-0.060531991273590526,-1.2849457459956306,-0.6100163773946425,3.051425232577616,1.1729623908443205,1.7406940460205078,2.6584973574965036,1.2318634543847333,1.7342920523356868
40.56007623672485,0.3957840745325733,1.7547651743511177,-0.9055033748975747,0.25135189627383836,1.4819199301595738,-0.11735537921763463,-0.15113274812697874,-2.1874866463310636,3.045255115099979,1.182168515927684,1.7406940460205078,2.6534990643366547,1.2379655298206576,1.733017876105988
40.580060958862305,0.39429110916114146,1.732768295538873,-0.906823598247512,0.22470634745344403,1.4593368305844467,-0.06606163152317365,-1.3332959366225479,-1.130018191887019,3.0390849973585663,1.1913746413947959,1.7406940460205078,2.6484315808058247,1.2440457948628465,1.7316864663490077
40.60005831718445,0.3927421245884838,1.73399373082541,-0.9104841527405712,0.2290780596142037,1.4578326751563433,-0.18305190286087497,0.21861448348998946,-0.07521770645264986,3.0329148793054097,1.200580767212684,1.7329883575439453,2.6433137871898547,1.250079770915102,1.7303024533924694
40.619871616363525,0.3913095524992559,1.7492463565160856,-0.9130785202211589,0.22730039168337046,1.4746134963562911,-0.13094071094062798,-0.08972094524825248,0.8469473482572953,3.026744762091549,1.2097868919122994,1.7329883575439453,2.6381963257630234,1.2560080995641814,1.7288800163911981
40.639960527420044,0.3900299281790598,1.7273851043320119,-0.9150218062252736,0.1996807267440025,1.4514551319856017,-0.096734262929806,-1.3748711844889068,-1.152793414512872,3.020574644613912,1.2189930169956626,1.7329883575439453,2.632959920252496,1.26196720609605,1.727385732734958
40.6600615978241,0.3888284983476113,1.7260032711578859,-0.9190678422136102,0.19963554953899615,1.4472550710972838,-0.2012846036060236,-0.002247502451274637,-0.2089471258939085,3.0144045265607553,1.228199142813551,1.7329883575439453,2.627671894205868,1.2678771534867646,1.725837996145092
40.68011236190796,0.3876894511303108,1.7044786067531572,-0.9213297832818207,0.17133725518230541,1.423742356012369,-0.11281071677617727,-1.4113324678467685,-1.1726593054794772,3.0082344087713744,1.2374052682476908,1.7329883575439453,2.6223485211437674,1.273719015748663,1.7242417016108962
40.70013737678528,0.3865038609564354,1.678033499998826,-0.9254553544000612,0.17281076545688728,1.3890519261254317,-0.20602087656440213,0.07358347964329308,-1.7323547622542954,3.002064291869258,1.2466113925965296,1.7266216278076172,2.61698327079731,1.2794995235878517,1.7225951424524557
40.719975233078,0.3854361783605989,1.6361402863614873,-0.9290225548516363,0.17540293833287823,1.335329898735208,-0.1798178391323133,0.13066799344350583,-2.7080560821446147,2.9958941743436527,1.2558175176469208,1.7266216278076172,2.611619855692721,1.2851722458066333,1.7209123766084777
40.7400062084198,0.38450939278356117,1.6153301846930759,-0.9318106061557019,0.14605989587321122,1.3113684099648797,-0.13918699696304765,-1.4648833598451627,-1.196221769607494,2.989724056818047,1.2650236426973125,1.7266216278076172,2.6061552032077397,1.2908451141412163,1.7191611123207813
40.76000618934631,0.38366057821022886,1.5266445115410627,-0.9334187853865883,0.1495913987024396,1.1987473666874617,-0.08040903822835499,0.17657530985675654,-5.631057534065842,2.983553939028666,1.2742297681314523,1.7266216278076172,2.600649535488524,1.2964532814987004,1.717360284719764
40.780165910720825,0.3829487794127612,1.5068445395706296,-0.9367261812419375,0.11951656674754019,1.174240315302877,-0.16405960151467291,-1.4918277587369602,-1.2156443499050205,2.977383821335222,1.2834358936315362,1.7266216278076172,2.595049596119571,1.302048903707254,1.7154922190905046
40.79991316795349,0.38208526053798947,1.5155747639479442,-0.936611217271774,0.12701336150352377,1.1847336826460737,0.005821769008678053,0.37963726646464835,0.5313835344099549,2.9712137043371682,1.2926420179144311,1.7222824096679688,2.5895149008794096,1.3074735656754288,1.7136109074733143
40.82002234458923,0.38152486827160254,1.6439404081039628,-0.9393022398578327,0.1228451248032495,1.343562593594789,-0.13382062502129735,-0.20728032657814655,7.898329893149962,2.9650435869075,1.3018481430307665,1.7222824096679688,2.583828411601313,1.3129393380768728,1.7116428317446661
40.84018540382385,0.38107876709038807,1.6237617366974753,-0.9431966459552126,0.09164931104549823,1.318553248225692,-0.1931455962145548,-1.5471766161451008,-1.240354704020158,2.958873468542599,1.3110542691994311,1.7222824096679688,2.5780753206874425,1.3183599412172857,1.7096165313494263
40.860100984573364,0.3806611755213105,1.7876431676168525,-0.949434715617668,0.08790173896524073,1.5121227132062063,-0.3132255966278251,-0.18817287466494698,9.719498889594773,2.952703350801187,1.3202603946665428,1.7222824096679688,2.5723420066268297,1.3236544801415526,1.7075630825457637
40.8800003528595,0.3803432605430844,1.7841242306047012,-0.9534236254212394,0.05598452697994749,1.5069666198885323,-0.2004540921206577,-1.6039309151102674,-0.25910839196172253,2.946533233371519,1.329466519782878,1.7222824096679688,2.566562635402965,1.3288848073270638,1.7054597425018223
40.899999380111694,0.3859456855041025,1.8270603111227,-0.9820428062470714,0.08706797263557242,1.5382329067209832,-1.431028642789998,1.554247877341626,1.5633903808504352,2.946533233371519,1.329466519782878,1.711526870727539,2.5607029516598,1.3340801982574395,1.703294019191138
40.91992235183716,0.38569082258308385,1.830922745739397,-0.9913029992480218,0.08996549532731474,1.5367181505397405,-0.464799786324787,0.14543626983312666,-0.07603063449147573,2.940363115845914,1.3386726448332698,1.711526870727539,2.5548140210624313,1.3391941288498876,1.701084926901149
40.93994951248169,0.38557738403080216,1.8275879988525914,-0.996160017776608,0.05701088977056862,1.5311736906637652,-0.24252157431575358,-1.6454956417271722,-0.2768470266147938,2.9341929986320525,1.3478787695328847,1.711526870727539,2.548842179312339,1.344271905188622,1.698812483000868
40.960092544555664,0.38561235389211795,1.7997079890220846,-1.005842091227851,0.06007908701477746,1.4911810877850384,-0.48066613882586573,0.1523205261720773,-1.9854311273424603,2.9280228811064473,1.3570848945832763,1.711526870727539,2.542782773783086,1.349314624538783,1.696474625475063
40.98025631904602,0.3857705381280381,1.7970283213285418,-1.0112853903765742,0.026271341272319726,1.485234817628354,-0.26995437542343736,-1.6766575999263766,-0.29489866391474645,2.9218527633650346,1.3662910200503882,1.711526870727539,2.5366635533245,1.354296989111336,1.6940819924597512
41.00009250640869,0.3854584616917186,1.8172711141974123,-1.0200297541607144,0.03741806014526092,1.5035336683620033,-0.4408288560833003,0.5619385756517834,0.9224983813212647,2.9156826455756537,1.375497145484528,1.6955432891845703,2.530591078585757,1.359133640385187,1.6916772286734432
41.02014422416687,0.38572387955771736,1.8326062370821834,-1.026660471127339,0.03770041572557348,1.517561391137515,-0.3306807449910424,0.014081366181079049,0.6995771107834408,2.909512528361793,1.384703270184143,1.6955432891845703,2.524399311636281,1.3639566478027847,1.6891951221931634
41.04002547264099,0.39173408440697166,1.8471471843642249,-1.0613438653594716,0.031081697654916335,1.511468110229054,-1.744527979582318,-0.3329125974796078,-0.3064838164661806,2.909512528361793,1.384703270184143,1.6955432891845703,2.5182068941010742,1.3686721625086882,1.6866834320365633
41.05997920036316,0.3921110468163895,1.855281463340567,-1.0872181487781916,0.030874570147563285,1.5030212127913034,-1.2967142670777492,-0.010380391585825724,-0.4233242808242929,2.903342411147932,1.3939093948837584,1.6955432891845703,2.5119382799973833,1.3733374260824767,1.6841120489470496
41.07992339134216,0.3926141950099218,1.8653926772193663,-1.1135239929375755,-0.004812211162321056,1.4965730854187251,-1.3189727368273423,-1.7893321091566625,-0.32330854529855274,2.897172292615192,1.4031155215021152,1.6955432891845703,2.505618657620813,1.3779321057066278,1.6814915058511575
41.100056648254395,0.3929723766539302,1.8569379112669555,-1.1381602233883377,-0.0047121634922125955,1.4672380542067178,-1.223658475037639,0.004969273999959704,-1.457043504679343,2.891002175089587,1.4123216465525066,1.6828632354736328,2.499184082263806,1.382500134327691,1.6787952684099576
41.1199905872345,0.39365379522249705,1.8438563169587463,-1.1614852607617108,-0.006659886508117274,1.4320313378322669,-1.1701168242089763,-0.0977088882357289,-1.7661695668675033,2.8848320581395015,1.4215277708683733,1.6828632354736328,2.49275834354469,1.386952622662492,1.6760756038216378
41.14002585411072,0.3998422562725551,1.8529652260222071,-1.2076780713599986,-0.015355127076219027,1.4052608387328656,-2.3055750084922897,-0.4339967429344248,-1.3361688299333052,2.8848320581395015,1.4215277708683733,1.6828632354736328,2.4862446673172367,1.3913563267126337,1.673292146915696
41.159974098205566,0.40068771715261997,1.8242092747396887,-1.2292445220800765,-0.017525152037106057,1.347735230684611,-1.0811202538697202,-0.10878275554325151,-2.8837429387135725,2.878661940661865,1.4307338959517368,1.6828632354736328,2.4797038814988435,1.3956689131511344,1.670471274892414
41.179986000061035,0.393187805975982,1.8066424251193174,-1.232173022318812,-0.03870716488078796,1.320684765830826,-0.14633792729376702,-1.0584707538875617,-1.3517188445731272,2.8644486271388763,1.434549320934114,1.6828632354736328,2.473086386674728,1.3999221760785483,1.667592074868084
41.19996929168701,0.3939168666671654,1.819292702552548,-1.250544496072723,-0.034557481916610816,1.3208974908548945,-0.9193417229636767,0.20765762927579515,0.010645144356093686,2.8582785097092085,1.4437554460504494,1.6714668273925781,2.466422213667501,1.4040954279810274,1.6646679992520568
41.219890832901,0.39505351489004475,1.839163644684231,-1.268598396625748,-0.04052510989735536,1.3309916361399772,-0.9062501921461351,-0.2995565411652975,0.5066949979750759,2.8521083921836032,1.452961571100841,1.6714668273925781,2.4597224725316367,1.4081813549209896,1.6617045569217792
41.23989200592041,0.4014478078568569,1.8530368118395026,-1.3158391838374879,-0.0512565536583435,1.3037198449119625,-2.361900832811026,-0.5365407194155225,-1.3635095902400376,2.8521083921836032,1.452961571100841,1.6714668273925781,2.4529392473177287,1.4122079311269289,1.6586810130266822
41.26003980636597,0.4028377487691898,1.8588112588101504,-1.3326887302687125,-0.05770122084217891,1.2945233150497772,-0.8362970676007749,-0.3198695163400182,-0.4564532931044295,2.8459382744901593,1.4621676966009247,1.6714668273925781,2.446048541188591,1.4161864204316332,1.6555867998336342
41.279934883117676,0.404303117675341,1.8622938748747222,-1.3612641193114698,-0.09752664187107482,1.2671176062214693,-1.4363045390263567,-2.0017726760202077,-1.3775120935863594,2.839768156964554,1.4713738216513164,1.6714668273925781,2.4391869978800993,1.4200376972557334,1.6524839856507165
41.299970626831055,0.40555595655517707,1.8552914357303834,-1.3750110009314183,-0.10370637656838169,1.2412477779521476,-0.6861178609890537,-0.3084355033539554,-1.2911838282322952,2.833598039486917,1.4805799467346796,1.6615982055664062,2.432219178586335,1.4238375940559553,1.6493120616628434
41.319910764694214,0.39853857725649006,1.8369081868349884,-1.3622604206147773,-0.09526508436746621,1.2285775502540788,0.639442936861465,0.42333168701463036,-0.6354132446334761,2.8193847247407824,1.484395371441366,1.6615982055664062,2.425226693582881,1.4275401284069935,1.6461086808849834
41.339937925338745,0.40518743189668455,1.85574187323367,-1.4107457247604567,-0.10819798297884844,1.2007779131139167,-2.4209774418980925,-0.6457679568727971,-1.3880967768515526,2.8193847247407824,1.484395371441366,1.6615982055664062,2.4181452505778656,1.4311783006415886,1.642845000080734
41.35989212989807,0.4070683910934256,1.8429830115431018,-1.421012990291092,-0.11643128643753901,1.167798020977493,-0.5145414591751583,-0.4126099556718485,-1.6527790941688836,2.813214607311114,1.4936014965577016,1.6615982055664062,2.4110310047670898,1.4347220344957623,1.6395474953874358
41.38012742996216,0.40921683223677985,1.8522320694571581,-1.4516172774777214,-0.15871846842439047,1.139464508720974,-1.5124207246595338,-2.089772914309368,-1.4002022291136915,2.8070444904089973,1.5028076209065402,1.6615982055664062,2.40375654829269,1.4382319233791523,1.6361574740841935
41.40007710456848,0.4019726334593657,1.8505934064236464,-1.4290078334479988,-0.14376818292341884,1.167031823654278,1.1333239501839476,0.7493999674677899,1.3818428359010062,2.7928311764064255,1.506623046689386,1.6499958038330078,2.396525199055433,1.44160878408803,1.6327703568276577
41.41999959945679,0.408801723633111,1.885589257729904,-1.454328272194655,-0.1266048461110589,1.1934602375039207,-1.2709471824996794,0.8615053942081654,1.326561457177531,2.7928311764064255,1.506623046689386,1.6499958038330078,2.389244403253013,1.4448973349003362,1.6293438720794524
41.440128326416016,0.4111644785324201,1.8955138062849322,-1.4854098321226417,-0.1701285782793028,1.1651551344361142,-1.5441393780611865,-2.162269489590814,-1.4062043329982852,2.7866610586650133,1.5158291721564978,1.6499958038330078,2.381827781800889,1.448133971147651,1.625837862888799
41.46005034446716,0.40480090035617017,1.8820590516937818,-1.464944056047048,-0.1650880823095976,1.1699705602254533,1.027294324452987,0.25301131425362255,0.24171375495073286,2.7724477468208213,1.5196445971627055,1.6499958038330078,2.3744270828924745,1.4512513585242932,1.622324791496029
41.479917764663696,0.4073934305308131,1.8933806152379027,-1.4957473167427038,-0.20937954181113255,1.1418363832382556,-1.550440892221675,-2.2293513230904365,-1.4160961367348028,2.7662776288636017,1.5288507230465376,1.6499958038330078,2.3669866961745676,1.4542740021632552,1.6187792855408814
41.49992322921753,0.41368307189986675,1.904866232573238,-1.5168479847648428,-0.19218091884225316,1.1361135724677984,-1.0547452155064407,0.8596962556205259,-0.28606237835955384,2.7662776288636017,1.5288507230465376,1.6371269226074219,2.359433819634604,1.4572296681313581,1.6151673378803386
41.51999020576477,0.4075983331584732,1.8832764993454514,-1.4940200449352798,-0.18803456665083473,1.1310514931084592,1.1375874076407069,0.2066256559206706,-0.25225919547083697,2.75206431601207,1.532666147360334,1.6371269226074219,2.3517960978399346,1.4601047391049877,1.6115027787803513
41.53991150856018,0.4104833766528407,1.8970112906542467,-1.5257177434161022,-0.23374634877516215,1.102814512386035,-1.5911458606073439,-2.2946181077504306,-1.4174264109338308,2.745894198582402,1.5418722724766694,1.6371269226074219,2.344152412396162,1.462869115345533,1.6078243475751781
41.55994892120361,0.404669948451783,1.8537558108162864,-1.4919174408082543,-0.22988088724964967,1.0759868649870266,1.6868596364873583,0.19291220849211835,-1.3388778220226583,2.731680884675768,1.545687698325459,1.6371269226074219,2.3364021910530868,1.4655582978288217,1.6040845146448555
41.57997369766235,0.41212370654724406,1.8734328912248914,-1.5332675082961826,-0.24835547108144973,1.047454584175554,-2.0649452728287634,-0.9225862705566654,-1.4248489050682516,2.731680884675768,1.545687698325459,1.6371269226074219,2.328594403384996,1.4681532988725048,1.600307702078836
41.60004234313965,0.4141809987824922,1.887418030104266,-1.5168283727671508,-0.2541384108548213,1.0940713761265357,0.8191452456335743,-0.28815795166216995,2.322866882257826,2.725510767773651,1.5548938226742979,1.6206531524658203,2.3207065630683013,1.4706601992233697,1.5964839099113008
41.61996936798096,0.4085482613560411,1.8696742949303522,-1.4736073290297544,-0.2531084779018184,1.1225415392613884,2.1689662195732993,0.05168523455984587,1.4287212146107364,2.7112974542265245,1.5587092459449066,1.6206531524658203,2.3128116765289612,1.4730555107318237,1.5926495013849455
41.64005374908447,0.4121299167942975,1.870421240973397,-1.4868297626533076,-0.30146891910576357,1.0940426711906506,-0.6583440911325189,-2.4078631527002856,-1.418956746730391,2.705127336269305,1.5679153718287386,1.6206531524658203,2.3047909667475315,1.4753740121662082,1.5887477249211082
41.65994477272034,0.4107779950725974,1.8506334583164288,-1.46261168483792,-0.27233903863051245,1.1006555793951234,1.2175380341774589,1.4644736745839892,0.3324569074740568,2.6970841404158272,1.5625246718596402,1.6206531524658203,2.2967842691908413,1.4775744795937693,1.584847577940139
41.68019127845764,0.4146477229564144,1.8527835017627121,-1.476628591705135,-0.321790289741694,1.0718328768940446,-0.6923123944981977,-2.4424585532340224,-1.4235889824668473,2.6909140232499347,1.5717307965922274,1.6206531524658203,2.2885696918693736,1.4797153696431689,1.5808419183446436
41.699936628341675,0.4079863028563074,1.8243465299522492,-1.4317293726661569,-0.3197007569640236,1.084519566808463,2.273913569659518,0.10582404413912405,0.6425153258326088,2.676700710230565,1.5755462213557159,1.6027450561523438,2.280494985599238,1.4817061950772166,1.5769013614518141
41.7199764251709,0.40293177555711335,1.7891424986611193,-1.3897588316974827,-0.3192616733457441,1.0805893087416127,2.094359604857338,0.02191058232881798,-0.1961226503613503,2.6624873964198676,1.5793616472704497,1.6027450561523438,2.2722356688903105,1.4836276169953655,1.5728686380087058
41.74000263214111,0.41088954814746836,1.8025094782266522,-1.422986102759874,-0.3417431933770083,1.0523129573609116,-1.659189436712131,-1.1226049977762218,-1.4119673996557032,2.6624873964198676,1.5793616472704497,1.6027450561523438,2.2639169605928,1.4854469919119546,1.568805905156081
41.760016441345215,0.40608674779506254,1.7553157445547833,-1.3815551700098567,-0.34139049395302923,1.0275656698914457,2.0701173038826903,0.017622803354536073,-1.2365106121024796,2.6482740834484657,1.5831770720669103,1.6027450561523438,2.255538181671662,1.487163578135413,1.564713921888454
41.78022265434265,0.41061983532886104,1.7616354161198808,-1.3966292343898246,-0.3934168373398744,0.9990041606885575,-0.7460113570949795,-2.5747696212766615,-1.4135013427064103,2.6421039660667667,1.5923831972162177,1.6027450561523438,2.2470124463662904,1.4887924897608311,1.5605513889123228
41.79998302459717,0.404158220031391,1.7623393337180546,-1.350428550837165,-0.385719812148518,1.064613959503511,2.3380474635640787,0.3895182677357526,3.3202717342787182,2.6278906520880256,1.596198621320267,1.5806636810302734,2.238609836817452,1.4902832180716565,1.5564512661175873
41.81995940208435,0.41231761122552224,1.7837255230197988,-1.3584373497439868,-0.3763456743083812,1.093018134214688,-0.4009134745256233,0.4692611483814597,1.4218881641279588,2.6278906520880256,1.596198621320267,1.5806636810302734,2.230049914898295,1.4916864052200325,1.5522778210843333
41.84003710746765,0.40793947238724804,1.7680213209961981,-1.3493708371803559,-0.41325022335931405,1.0650455333730122,0.4515711527061143,-1.8380859937125822,-1.3932170189598205,2.613677339116624,1.6000140461167276,1.5806636810302734,2.221379922224738,1.4929904650183292,1.5480553550932579
41.85990262031555,0.4036561827605456,1.7529581171289625,-1.3156711561098922,-0.4154235014005835,1.0813393934712896,1.6963911945533028,-0.10939954371724812,0.8202083793673365,2.5994640249220757,1.6038294706374974,1.5806636810302734,2.2127354192495923,1.4941748788242581,1.5438510482841137
41.879971504211426,0.39964855877485866,1.7448459358452473,-1.3068952655702832,-0.45341455931876673,1.0634506768362244,0.4372884204792855,-1.8930329217756776,-0.8913657943251616,2.5852507125261943,1.6076448946994328,1.5806636810302734,2.2039354217296028,1.495263422024488,1.5395781101453125
41.90000319480896,0.4063854330745136,1.7731489626333847,-1.3181165709658227,-0.4433063880215893,1.1000479059442831,-0.560177651551824,0.5046089968273434,1.826966572285402,2.5852507125261943,1.6076448946994328,1.5578346252441406,2.19508422443264,1.4962406513835504,1.5352885312339128
41.91997814178467,0.40237401311313176,1.7613151210195384,-1.2893595067679124,-0.4459597211711853,1.1139582330285975,1.439656597480953,-0.13283305096242895,0.6963886863495086,2.5710374014016333,1.6114603213304082,1.5578346252441406,2.1861906405661173,1.4971053234338463,1.5309878086869537
41.9400897026062,0.3986197314222751,1.7613656453570123,-1.2813947169832356,-0.48563183343817284,1.1066156687318578,0.3960304153096386,-1.9726023563775854,-0.36509171823591857,2.556824086151982,1.6152757473861714,1.5578346252441406,2.177167930762429,1.4978640756082844,1.526635373901968
41.960087060928345,0.3950210499662823,1.7304804670090472,-1.2543717470502096,-0.4883313877408778,1.087495573622773,1.3513269851799783,-0.13499554587246076,-0.9561310449647099,2.5426107741158135,1.6190911711303029,1.5578346252441406,2.1681281503771612,1.4985062014301467,1.5222866363180214
41.980090379714966,0.4039192784961648,1.7483455190139978,-1.2903208386353962,-0.5172507791703198,1.0602998720584997,-1.797156360335093,-1.4457296680580964,-1.3595594738240446,2.5426107741158135,1.6190911711303029,1.5578346252441406,2.159017278284955,1.4990354071790664,1.5179168718102543
42.000197887420654,0.39863430520311105,1.7735312376592385,-1.2626804144904131,-0.5110394442599885,1.1357332029248202,1.3746320304611128,0.3089062553771454,3.7515007812221355,2.528397459969234,1.6229065956840445,1.5315208435058594,2.1497897495754783,1.4994522859555888,1.5135057297222683
42.02002286911011,0.3951841377212894,1.7833328771911974,-1.2421644713147477,-0.514857085161403,1.171420402303755,1.0348530705871912,-0.19256718423329225,1.8001126022689093,2.514184146086635,1.6267220221144145,1.5315208435058594,2.1406235659923967,1.4997493038761696,1.5091395001733776
42.040151596069336,0.3949713038140713,1.7917025065462022,-1.2543236856268591,-0.5290562201190017,1.1648903294271056,-0.6040726935558499,-0.705416442200219,-0.3244155921969846,2.5061409505928705,1.6213313218275116,1.5315208435058594,2.131247435525431,1.4999339926388853,1.504690419304308
42.060073375701904,0.4011924234157748,1.8111854337040423,-1.260876339135943,-0.548932586326327,1.1786672763498323,-0.32891908403461584,-0.9977204132321211,0.6915520187867137,2.4999708337866906,1.6305374462422941,1.5315208435058594,2.121898329186301,1.4999997772277083,1.5002725021154868
42.07994818687439,0.3983168640391745,1.8160888459060245,-1.2541581292488257,-0.5922230361399525,1.1724069082569148,0.33802635048014545,-2.178156533811839,-0.31499006650107214,2.485757520215836,1.6343528723218879,1.5315208435058594,2.112502269678582,1.4999483754246743,1.4958519027004389
42.099995374679565,0.3966677383849533,1.8367795128353852,-1.2568149913527888,-0.5666598434973249,1.2137016429297078,-0.13253041422982775,1.2751510531580756,2.0598766806649818,2.4777143244103272,1.6289621723857615,1.5059318542480469,2.102954697953361,1.4997770613922863,1.4913811102508379
42.11992311477661,0.3938360721037076,1.8273737199435676,-1.2429334059737398,-0.570334132984541,1.2120768281786771,0.6965960671630227,-0.18438064072106364,-0.08153532428253496,2.4635010111510116,1.6327775958542017,1.5059318542480469,2.093393978125256,1.499486812992081,1.4869265129211424
42.13992762565613,0.39127791927430056,1.834413691243398,-1.2370870573792794,-0.6154994464801974,1.206585941600711,0.29225151415457656,-2.2577564514163084,-0.2744824210417702,2.4492876986832286,1.6365930204317738,1.5059318542480469,2.0837259901347958,1.4990741148835363,1.4824457312901893
42.159889459609985,0.39146386674529937,1.8137009134537259,-1.24365707891827,-0.5907398689841958,1.180616144524498,-0.32912915487511935,1.240345829608357,-1.3009725026389443,2.441244501918349,1.631202319836208,1.5059318542480469,2.074007994469948,1.4985400816529104,1.4779669275633545
42.17988991737366,0.389237997769062,1.8222548841376909,-1.2382687022726853,-0.6369799239000344,1.1753978306445418,0.2694126659126736,-2.311949829459774,-0.2609097222481855,2.427031190410142,1.635017747333596,1.5059318542480469,2.064200204106424,1.4978815388811861,1.4734733481758835
42.199894189834595,0.3855984411813493,1.8604757294713692,-1.2270502465183857,-0.6313677146456331,1.2478351018361131,0.5608029872721415,0.28055053066090346,3.6210900112973423,2.4128178774148075,1.6388331726786647,1.4776954650878906,2.054319205684039,1.4970982039948502,1.468974291946655
42.22004222869873,0.39539123070942517,1.8969073388913102,-1.262345116162063,-0.6267765291647782,1.2696036556853694,-1.7517769288455864,0.22787257419020518,1.0804304079443225,2.4128178774148075,1.6388331726786647,1.4776954650878906,2.044294873012935,1.4961821725398574,1.464439798076025
42.24000883102417,0.3934432274674733,1.9074415353507868,-1.257693602494689,-0.674800092138637,1.2653793299540599,0.2329647073426927,-2.4051945439245794,-0.21156958316975502,2.3986045639396845,1.6426485965638256,1.4776954650878906,2.0342888767942724,1.4951475476754823,1.45994458013455
42.25995373725891,0.3939869384273315,1.9076231676018398,-1.2696257793666867,-0.6537088467717664,1.2648087893397713,-0.5982568547358523,1.0574752830942167,-0.02860583086095572,2.3905613684938887,1.6372578963098947,1.4776954650878906,2.024222072682658,1.4939869709383233,1.4554542884318042
42.27990221977234,0.39238592941322065,1.919691681058197,-1.265414990227958,-0.7028228422362142,1.2609445290183996,0.2110831806827655,-2.4620416831900913,-0.19371199382061,2.376348053268068,1.6410733206868613,1.4776954650878906,2.014081582697589,1.492698138305127,1.4509648243347715
42.2998833656311,0.38987294609484746,1.9350125702660115,-1.2593880068994494,-0.709133891414946,1.2866019661153967,0.30163351847335484,-0.31585021316300055,1.2840823683664044,2.3621347413280414,1.6448887467573132,1.4526538848876953,2.003852210259764,1.491277818615105,1.446471265436842
42.319942474365234,0.390597724619276,1.927940927346761,-1.2727993414847014,-0.6888905217578132,1.273722067284322,-0.6685907516136265,1.0091858978105255,-0.6420972637313359,2.354091545930214,1.6394980465363542,1.4526538848876953,1.9935099564661045,1.489720712118505,1.4419651098420692
42.33999705314636,0.38940492851237873,1.9427754086263909,-1.2694728264461745,-0.7400198016273793,1.2708995729315418,0.16587309436073755,-2.5495065454917776,-0.14074064499605518,2.3398782335583674,1.6433134711798703,1.4526538848876953,1.9830967142667673,1.4880314959480585,1.4374665872408026
42.359944581985474,0.39038782744747064,1.9147600518827006,-1.2827330504316956,-0.7200232742220507,1.2257522026064636,-0.6647552231894314,1.0024563727473472,-2.2633064320507352,2.3318350378008277,1.6379227712767157,1.4526538848876953,1.9726660890232548,1.486218917483992,1.4330003152982986
42.37988495826721,0.38951857728754596,1.918844829899013,-1.2796650895791148,-0.7720950575862946,1.2034500246347848,0.1538567181097005,-2.611374160071998,-1.1184431856535961,2.317621723150732,1.6417381971795344,1.4526538848876953,1.9621662985015744,1.4842740668061614,1.4285455712727135
42.39993500709534,0.38983852910573563,1.9376703371580608,-1.2926815033059749,-0.7426946436530057,1.237717872861975,-0.6491961111137735,1.4663512386088418,1.709115450089151,2.309578527752904,1.6363474969585752,1.4276084899902344,1.9515351018425329,1.4821835576751912,1.4240780845861731
42.41986846923828,0.3890709015033414,1.9373520881885247,-1.287556103560728,-0.7537097150895271,1.235902123621291,0.25712541597101035,-0.5525919861553135,-0.09109051040221658,2.2953652140621794,1.640162923520833,1.4276084899902344,1.9408922508308586,1.4799700806762033,1.419649982844721
42.440054178237915,0.39052659699207004,1.9456099410216547,-1.304688200615849,-0.7798096533414809,1.214530216310613,-0.8487240678755346,-1.2929909101744848,-1.0587642629280787,2.287322018664352,1.6347722232998743,1.4276084899902344,1.9300399900081713,1.477590352933613,1.4151813187234243
42.45997929573059,0.3901579245291538,1.9346499753457662,-1.299861083912691,-0.7906798768827683,1.195013398220852,0.2422628978189126,-0.5455537988813953,-0.9795083063844049,2.273108707347814,1.6385876486687734,1.4276084899902344,1.9192537462482688,1.4751039439782598,1.4107873461884173
42.480170011520386,0.39193299800821046,1.9451687713435875,-1.317510867781405,-0.8180159581594201,1.174179098129726,-0.874153450153301,-1.353893619287552,-1.0318752593038993,2.2650655096235632,1.6331969474137684,1.4276084899902344,1.9082486332240256,1.4724442301957938,1.4063539480939975
42.50002360343933,0.3911260349514997,1.9467909252350646,-1.312317200233209,-0.8279402006710344,1.1757267950771886,0.26159838327490614,-0.4998713861013764,0.07795551322809774,2.250852197563667,1.6370123739668847,1.4066410064697266,1.8973532155889692,1.469690390747215,1.4020151129159657
42.519893407821655,0.39280087353271037,1.9365912611199427,-1.326034693054184,-0.8111522737511618,1.1550106901025403,-0.6903687906045871,0.8448964366658146,-1.0425922961313547,2.24280900015116,1.631621672361103,1.4066410064697266,1.886375333013386,1.466795897499468,1.3976949950657254
42.54008340835571,0.3931844229911048,1.9495271647800194,-1.3254941260152235,-0.8686170895795482,1.1354408129905822,0.02677399824970679,-2.8462017983333636,-0.96928561635977,2.2285956873477,1.6354370978380597,1.4066410064697266,1.8751451002448896,1.463712056254805,1.393329994008006
42.559942960739136,0.38559787024985065,1.9050034413083532,-1.3144387794481758,-0.836441665179622,1.0961998664618597,0.5566765228946385,1.620148519902372,-1.9759230103029726,2.2125092970798006,1.6246556988890217,1.4066410064697266,1.8640241364547805,1.4605374235467339,1.3890625519287954
42.57995343208313,0.3862884746729497,1.9202889137109573,-1.3138749022179896,-0.8946447904750292,1.0774288618367192,0.028179107852718228,-2.9086333997262894,-0.9380590942838753,2.1982959842763408,1.6284711243659784,1.4066410064697266,1.8527439107745722,1.4571961403126217,1.3847908348158273
42.59989953041077,0.38779626445244114,1.9498254732985343,-1.3368690374695436,-0.8698682341363955,1.1215747002404868,-1.152813691873459,1.242175583999006,2.2132568324202264,2.1902527876553664,1.6230804238693284,1.3853626251220703,1.8414251057379674,1.4537223613907138,1.3805628621184158
42.61996865272522,0.3887349362294762,1.983462950728994,-1.3518877248643755,-0.8866678518466702,1.1490626513716309,-0.7483479924787718,-0.8370878131614247,1.3696638398256302,2.1760394748998744,1.6268958493792571,1.3853626251220703,1.8299609857559815,1.4500819914391894,1.376341004560059
42.640021562576294,0.3912393085979487,2.026231685245833,-1.3911850580216742,-0.9185893230354092,1.1516998880944416,-1.9596823328457564,-1.5918622995768863,0.13151391705226326,2.16799627928624,1.6215051495750186,1.3853626251220703,1.818430326553469,1.4462982827942472,1.3721567508573314
42.660075187683105,0.39394135408995723,2.0553409763672903,-1.4255604814432812,-0.9077424974621336,1.1697039801517544,-1.7141750301261385,0.5408910117498532,0.8977973788488459,2.1599530836246363,1.616114449737808,1.3853626251220703,1.8068233816575772,1.4423673964761694,1.3680085036005887
42.679919719696045,0.3857057195256486,2.074036149776784,-1.4210316939282222,-0.9520077045943002,1.173020121662661,0.22821336941108378,-2.2305996988643413,0.16710605766587913,2.137696574559915,1.6145391744003101,1.3853626251220703,1.79526260183561,1.4383319345127752,1.3639410236351361
42.69988298416138,0.39750538892170334,2.1313647516255942,-1.4797840972154366,-0.9562886881484616,1.199360944428165,-2.943025845760004,-0.21444306173450264,1.319464700337319,2.137696574559915,1.6145391744003101,1.3667430877685547,1.7835575370374848,1.43412549455281,1.359888859266004
42.719905853271484,0.38962970614118997,2.127752930776352,-1.4703697452382782,-0.9581583673181375,1.2030286321835895,0.47017996898386727,-0.09337718582658817,0.1831749353829142,2.1154400652314167,1.612963899446561,1.3667430877685547,1.7717417474573038,1.4297578008740244,1.3558665206288267
42.73989915847778,0.3927338349757653,2.1741467538528436,-1.5106645352981052,-0.9929438171901651,1.2078366383684682,-2.015414142086532,-1.7398548920800017,0.24048080771377447,2.1073968715844926,1.6075732009941728,1.3667430877685547,1.759867583210902,1.4252472196762156,1.3518940004645699
42.75997042655945,0.3949764125626069,2.175866461647524,-1.524728642049586,-1.0123065890808585,1.1767891895915843,-0.7007084302923693,-0.964700975140734,-1.5468603503555187,2.093183557126271,1.6113886270288793,1.3667430877685547,1.7478708801082188,1.4205682372571244,1.3479521213535868
42.779908657073975,0.3983520451116824,2.2136869565711157,-1.5653569247194845,-1.0482392276482673,1.1624380248190485,-2.037707540812009,-1.8021979704382198,-0.7197812645450173,2.085140361560605,1.6059979272576124,1.3667430877685547,1.7358779474196535,1.4157699355018285,1.3440841145867057
42.79995608329773,0.39151715871351067,2.2909339904826536,-1.5730370269156453,-1.0182998182814895,1.3179524045992883,-0.38309666839229267,1.4934290832456845,7.757323959918882,2.0690539692780274,1.5952165269237522,1.346109390258789,1.723743251865615,1.4107936370393905,1.3402449470690208
42.819915771484375,0.3940798141712488,2.3363816652097045,-1.58941492521078,-1.0437922581054913,1.3575482322791776,-0.8205488052710573,-1.2771962961354297,1.9837898923882913,2.054840656930217,1.5990319521488483,1.346109390258789,1.7115857781166424,1.4056872982984716,1.3364744052872257
42.83999276161194,0.39785678858371804,2.386183251171366,-1.6311799153771998,-1.0818634039735577,1.3648055418203455,-2.080241604994414,-1.89625763753298,0.3614739806642829,2.0467974613165816,1.5936412523446095,1.346109390258789,1.6992805102642636,1.4003975114855973,1.332735925028523
42.86004281044006,0.4017989555423598,2.381764599281314,-1.6646837375427412,-1.077287947058568,1.3195004128353827,-1.6710095049017708,0.22820178415584028,-2.259601927822318,2.0387542654391715,1.5882505529241193,1.346109390258789,1.6869152791561306,1.3949606043720595,1.3290587540537835
42.879883766174316,0.3952514251699437,2.407852916018189,-1.662507032675757,-1.1275972883882828,1.327535455910816,0.10970766207731025,-2.535630944575018,0.4049725821202119,2.016497756518355,1.5866752776855375,1.346109390258789,1.674603702291034,1.3894280691489833,1.325477291300744
42.90016746520996,0.398958643296397,2.38033738931769,-1.6905246937854725,-1.119611608768131,1.2468368747341922,-1.3812895301039607,0.3936993743655244,-3.978494308893663,2.0084545606409447,1.5812845782650473,1.3266220092773438,1.6619401955266535,1.3836149576825783,1.3218770193801845
42.91995096206665,0.40234463502118417,2.371683811502399,-1.6932389200607418,-1.1411509369568023,1.2064827393778546,-0.1371964873010569,-1.0887523244601809,-2.039787791241397,1.9942412472860003,1.585100005058109,1.3266220092773438,1.6495134904203388,1.3777914907357063,1.3184269579573447
42.940001010894775,0.4067399074667471,2.417191207038525,-1.7361057140537726,-1.1822403670382704,1.1962683626843174,-2.137989506185131,-2.0493431429369076,-0.5094439809647289,1.9861980527276732,1.5797093059792533,1.3266220092773438,1.6368435859549875,1.371734289722717,1.314994391932254
42.95991134643555,0.40155356396155995,2.3748443645698205,-1.731247849970364,-1.1590322272950022,1.1398732096130746,0.24398705252660247,1.1656327788019245,-2.8324561861732227,1.9701116605410325,1.568927905711337,1.3266220092773438,1.6241863894626731,1.365564060764663,1.3116514338675822
42.98005986213684,0.4058305078758199,2.4236002336208453,-1.755917725269736,-1.2298137236396134,1.130552625771238,-1.224401621693037,-3.5129881224980535,-0.46259406797087677,1.9558983480253835,1.5727433313861254,1.3266220092773438,1.6113012851676847,1.3591621279099577,1.3083371818440612
43.00001239776611,0.40045380389310836,2.4050388667090425,-1.742669143232127,-1.1975430674670329,1.145952359031286,0.6640049306902059,1.617371183902866,0.7718183566330753,1.9398119555269988,1.5619619314689852,1.3115196228027344,1.5984655981893745,1.3526654310952435,1.3051252255598866
43.01998996734619,0.405345834536686,2.423183235943255,-1.7597761941975418,-1.1949970749309495,1.160597575475029,-0.8563129211910802,0.12744255630686108,0.7330829901524937,1.9317687599133637,1.5565712316647466,1.3115196228027344,1.5855382682254924,1.3460036449740644,1.3019810884772058
43.039979696273804,0.4003675553299582,2.4474857592866304,-1.7597988139873655,-1.250486248156189,1.153073640047232,-0.0011315706133667052,-2.7758842266535604,-0.3763900678715143,1.9095122506089017,1.5549959572925776,1.3115196228027344,1.5725274947916141,1.3391802372159218,1.298908965585731
43.0601589679718,0.40571817497192864,2.4565716978063046,-1.7762571968237504,-1.2482223801452157,1.1496067879494258,-0.815608366976778,0.11218779571701883,-0.17180263736426138,1.9014690550432356,1.5496052575213106,1.3115196228027344,1.5593168344941195,1.3321319363278625,1.2958847244994876
43.08022713661194,0.40133020780136275,2.4834314102191493,-1.7769081474691104,-1.3051648229194723,1.143054587381788,-0.03243697305084994,-2.837450880314543,-0.3264971849266514,1.8792125464343687,1.5480299841923293,1.3115196228027344,1.5461026713041504,1.3249624336983183,1.2929558219737778
43.099990367889404,0.406211427933724,2.484764880891162,-1.7894280640972895,-1.300194707945977,1.1320324368852561,-0.6334954265527614,0.2514829130782005,-0.5577099383084843,1.8711693519240105,1.5426392851464459,1.2992172241210938,1.5330150432089868,1.3177455920950571,1.2901500025440444
43.1200008392334,0.4021512725574973,2.4636721608126875,-1.7790002495910344,-1.281545503674359,1.1236012415134322,0.5211178850809446,0.931972263472708,-0.4213391692222388,1.8550829584662547,1.5318578845698665,1.2992172241210938,1.5196889372700264,1.3102803035033497,1.287390469107583
43.14022612571716,0.4081054617959789,2.519196708755555,-1.8244846700418687,-1.3289009062578592,1.1187627664228357,-2.2488888099234456,-2.341395886852506,-0.23922900150168483,1.847039763907928,1.526467185491011,1.2992172241210938,1.5061434767832598,1.302572911311991,1.2846864511831226
43.160006046295166,0.40422396131202953,2.396013578113657,-1.7843408184722989,-1.3280875076756984,0.8906135424494552,2.02952541751929,0.041122439241002715,-11.534385240510174,1.8247832551791912,1.5248919126446938,1.2992172241210938,1.4928220319569077,1.2948774199060298,1.2821265744631822
43.17989540100098,0.41021752860212846,2.454375415448454,-1.828997882330382,-1.3755609928550587,0.8868807029834143,-2.2452746465945896,-2.386879106011985,-0.18768027023774916,1.8167400586061853,1.5195012121810159,1.2992172241210938,1.479353202448943,1.2869819369528925,1.2796387483847482
43.20015335083008,0.406618670699066,2.390282903850661,-1.7848358635835928,-1.3352635692349337,0.8630669158185494,2.1799846045303317,1.9892152937527634,-1.17552799596014,1.8006536658919934,1.508719812680596,1.2905006408691406,1.4655590819295696,1.2787777811202066,1.2771955560514303
43.220154762268066,0.4132288426235557,2.3964713439171854,-1.7503017482110306,-1.3580649236657207,0.9138809307204471,1.7265839203213569,-1.1399872704723655,2.5405214556702527,1.7864403538319942,1.512535238103524,1.2905006408691406,1.4518647003175298,1.2705165499339541,1.2748749239878918
43.24012088775635,0.410032550990622,2.4150762398942387,-1.7511226248439917,-1.390919028028447,0.9118700865417088,-0.04111346657832799,-1.645492230428447,-0.10071278876407651,1.7703539621731101,1.5017538393284873,1.2905006408691406,1.4381204909403436,1.2621103483049343,1.272650972117374
43.260149002075195,0.40704957420637844,2.391540226530184,-1.711886101651269,-1.3692974052874074,0.9559996056267166,1.9590722605272344,1.0795635773205206,2.2033786297834,1.7542675697706624,1.4909724394772912,1.2905006408691406,1.4242596008850175,1.2535178908849378,1.2705148037246312
43.28004193305969,0.4046253593204592,2.414402491097378,-1.6938101732424986,-1.4311615337609878,0.9550513862197876,0.9086608917940385,-3.1098548786899336,-0.04766614872730335,1.7320110619291897,1.4893971655456728,1.2905006408691406,1.4104190591749264,1.244824607691728,1.2684886188245534
43.300116777420044,0.4113543686222007,2.408215632074575,-1.679595873628686,-1.4258578192011626,0.972311529953616,0.7080652461687961,0.2641970450490837,0.8597896663108265,1.7239678668433114,1.484006467234314,1.2848854064941406,1.3963783473584477,1.2358914766046247,1.2665421588788832
43.32008743286133,0.39911154432875506,2.359899081038434,-1.6198142571068508,-1.390104502424047,1.006446678915391,2.993472933204393,1.7902926061808073,1.7092653299305,1.6998382786593904,1.4678343680285717,1.2848854064941406,1.3823373093035194,1.226844896860928,1.264705365341916
43.340006828308105,0.40629149458182784,2.408774620398221,-1.6459015630419325,-1.4417914128796305,1.0071944888636333,-1.3096434580449186,-2.5948031702912777,0.0375417994105484,1.6917950818226088,1.4624436679486421,1.2848854064941406,1.3682598790626903,1.2176628820889819,1.2629738109666355
43.36007738113403,0.40488646102685316,2.388348350067578,-1.5950549416534794,-1.4520583913956155,1.0254433199133506,2.5333941635512858,-0.5115443807168992,0.9092341007240681,1.6695385739813415,1.4608683962774003,1.2848854064941406,1.3540028196915022,1.2082511313766813,1.2613322419154358
43.380003452301025,0.40273146945887695,2.420957798104573,-1.5966945002787256,-1.4882901939501438,1.0471846215328302,-0.08228208217795491,-1.8183114097548128,1.091098262034434,1.653452181315118,1.4500869968099526,1.2848854064941406,1.339776307390727,1.1987483285264222,1.2598064026116618
43.40004754066467,0.400310714205252,2.41402683911492,-1.5616296953133584,-1.459444856787535,1.121988852297156,1.7493838746471395,1.4390944920659734,3.73198468332403,1.637365788696863,1.4393055973754767,1.2752304077148438,1.3253934806468817,1.189029897361368,1.258377488088427
43.420228004455566,0.3997601182524738,2.42984658612638,-1.5198035561482675,-1.474891716707817,1.1912371748798691,2.072605446459808,-0.7654363190231706,3.4314534740257816,1.6151092823183797,1.437730323884409,1.2752304077148438,1.3108401380006736,1.1790841784600927,1.2570476846364325
43.44010829925537,0.398005372509226,2.4653889520715113,-1.5216158023698223,-1.5123928102602964,1.2146999721938208,-0.09115791490036916,-1.8863449425733743,1.1802036916566312,1.5990228886448168,1.4269489237245498,1.2752304077148438,1.296432180967507,1.1691284860888151,1.255845823353273
43.46023440361023,0.39662286367374633,2.4653673925280644,-1.5010478662382551,-1.4996394887225521,1.2553776671847288,1.0219531693227109,0.6336706454900994,2.0211410153544445,1.582936496026562,1.4161675242900742,1.2752304077148438,1.281774767009066,1.1588905423787759,1.254739835673805
43.48006010055542,0.3951270439194185,2.5023165942813628,-1.5029733783685582,-1.537758399824686,1.2798275140423818,-0.09712203992758621,-1.922702198440555,1.2332402197635939,1.5668501064303253,1.4053861269328318,1.2752304077148438,1.2672661743773217,1.1486491130876133,1.253760563421057
43.500051736831665,0.3934650475913906,2.4911132035522523,-1.4848850155100652,-1.5231289147897389,1.2964720562192888,0.9047965163304941,0.7317802721496316,0.8325752803278418,1.5507637138120702,1.3946047274983562,1.264373779296875,1.2525663897358497,1.1381654363639822,1.2528851086872463
43.520002603530884,0.39386034499270667,2.4891268256011507,-1.4520226710235002,-1.5380629831635093,1.3121527260891575,1.6471637539361559,-0.748542336476802,0.7859643446208097,1.5285072043158368,1.3930294541244876,1.264373779296875,1.2378270864514496,1.1275468707560212,1.252124764474238
43.53995084762573,0.3929313821493729,2.5292738162696122,-1.4545158020437974,-1.5779695015252768,1.3385148753480505,-0.1249799735978242,-2.0005028097722564,1.3215273050373737,1.51242081275289,1.3822480554153949,1.264373779296875,1.2230207434349625,1.1167741551564818,1.2514788485907427
43.56001424789429,0.382704049254621,2.484436824679657,-1.4194473902687266,-1.54833716494836,1.3267431800176375,1.7478797863607114,1.4769349253007509,-0.5867248408966225,1.4882912250967253,1.366075957702532,1.264373779296875,1.2080598344499143,1.1057829662962708,1.2509456134944372
43.58001637458801,0.3916931655034145,2.5506533264840505,-1.4469425326729333,-1.6057115561867437,1.3542082917241856,-1.3746109513860632,-2.8684145499578975,1.373109576151397,1.480248029267283,1.360685258315014,1.264373779296875,1.1930760415600288,1.0946699019589492,1.250531252031028
43.600074768066406,0.38153039494893104,2.5231913926732394,-1.413705467858362,-1.5635358936783241,1.3868262917132832,1.6570152963832043,2.1026440903081394,1.626152165388171,1.4561184406037793,1.3445131599097402,1.253387451171875,1.1779818509433118,1.08337040737696,1.2502342684091414
43.620018005371094,0.3812113795779621,2.5315153395156806,-1.4105514469989044,-1.5434632516797189,1.4271074662711134,0.15814989368432517,1.0064886503600567,2.019791167423076,1.4400320479855242,1.3337317604752643,1.253387451171875,1.1629069909217262,1.0719823942902436,1.2500575909856617
43.64007115364075,0.38317810762616833,2.576544830130728,-1.3947272229650896,-1.6038512572092039,1.4563586027973765,0.7891141989790146,-3.0113977474983766,1.458680509061473,1.417775540696049,1.3321564908784826,1.253387451171875,1.1476819373570963,1.0603782117367722,1.250000035324595
43.66002106666565,0.383212956269934,2.5802513632004156,-1.3946161584610526,-1.5935054089553828,1.4742738482001496,0.0055671673304208075,0.5185911457812812,0.8980112033777056,1.4016891468066788,1.321375091135344,1.253387451171875,1.132468933000636,1.0486818665301474,1.2500630586272536
43.680001735687256,0.373959347445721,2.602125699439415,-1.3729236391151551,-1.619546570222162,1.5043961392277945,1.0856753256079592,-1.303317783734828,1.5075716931736165,1.377559559150514,1.3052029934224816,1.253387451171875,1.1171667360259856,1.0368165002555394,1.250247149782135
43.69997572898865,0.38382626142138704,2.6125774918426328,-1.399662161521395,-1.6248431050160224,1.4921098714806125,-1.33866683555847,-0.26517155152401406,-0.6151132405920056,1.3695163633690408,1.299812294067935,1.24566650390625,1.1018044288376596,1.0248049435743072,1.2505528359313263
43.719892501831055,0.37484791762757963,2.583483486570894,-1.3794355057636776,-1.5888245527119829,1.4990600893635244,1.0155588918828506,1.808453236326922,0.3489630543013169,1.3453867743937926,1.2836401960134378,1.24566650390625,1.086421742587266,1.0126792257778376,1.2509793430869105
43.74007225036621,0.37575410492272376,2.6189471461606098,-1.3831789168076711,-1.612940751200674,1.531052700463888,-0.18550335438878035,-1.1950693263930872,1.585382049961008,1.3293003825670697,1.2728587976880934,1.24566650390625,1.0707710552634953,1.000243163530054,1.2515359419414056
43.760218381881714,0.37678932080574223,2.5937274082194057,-1.3903552209292465,-1.583739998904461,1.5119860593449397,-0.35621251236511536,1.4494471195992302,-0.946416988506015,1.3132139897330077,1.262077398670338,1.24566650390625,1.0550818040396048,0.9876779498101476,1.2522170342376695
43.78007626533508,0.3776985598132801,2.6288723306441835,-1.3934262945077094,-1.607560908686989,1.5443706865459983,-0.1546526136924163,-1.1995694223135667,1.630819683130135,1.2971275968030087,1.2512959995866386,1.24566650390625,1.0395543585856573,0.975146978983358,1.2530113973093124
43.80016779899597,0.3697343237292567,2.5921934230669907,-1.3794499267769371,-1.5506073406050191,1.553126368770003,0.6956346870612203,2.834704858436915,0.4357896401432511,1.2729980099383762,1.2351239029829075,1.2407398223876953,1.0237816811995746,0.9623227756806103,1.2539396926931259
43.819987535476685,0.3709470769119312,2.6048000313069877,-1.38978200467993,-1.524261533889673,1.5906338229991908,-0.521302486188319,1.329271291824891,1.8924295116480117,1.2569116167925698,1.2243425043159284,1.2407398223876953,1.0081612275246488,0.949529405283243,1.254978442707636
43.84011125564575,0.37262952873493793,2.642655713749181,-1.3936422858763393,-1.5496105713411445,1.624837677313133,-0.19182741381700225,-1.2596596075926416,1.6996784901887945,1.2408252249658474,1.2135611059905842,1.2407398223876953,0.9922398936792127,0.9363962263714416,1.2561582613502562
43.85997700691223,0.37421167375779996,2.643895795413339,-1.4059308115744598,-1.523490352774524,1.6408902081104846,-0.6185784536049995,1.3148366863273122,0.8080505278669147,1.2247388318200407,1.202779707323605,1.2407398223876953,0.9764625742797358,0.9232906081650945,1.2574467122825417
43.88021206855774,0.36699545872011274,2.6606721637459114,-1.3854509748576382,-1.5330944058413456,1.6761036668345854,1.0120965814486682,-0.4746243542556072,1.7402199875145061,1.2006092425810169,1.1866076096528562,1.2407398223876953,0.9603314631174069,0.909799029969658,1.2588855004128705
43.90010690689087,0.3690111395080329,2.6300200073492888,-1.3993008778170744,-1.505776066914188,1.640609864869268,-0.6961555920950893,1.3731370152259925,-1.7840708917051828,1.1845228507542942,1.1758262113275117,1.2395744323730469,0.9444125609168921,0.8963954514064585,1.2604243773408
43.92025375366211,0.3621033206990653,2.6072045547058,-1.3895997147673036,-1.4663047910135392,1.6481742877038328,0.48152265016574375,1.9591788406806334,0.3754643553135614,1.1603932615152701,1.1596541136567629,1.2395744323730469,0.9282332860224211,0.8826833701517234,1.2621081378542924
43.94008946418762,0.37361566135838503,2.6683550571758774,-1.4175027855760254,-1.5084739441190727,1.6838381525414305,-1.4067089138467135,-2.125920977284656,1.797962558070551,1.1523500664773605,1.1542634153783762,1.2395744323730469,0.9122467067224134,0.8690479811548185,1.2638889368367892
43.95996332168579,0.3667841613655327,2.4763018113346766,-1.4073843882656307,-1.457692720523182,1.4235419828790796,0.5091310185416648,2.555177000769444,-13.097415521185708,1.128220477286305,1.1380913177405991,1.2395744323730469,0.8961733361823809,0.8552535311468739,1.2657952601417322
43.98001289367676,0.3695774611440586,2.515364999866561,-1.411178352306809,-1.4843207208032978,1.4602837869155167,-0.18922917870205522,-1.3281081657061247,1.832548049055157,1.112134085147838,1.1273099197660312,1.2395744323730469,0.8799018041874407,0.8412039606750636,1.2678418630708796
43.999971866607666,0.36264928330668444,2.4066763701766587,-1.3904303105266402,-1.4215401616540717,1.3557353248846191,1.0395345417818933,3.145480449648035,-5.238168436462742,1.088004495908814,1.1111378220952823,1.2477798461914062,0.8636485915343793,0.8270865715279445,1.2700018601935823
44.01997089385986,0.36569456016290747,2.4179730392187904,-1.392253602859777,-1.3931973267573037,1.4025778881863302,-0.09116905088153196,1.4172106742668718,2.3422420856276687,1.0719181048256552,1.1003564248460975,1.2477798461914062,0.847308342766061,0.8128111243346383,1.2722883401077911
44.04005837440491,0.3656478431922795,2.4524630372988114,-1.4151330539119735,-1.392058786795421,1.4401894747387731,-1.1389905767869668,0.05667908224376739,1.8723894451622787,1.0620018272866096,1.0803688986796602,1.2477798461914062,0.8308418170387045,0.7983435366895398,1.2747073430616274
44.06008839607239,0.36900080511953937,2.4672793743045447,-1.4170155117736902,-1.3643736727880933,1.4893015246296168,-0.09398181854056338,1.3821809315501459,2.451921955260741,1.045915436155482,1.0695875013975036,1.2477798461914062,0.8143692938591132,0.7837903206178791,1.2772408309841208
44.08007097244263,0.363278969233921,2.4842718743884777,-1.396012086886679,-1.3748365906221114,1.5272790669129557,1.051086931827888,-0.5236020441088306,1.9005328231799026,1.0217858469164582,1.0534154037267545,1.2477798461914062,0.7978837994825102,0.7691469899661697,1.2798882809179262
44.10004782676697,0.3658191256452665,2.4453816571710982,-1.3984609165731794,-1.3464254669606375,1.4870564804223134,-0.12258334804577407,1.422202074470571,-2.013459468522679,1.005699454466247,1.042634006102963,1.2625408172607422,0.7813519844558097,0.7543853071405922,1.2826538213696177
44.120068073272705,0.36043168289837063,2.438782716158322,-1.3773190053934374,-1.3071763826622806,1.5303409419552725,1.0560265166407024,1.960469581985867,2.1620343945592686,0.9815698649634472,1.0264619088159626,1.2625408172607422,0.7647339425933541,0.7394705260454819,1.285543578450435
44.14024615287781,0.36455115877653876,2.4804930720189433,-1.3813822731826138,-1.3350527369146588,1.56915999354033,-0.20137039146920685,-1.3815167150658314,1.9238228981533563,0.9654834715538652,1.0156805105327318,1.2625408172607422,0.7479348469410454,0.7243175443682729,1.2885747420942355
44.1600079536438,0.3556264497915687,2.4530384998471075,-1.3796243630143334,-1.2695458753855742,1.5818621207301597,0.0889549585635717,3.3148224852978823,0.6427616258377281,0.9475239980416771,0.9903022871402368,1.2625408172607422,0.7314343755389519,0.7093616244785756,1.2916576663555799
44.18004012107849,0.3598775650718485,2.4945047761749826,-1.3832875054512614,-1.2969330040394103,1.6208129252494061,-0.18286301014956816,-1.3671575351554883,1.9444128872340622,0.9314376066467742,0.9795208902418286,1.2625408172607422,0.7146608078292846,0.6940865470265163,1.2948969148271585
44.19999051094055,0.3538394052896521,2.448799797164818,-1.3652896656746618,-1.255886553122254,1.5985473221281654,0.9021297278418574,2.057426005253853,-1.1160485221185064,0.9073080170480373,0.963348792888884,1.2791481018066406,0.6979091724770697,0.6787611841352263,1.2982358353534371
44.21994948387146,0.358220348440271,2.4921782273496578,-1.373084869859896,-1.2475830400337304,1.664069354100877,-0.39056138871568497,0.4160290771107218,3.2828358553082215,0.891221624382019,0.9525673956818128,1.2791481018066406,0.6811048089972884,0.6633188564778976,1.3016875005929731
44.24001622200012,0.3538586375506348,2.512564210113857,-1.3519185295061273,-1.2586147041387208,1.703286301843839,1.054797257932819,-0.549748745125317,1.9543259841990313,0.8670920345674749,0.9363952987455888,1.2791481018066406,0.6641647906047372,0.6476840359644419,1.30526851088067
44.25991749763489,0.35464438389485037,2.5364435386424184,-1.379214074171881,-1.2255669822577646,1.7404884183259226,-1.3715474910598682,1.6605830946446951,1.8693332610847906,0.8571757564290792,0.9164077749924726,1.2791481018066406,0.6473208682865689,0.6320721995696673,1.308928053113429
44.279908418655396,0.3504798716012758,2.557250273778682,-1.3577927568664747,-1.2362070994222856,1.7798089221823847,1.0715522953360235,-0.5322474714199373,1.966918073265606,0.8330461686771826,0.9002356794740428,1.2791481018066406,0.6303584044447436,0.6162861055140022,1.3127107309648787
44.300007820129395,0.35433588566470087,2.5146353710142777,-1.366800655186888,-1.2353217520245154,1.7114985209201576,-0.4481674905626503,0.044048445866183304,-3.3986286283496927,0.8169597749078878,0.8894542815086166,1.2952289581298828,0.6132617836429133,0.6003116262872714,1.3166199178080409
44.31993126869202,0.3593245957275567,2.538120635781504,-1.3757084549204897,-1.2391126235364496,1.7361113198849905,-0.44710129903481083,-0.19027185479556502,1.2353684096140027,0.8008733821939009,0.8786728842685735,1.2952289581298828,0.5962741048247715,0.5843775971427086,1.3205979307205666
44.339988231658936,0.3646284869928249,2.580365273998786,-1.3790279448316003,-1.2665269932387822,1.7755214023012769,-0.16550311812339974,-1.3668255631497455,1.964907771993578,0.7847869897436899,0.867891486644782,1.2952289581298828,0.5791327137212134,0.5682392586912954,1.32470427938105
44.36022925376892,0.3572914959797376,2.5610709520116126,-1.3830128733087212,-1.2298587417678148,1.7702562777172433,-0.19687387600624662,1.811581019561163,-0.260121477829729,0.766827515511871,0.8425132616275193,1.2952289581298828,0.5617945246660989,0.5518560772743012,1.3289496779937255
44.38007044792175,0.362632469587231,2.602334295544822,-1.3856708078920001,-1.2563457087447252,1.8093246414182862,-0.1339604140156815,-1.334948228059636,1.969053041873819,0.7507411248125632,0.8317318657722987,1.2952289581298828,0.5447612459431913,0.5357045184991649,1.3332079940092243
44.40011215209961,0.3576970810160223,2.558003461725962,-1.3712322006592605,-1.2482850357548783,1.7620693606063327,0.7204281185176078,0.40219498892479133,-2.357847436155885,0.7266115336309669,0.8155597684614677,1.3143768310546875,0.5275192335840688,0.5192998537018985,1.3376044167249963
44.41989207267761,0.3631036153826208,2.6133003566131925,-1.3890035523723918,-1.2632283057175084,1.8177629474179486,-0.8984541491483351,-0.7554767423711728,2.815662812799779,0.71052514091698,0.8047783712214246,1.3143768310546875,0.5104673305369589,0.5030232755182092,1.3420349261992397
44.439929246902466,0.3601078724048739,2.6393590401831744,-1.3771400647005334,-1.2734859385835247,1.856861585962534,0.5920738891985723,-0.5119301130442314,1.951305014660625,0.6863955505269161,0.7886062750197252,1.3143768310546875,0.4931592567012665,0.48645032728866,1.3466134215573122
44.4600510597229,0.3662579284540117,2.6767169853423565,-1.394199145712621,-1.2903395198207834,1.88574825607851,-0.8477904632311959,-0.8375776769050964,1.435589843408162,0.6703091570213969,0.7778248766705506,1.3143768310546875,0.4757442980283434,0.4697241828206512,1.3513003770605596
44.480040550231934,0.35916508538040154,2.7042010469524342,-1.4109355410787878,-1.2718646047324174,1.9246622115291296,-0.8372597269852197,0.9242314145034013,1.946720724724554,0.6523496843488125,0.7524466555503475,1.3143768310546875,0.4584114176309775,0.4530280833530782,1.3560424749611681
44.49989342689514,0.3632658090614532,2.6607762050928034,-1.4356520594998887,-1.2885965887003545,1.8325261278441838,-1.2449842327840754,-0.8427989682193228,-4.640943740697056,0.6362632892604339,0.7416652572432865,1.334493637084961,0.44116608506638755,0.43636984340132484,1.360834465390164
44.51986026763916,0.36063100147038163,2.6733088717045757,-1.4355077445221749,-1.290173246320684,1.8496893883648677,0.007227732196795597,-0.0789638000594493,0.8595881912778582,0.6121337011967931,0.7254931620756331,1.334493637084961,0.4237918319042112,0.4195420340042489,1.3657341032267114
44.54021716117859,0.3674398177049926,2.7258662792465502,-1.4589527837504903,-1.3170869401382144,1.8886730101416398,-1.1517002426183232,-1.322092379439028,1.91500838284907,0.596047307115754,0.7147117644609832,1.334493637084961,0.40604847192110227,0.402311980805816,1.3708094384936937
44.55999493598938,0.36501735071719593,2.7129920330775033,-1.4553806847896644,-1.3168789829169043,1.872971590343781,0.18061177230498662,0.010514692542489563,-0.7938921313479604,0.5719177177330295,0.698539668951695,1.334493637084961,0.38878215847698905,0.3855036106790487,1.3758150538286082
44.57991075515747,0.3716184350068389,2.762979203803775,-1.4769490788031412,-1.3421395628918547,1.910847166310052,-1.0829780001233245,-1.2683676107796218,1.9017834841036996,0.5558313240117032,0.6877582710192407,1.334493637084961,0.3713689542339993,0.3685125630047703,1.3809271733197264
44.60000038146973,0.36738591323022446,2.7102901879516472,-1.4720740545761475,-1.3403917062090338,1.8390271761659074,0.24266375846023847,0.0870029464786287,-3.5749788984541784,0.5317017343172346,0.6715861758607289,1.358978271484375,0.35377812375285433,0.3513095947285016,1.3861538050024609
44.62000393867493,0.3604990978001629,2.7365746897624623,-1.483597562325341,-1.3112160864805158,1.8890451768725767,-0.5760729269790994,1.4585215733996257,2.500455303703005,0.5137422601336921,0.6462079542670032,1.358978271484375,0.33623818444809855,0.3341196333666538,1.391424882822619
44.64013934135437,0.35893221624390287,2.759572041798563,-1.4706607692139448,-1.3196722545874824,1.9263592334357915,0.6424899127844911,-0.4199651847836975,1.8531567089695964,0.4896126696956596,0.6300358580323318,1.358978271484375,0.31855918748820367,0.31675813099133393,1.396795037904701
44.66013193130493,0.36592828821266987,2.7795974356487148,-1.46484703085781,-1.3341099895218471,1.9494962468058221,0.29079465794632864,-0.7221543066739697,1.157279443396015,0.4735262773655237,0.6192544621862528,1.358978271484375,0.30098345641797286,0.2994648249831252,1.4021879346537196
44.68019986152649,0.36470556501837154,2.797015764845102,-1.4413281822657833,-1.3418969499232998,1.9862484324940293,1.1719618482010712,-0.38803007163577113,1.8313889515485144,0.4493966849607809,0.6030823645997309,1.358978271484375,0.2833205408313082,0.28205425047704935,1.4076590012374386
44.70000910758972,0.36893045417997306,2.716214318711029,-1.430685840933491,-1.3532271361198238,1.8707577523004386,0.5372411094456191,-0.5719645341552796,-5.83014011865655,0.4333102928944207,0.5923009683699034,1.3843364715576172,0.26586586227340037,0.2648197688587147,1.413113313673397
44.71998119354248,0.36761561761402084,2.701300010306665,-1.393429873296502,-1.3477472503438137,1.881210323987824,1.8654019277261706,0.2743772377593417,0.5233590378145504,0.4091807021926125,0.5761288725189805,1.3843364715576172,0.24824936963395483,0.24739796240101203,1.418663388804071
44.739989280700684,0.37487104435043883,2.7379560926242044,-1.393913624673202,-1.3711221694803912,1.916620037578602,-0.024177792353410846,-1.1682735561752102,1.7697700590163814,0.3930943088551372,0.5653474759804902,1.3843364715576172,0.23058385362321887,0.22990173954137072,1.4242715405762147
44.75994110107422,0.37393108938567826,2.698955648866177,-1.3532034389968188,-1.364182514502192,1.8953121416696264,2.0404246286410386,0.34782064234120114,-1.0679675092323522,0.368964718153329,0.5491753801295671,1.3843364715576172,0.21295200258453015,0.2124148214031416,1.4299085932580042
44.779942750930786,0.3814388055044052,2.7350257829655886,-1.3532846282317699,-1.3869512935525692,1.9301173171056174,-0.004059126898693424,-1.1383450472162562,1.7401152247729723,0.3528783258231931,0.5383939842834882,1.3843364715576172,0.1952612857399078,0.19484725115959178,1.4356012077796032
44.79993391036987,0.3694103147369959,2.618009232916581,-1.2830769377033922,-1.3589058777139327,1.833319593274636,3.5119369010237067,1.402890909058623,-4.842026503061224,0.32070553845264727,0.51683119016332,1.415578842163086,0.17756622358319876,0.17725491618813877,1.4413290135396786
44.81997275352478,0.3768241004139611,2.650494177180009,-1.2665497883922217,-1.3672919882553844,1.8845380430337269,0.8247556599654923,-0.41849274814041026,2.5559584135248934,0.30461914389202527,0.5060497933491389,1.415578842163086,0.15981651730502336,0.15958958259127137,1.4471054079118368
44.84005546569824,0.37641416055394117,2.6652505326323483,-1.2413693612288905,-1.3726627740773492,1.9179049557685253,1.253835983199796,-0.2674332916577809,1.6614744286825345,0.28048955419755656,0.4898776981906271,1.415578842163086,0.14201669923516538,0.14185748230226755,1.4529261049424704
44.860167264938354,0.38414746237562675,2.678542162309712,-1.224288660355481,-1.3792138562523488,1.9425433148625784,0.8492875584866935,-0.3257332721347852,1.2250698607269668,0.26440315985274176,0.47909630095972566,1.415578842163086,0.12418105829054629,0.12407462445364661,1.4587835212375548
44.87999653816223,0.3775018859801692,2.6863566182844965,-1.2170721636188837,-1.3548404947318826,1.9747542791394663,0.3639314792388722,1.229160607415384,1.6244147686714958,0.24644368437404862,0.45371807847575685,1.415578842163086,0.10658734098246087,0.10652004618374551,1.464582959380667
44.899980545043945,0.37414673901586715,2.5650519263955296,-1.1740869114031045,-1.3414431206931217,1.8443268862982056,2.150982656792035,0.670404795097427,-6.526588667291081,0.22231409336049615,0.4375459829756103,1.446868896484375,0.08884891706678834,0.08880994269037103,1.4704486174171778
44.91998648643494,0.37381708707911965,2.5508813773291346,-1.134175823217947,-1.3281444455704776,1.8592130956221138,1.9949617668643984,0.6647362832239683,0.7440894198866096,0.19818450409784694,0.4213738892440345,1.446868896484375,0.07108479556743788,0.07106483749370782,1.4763383203944234
44.94007182121277,0.38152210420198407,2.5830318184278,-1.13256425935879,-1.3479789725480682,1.8900540370586647,0.0802358475466308,-0.9875128892290975,1.5354955134026311,0.18209810975303214,0.410592492013133,1.446868896484375,0.053245162356949566,0.05323677544338676,1.4822655880949636
44.96025633811951,0.3817258366540728,2.5507460906754384,-1.0947493454340758,-1.3338537637073558,1.87847374930059,1.873461430830194,0.699804157115941,-0.5737213237047417,0.15796851948304344,0.39442039758914604,1.446868896484375,0.035313643498899844,0.03531119685860004,1.4882328628951857
44.98021149635315,0.38187595278464764,2.562394569587126,-1.0675865993856557,-1.3359385163978987,1.908243449737571,1.3611892088445656,-0.10447186968571746,1.491829836096815,0.13383892926102334,0.37824830319813096,1.446868896484375,0.01758339258575957,0.01758309056329793,1.4941393724984742
45.00010704994202,0.3788427687246011,2.4587073949642693,-1.0307355623396703,-1.317119824155112,1.8022268512587183,1.8522247637585632,0.9458742707876644,-5.328657883547194,0.10970933793572665,0.36207620804876073,1.4828052520751953,-9.512296619079775e-05,-9.512296614298062e-05,1.5000317076553173
45.01997756958008,0.3861777348124329,2.4879345334324747,-1.023768634750927,-1.320257699631427,1.8435388880384436,0.35061627555015773,-0.15791612567113825,2.0790617222004113,0.09362294359091183,0.3512948108178593,1.4828052520751953,-0.017751386675083844,-0.01775107591291117,1.5059166109656208
45.039939165115356,0.37897544239257785,2.464116449872483,-0.9710404742953862,-1.3044340381654882,1.8513244221064116,2.6414802545394607,0.7927052443264629,0.3900256396944099,0.061450156124634114,0.3297320188921239,1.4828052520751953,-0.035487336758600926,-0.0354848538375445,1.5118249743985404
45.05998253822327,0.38667014570595104,2.480820513125747,-0.9669781493826483,-1.3067446741413735,1.8739909374287695,0.20267670969686946,-0.11528179231336193,1.1308732916523212,0.04536376173185078,0.3189506216282505,1.4828052520751953,-0.05329344994321918,-0.053285040189692164,1.5177504697125215
45.08003878593445,0.3872627342104597,2.4903744388020086,-0.9385894583199884,-1.3067661027417743,1.9008884835502804,1.4154537514428858,-0.0010684251964452906,1.3411056000527501,0.021234172205425866,0.30277852828042306,1.4828052520751953,-0.07110724262311435,-0.07108726563464488,1.5236691304506087
45.100008964538574,0.38532212051461634,2.369241570162284,-0.9122410339239156,-1.2919599690796975,1.7640752115785934,1.3193885201722233,0.7414121804107344,-6.850878736929296,-0.0028954213503569193,0.2866064321629508,1.5170478820800781,-0.08883960654957633,-0.08880064442609309,1.5295482994807306
45.120152950286865,0.3858559175286919,2.3602387735675845,-0.8894281728381949,-1.2792216421704885,1.7729175344093604,1.1324899337588237,0.6323637768801367,0.4389559713383531,-0.027025010876781844,0.27043433881512335,1.5170478820800781,-0.1067200126991123,-0.10665246624417674,1.5354608456279932
45.14014029502869,0.39326940502162405,2.3700468391540626,-0.8846519829359751,-1.2941164109073642,1.7775757660060094,0.23896070057900612,-0.7452099780772797,0.23305905095548737,-0.043111405797116586,0.2596529423187467,1.5170478820800781,-0.12445388018112889,-0.12434674310439853,1.5413062493391088
45.15992856025696,0.3869135495800746,2.323363759413328,-0.8399999559070059,-1.26443769936641,1.7588679703299055,2.256490223568202,1.499813712752965,-0.9453984702699509,-0.0752841919443106,0.23809015073464607,1.5170478820800781,-0.1420025327134476,-0.14184336344048107,1.5470692521388325
45.18000316619873,0.39451273718165764,2.331860575747677,-0.8347260677798595,-1.2784577768714125,1.7624845670961393,0.2627144035825001,-0.6983986408335283,0.18015779620900013,-0.09137058686464535,0.22730875423826938,1.5170478820800781,-0.15979518446067184,-0.15956834065386322,1.5528876322216363
45.2000892162323,0.3868438007091822,2.2270997276968068,-0.7981309759738875,-1.2486665797942782,1.662465613118966,1.8219157945345887,1.483178475974369,-4.97952329153886,-0.12354337565000681,0.20574596197089917,1.5539703369140625,-0.17758671271459592,-0.1772752974799434,1.558677637067975
45.21990656852722,0.3937485161863997,2.2783233483562664,-0.8100826588168837,-1.2553772410671484,1.7200439959954839,-0.6030918088920874,-0.3386255223706053,2.90545285866832,-0.139629770522373,0.19496456550749444,1.5539703369140625,-0.19512796078611486,-0.19471477433804393,1.564355758137412
45.24003791809082,0.39459667978996255,2.2662848536338305,-0.7792389373955582,-1.251329765369722,1.7213388784770156,1.532123880909451,0.2010533712426856,0.06432169276287138,-0.1637593613199131,0.17879247185100416,1.5539703369140625,-0.2129334623149324,-0.2123964215456052,1.5700854594928733
45.260079860687256,0.40403838544784737,2.2912698605655852,-0.7514571574772482,-1.2710853469021473,1.7520193364523977,1.3861819923209924,-0.985711910777492,1.5308125860433615,-0.19405906822793498,0.17182650478267247,1.5539703369140625,-0.23064493727824104,-0.22996228042240874,1.5757479213660233
45.28000450134277,0.40508360938249494,2.2779973570774583,-0.71933789252222,-1.2655803060700008,1.7521790559532833,1.612037351656508,0.276293104971103,0.008016179746826599,-0.21818865828191128,0.15565441220234183,1.5539703369140625,-0.248236749297567,-0.24738547205677805,1.5813326195867472
45.299931049346924,0.4108531131737909,2.1943641684751154,-0.7398597635467039,-1.2738777047736163,1.6263693391886123,-1.0298758731421769,-0.41639920280658926,-6.313673433976963,-0.23427505289050177,0.1448730153551887,1.5864524841308594,-0.26581309927006314,-0.26476762936570836,1.5868701296795167
45.32002305984497,0.40596077563076227,2.188313392433684,-0.7130644143525061,-1.2517890230182545,1.6472033530623174,1.333632052242982,1.0993763793578073,1.0369302701554106,-0.2664478421554461,0.1233102238882872,1.5864524841308594,-0.2835168419063908,-0.282247913699023,1.5924020752886334
45.34001016616821,0.4126925317381131,2.1894290068059505,-0.7047458784501451,-1.2612379623122523,1.6450566631801051,0.4161951093784744,-0.47275174010607185,-0.10740373556305793,-0.2825342370278123,0.1125288274248825,1.5864524841308594,-0.3011084402318121,-0.29958791296699083,1.597850598734918
45.36024069786072,0.4139671623978673,2.183835141088722,-0.7060207018494622,-1.2563964948939033,1.640773762476809,-0.06301482426135954,0.23931488761329509,-0.21170480185070067,-0.3066638268659814,0.09635673442783149,1.5864524841308594,-0.3188930880845351,-0.3170863514967789,1.603306902392131
45.37997055053711,0.4149076377641677,2.1654560886148198,-0.6718007844558186,-1.2475791493705055,1.6375072652600682,1.7344233611328768,0.44690376902552487,-0.1655611559963403,-0.3307934189346367,0.08018464046267837,1.5864524841308594,-0.33621579858710876,-0.33409767151443326,1.6085683530227983
45.39991545677185,0.4152882157796749,2.11363470931311,-0.6845558519907141,-1.2440512500774499,1.5656217477727865,-0.6395150413230822,0.1768822200282162,-3.604204333739471,-0.35492301021175965,0.06401254760665681,1.6193294525146484,-0.35370436952862394,-0.3512373876825686,1.6138241530091437
45.420069456100464,0.4217270412747436,2.1798917174522643,-0.7139964384168822,-1.258307306594132,1.6305826283622709,-1.4607813539206753,-0.7073562067873181,3.223225302843853,-0.3710094053958701,0.05323115149402849,1.6193294525146484,-0.37135166086179366,-0.3684956696816943,1.6190677187468354
45.4400794506073,0.4175099635144598,2.141458297926797,-0.654562785026642,-1.2316798315468223,1.624917227054502,2.970198386108308,1.3307087634738244,-0.2831285788625967,-0.40318219338969924,0.031668360335789875,1.6193294525146484,-0.3888471615558622,-0.3855669643315828,1.6242039110364266
45.46000599861145,0.42370458482396833,2.1869502808192216,-0.6864457441335274,-1.2459526280270432,1.6610676746745585,-1.6000242039034913,-0.7162703985280415,1.8141851570340686,-0.41926858979695625,0.020886963947470638,1.6193294525146484,-0.4062431126868501,-0.40250122903189556,1.6292466190743276
45.48015570640564,0.4249852744511981,2.164600145450941,-0.6512768694112041,-1.2349152471654403,1.6541815382159533,1.7453788948971725,0.5477687802889987,-0.3417487007226476,-0.44339818016267685,0.004714871717916402,1.6193294525146484,-0.4238057869473696,-0.4195555677910211,1.6342698603855852
45.500022888183594,0.4306862161807508,2.1050527435303414,-0.6875030340300097,-1.2496308397471683,1.5482278241902696,-1.8234173836877277,-0.7406985422591396,-5.33310235995609,-0.45948457529881875,-0.006066524361739933,1.6463546752929688,-0.44109334863213756,-0.43629948757662806,1.639145170932481
45.51994276046753,0.43151962922288256,2.12483663481828,-0.6985274583561876,-1.248803097274366,1.5708217399903364,-0.5534385044761849,0.041553603406875146,1.1342399930087754,-0.4836141666239102,-0.022238617250733478,1.6463546752929688,-0.4583969201688842,-0.4530140986486132,1.64395352717061
45.54026913642883,0.43275132378724923,2.0990201583887984,-0.66264000242157,-1.2362128727376083,1.5615926439987822,1.7655609638893954,0.6194033093123114,-0.4540453255968532,-0.507743757685226,-0.03841071052347536,1.6463546752929688,-0.4760217171553348,-0.4699910192544269,1.6487749025412117
45.5600209236145,0.4336188288073808,2.1003442540643533,-0.6755110160300188,-1.235934525539858,1.5580746777294736,-0.6516379245817081,0.014092253786142709,-0.17810875726025668,-0.5318733503294012,-0.054582803754103654,1.6463546752929688,-0.4931161882882362,-0.4864090245058519,1.653375085399358
45.57999515533447,0.43933045524495606,2.0899569264956877,-0.6629326290428258,-1.237982946805669,1.5478496397828891,0.6297307032148266,-0.10255319426192958,-0.5119114512104732,-0.5479597457293188,-0.06536419945001168,1.6463546752929688,-0.5103700330237766,-0.5029302547943968,1.6579395626385431
45.60005712509155,0.44025345176774705,2.0645152692682776,-0.6884503547473464,-1.2425447866520893,1.4981127658670543,-1.271945178539367,-0.22738743511516485,-2.4791620423155183,-0.5720893373661545,-0.08153629198822879,1.6719722747802734,-0.5276650071339128,-0.5194387754052074,1.6624331084605464
45.62008237838745,0.44564834508159545,2.1328434307366115,-0.724193052578662,-1.2608567531065713,1.5603864171347661,-1.784881184930448,-0.9144436868737442,3.109755983983815,-0.5881757328140407,-0.09231768771710874,1.6719722747802734,-0.54489258716285,-0.5358292704968701,1.66682516717566
45.640018463134766,0.44641087876359264,2.101251599466224,-0.6858409909033234,-1.2444156081356594,1.5480020070027265,1.9237509351230502,0.8246927708875545,-0.6212057326706484,-0.6123053254102474,-0.10848978091476508,1.6719722747802734,-0.5620069138588433,-0.5520571226120448,1.671102876426647
45.6601140499115,0.4517471701976958,2.1556577999280484,-0.7232544044723984,-1.2617935167975738,1.5911130499651875,-1.8617726361885654,-0.8647624403799166,2.14529903711868,-0.6283917185317103,-0.11927117560959899,1.6719722747802734,-0.5792202525203828,-0.5683218253604106,1.6753169227881584
45.68009328842163,0.4525222752136789,2.137377753003704,-0.6843005860328946,-1.244160603686267,1.5975546185421092,1.9497148712524583,0.8825618204800403,0.322413117679888,-0.6525213111758855,-0.13544326884022734,1.6719722747802734,-0.5962951007450429,-0.58439732779543,1.679407042617913
45.70025682449341,0.457704656807336,2.1058938941448373,-0.7247783155314957,-1.2628577621100534,1.521405849670042,-2.007471772535838,-0.927275769350629,-3.7765582684007364,-0.6686077058322393,-0.14622466345997573,1.6917152404785156,-0.6134872138267199,-0.6005226672678816,1.6834322482448674
45.720059633255005,0.4581558089035703,2.1234508764379205,-0.7363497369196949,-1.2642079023905266,1.5390292619429344,-0.5843323302015324,-0.06817923137709175,0.8899450822889974,-0.6927372984764144,-0.16239675669060402,1.6917152404785156,-0.6303312944936679,-0.616260824932724,1.6872831464246278
45.74008870124817,0.4630017445927292,2.105183642405543,-0.721150042585502,-1.2612923715582156,1.5234442352051645,0.7588817582216282,0.14556497752696584,-0.7781204169404757,-0.7088236941401078,-0.17317815200276365,1.6917152404785156,-0.6473261584310507,-0.6320771128514121,1.691073111476905
45.76015496253967,0.47362978010242573,1.9485738487880924,-0.725872268970631,-1.292773853547416,1.2644308035256149,-0.23533165030240985,-1.5688763109314112,-12.907906855036138,-0.7391233990333482,-0.18014411655608462,1.6917152404785156,-0.664309521218996,-0.6478178986276095,1.69476250961123
45.78005003929138,0.47821571477827163,1.9290236132212975,-0.7096372041852564,-1.2885404425445603,1.2478824731233913,0.816034287677725,0.21278686459412785,-0.8317801739971719,-0.7552097944332657,-0.19092551225199256,1.6917152404785156,-0.681104430193694,-0.663318507615055,1.6983124204614575
45.80013394355774,0.4788909059924881,1.8709482558535562,-0.7238899236056796,-1.2883626968614574,1.147411136393359,-0.7096588009681921,0.008850155863402345,-5.002579946486399,-0.7793393863338771,-0.2070976044064613,1.7146530151367188,-0.6980138479365168,-0.6788571615460868,1.7017853465790493
45.820096015930176,0.48318548524691735,1.9337787096498595,-0.7424007011071031,-1.2971833714120184,1.2270519947512033,-0.9272973845632897,-0.44187168476257677,3.989608737608415,-0.7954257819975705,-0.21787899971862087,1.7146530151367188,-0.7147749729432112,-0.69419075303924,1.70512548655823
45.84020137786865,0.4874940699133808,1.9115575085525636,-0.7255245027396227,-1.291347307140865,1.2083411922003422,0.8393879413423382,0.2902740218759612,-0.9306374393118174,-0.8115121766539244,-0.22866039433836927,1.7146530151367188,-0.731609451846899,-0.7095206824368446,1.7083755874010773
45.86007618904114,0.49158300372420966,1.9711273910517062,-0.7514793972176973,-1.2983054500238367,1.2786809084951705,-1.3059190476237854,-0.35009856559565883,3.5391388468739984,-0.8275985720538419,-0.23944179003427726,1.7146530151367188,-0.7482035613499717,-0.724560517277925,1.7114746030564694
45.880003213882446,0.49165695940955867,1.930404244624058,-0.7189372217059128,-1.2744233568549375,1.2591405506975604,1.6330674433809502,1.1984776131453299,-0.980595846756966,-0.8517281652255686,-0.2556138824974088,1.7146530151367188,-0.7647931896219952,-0.7395238339556394,1.7144669174433655
45.89994812011719,0.49592230789243524,1.9132697125660054,-0.7451334142626267,-1.279809183405435,1.2113899628289972,-1.3134277117374378,-0.2700351902941627,-2.394124459978074,-0.8678145588745828,-0.26639527642474603,1.7355461120605469,-0.7813486026249479,-0.7543822796301457,1.7173456016883393
45.919912338256836,0.4958185004840513,1.9441061504046335,-0.7550339064658512,-1.2678010205997279,1.26576186397534,-0.4959118425761138,0.6014842515600071,2.7234675941734774,-0.8919441519983409,-0.28256736885490563,1.7355461120605469,-0.7978699721367595,-0.7691346752288051,1.7201094520049556
45.93988370895386,0.49945295581927346,1.9246495849805354,-0.7561925001624079,-1.2585756530115313,1.2443617855392666,-0.05801272802619795,0.46192961555575407,-1.071537790806972,-0.9080305467026634,-0.29334876350762606,1.7355461120605469,-0.8143462673742985,-0.7837699216722407,1.7227555488277528
45.960134744644165,0.5031503944369046,1.957254424339317,-0.7916423090569029,-1.2628598550321695,1.2685946250300033,-1.750518316031693,-0.21155471187523717,1.1966222301575842,-0.9241169423663566,-0.30413015881978556,1.7355461120605469,-0.8310004010027952,-0.7984832554431519,1.7253164979236681
45.98000502586365,0.5065386073749533,1.936224070235601,-0.7919681233755625,-1.2523055245098909,1.2463871850266732,-0.01639706630524079,0.53116160791576,-1.1176208206633795,-0.9402033383417941,-0.31491155378116875,1.7355461120605469,-0.847288645472408,-0.8127938668789431,1.7277088348066485
45.99989151954651,0.5064849177635729,1.9426169605819785,-0.8102312418482605,-1.2428309964873534,1.2540562604779908,-0.9183679518344408,0.4764302935264469,0.3856424150792838,-0.9643329294508732,-0.33108364482650593,1.751068115234375,-0.8635371356615047,-0.8269894775559005,1.7299829322541407
46.0199089050293,0.5096653929873621,2.0072377556612873,-0.8443308491781749,-1.247256881826282,1.326822933030329,-1.703499558383134,-0.22110206863599166,3.635173665157543,-0.980419325162535,-0.34186504017163755,1.751068115234375,-0.8798382036240275,-0.8411488795548914,1.7321499089310441
46.03998804092407,0.5091451335489549,1.9629472342239913,-0.8193742491340058,-1.218412448649264,1.302788850574108,1.2429120543311247,1.4365375745339346,-1.1969679662596706,-1.0045489175427293,-0.35803713152563754,1.751068115234375,-0.8961339394504922,-0.8552196168661805,1.7341999258696688
46.05996036529541,0.515723984480729,2.0299033467030387,-0.8789593270036804,-1.2402750089453154,1.3452345522677938,-2.983382242438673,-1.0946427611313059,2.125225932871345,-1.0125921150027941,-0.36342782864363754,1.751068115234375,-0.9122869031226379,-0.8690823722637935,1.7361156855104798
46.08001732826233,0.5149514291499347,1.9839959051132627,-0.8533558136612615,-1.2101921804979427,1.3204008834662129,1.276539892138617,1.4998695713299124,-1.2381569853093126,-1.036721709445636,-0.37959992141543203,1.751068115234375,-0.9284513073157543,-0.8828687353680443,1.7379153471255346
46.09997630119324,0.5178882841048197,1.9763749560271116,-0.8901688600561599,-1.21725127318554,1.2774806085908568,-1.844435909720097,-0.35368015739255215,-2.1504250255728503,-1.0528081020873108,-0.39038131465035797,1.7587089538574219,-0.944479225249469,-0.8964517650969978,1.7395823116842317
46.11989903450012,0.5272993401299344,1.9979903827127965,-0.8800869935175126,-1.2375900980021415,1.2983771418895138,0.5060483611033062,-1.0208852622432523,1.0488788348853595,-1.0831078114654564,-0.3973472805912749,1.7587089538574219,-0.9604201112632992,-0.9098734237130289,1.7411227394464373
46.14013361930847,0.5333342993853143,1.9922067050460905,-0.9031526491656161,-1.239029367572654,1.2720098561836066,-1.1399124749318135,-0.07112918718839469,-1.3030801449915086,-1.0911510079181816,-0.40273797701686365,1.7587089538574219,-0.9765506429656198,-0.9233640122945889,1.7425608070733347
46.15994167327881,0.5321442204595781,1.9880607684453582,-0.9105461693571428,-1.2324650304552982,1.2666180328755006,-0.37325828183822185,0.33139737639982664,-0.27220358527801153,-1.1152806003463445,-0.4189100684038356,1.7587089538574219,-0.9922818025468,-0.9364309183117729,1.7438450035424782
46.17997884750366,0.5343991019528676,1.9594841600905057,-0.9077699827562693,-1.2159195559760987,1.239786862911188,0.1385518022511394,0.82573891375746,-1.3390695545798112,-1.1313669962258448,-0.42969146329927493,1.7587089538574219,-1.0081346806247369,-0.9495075852641974,1.7450196914605973
46.200103998184204,0.5366501534870574,1.996704324659965,-0.9452248712328359,-1.233823430215805,1.2534184640291444,-1.8610985364089676,-0.8896268417516383,0.6773415679881686,-1.1474533914577187,-0.4404728571844985,1.7616329193115234,-1.0239954525955193,-0.962497219936773,1.7460737013793315
46.22001242637634,0.5386019515061579,2.0472329117291084,-0.9698922103571916,-1.2448451735418924,1.3041595719331054,-1.2390400129175543,-0.5536219745584687,2.5487249628274213,-1.163539787121412,-0.4512542524966582,1.7616329193115234,-1.0396238282419963,-0.9752032510895017,1.746992421546999
46.2399320602417,0.5371218822911035,1.994673281182427,-0.9411676049669667,-1.2098098335565046,1.2764345673217237,1.4420247673418227,1.7588345359258861,-1.3918430829996384,-1.1876693787580423,-0.46742634277449857,1.7616329193115234,-1.0551991166984607,-0.9877722647586425,1.747788513211046
46.26014542579651,0.5422749148432554,2.0559426780909655,-0.9884546577102734,-1.2386779255080875,1.3097842120386467,-2.3393953181663605,-1.4281684993676884,1.649880848713381,-1.1957125774892223,-0.47281704020116144,1.7616329193115234,-1.0709402478981283,-1.0003781322928313,1.74847073302976
46.280075788497925,0.5405530979512145,2.0083799021615483,-0.959151611585481,-1.202462943193018,1.2913949386794845,1.4702715933368573,1.817075928703318,-0.9226763022157976,-1.2198421711405318,-0.48898913186382426,1.7616329193115234,-1.0863972568558422,-1.0126598469680967,1.749019882469153
46.300145864486694,0.5420597580607284,2.006569868767355,-0.9794038757154966,-1.2165248411234297,1.259824589936281,-1.0090776009691238,-0.7006399945012763,-1.5730059398314744,-1.2359285661086301,-0.49977052613279627,1.7606830596923828,-1.1018981978571143,-1.0248785592862903,1.7494493954243255
46.31990194320679,0.5433390193978764,2.0258744479657116,-0.993466966997403,-1.229889321803674,1.2667134326747533,-0.711836163499574,-0.6764743585806813,0.3486948415257173,-1.2520149613405038,-0.5105519200180199,1.7606830596923828,-1.1170927808139144,-1.036758913394088,1.7497516680007936
46.34001803398132,0.5550951679162912,2.0000604780614295,-0.9692881212310175,-1.2368871989896502,1.237268164513779,1.2019654334127485,-0.34787460766653794,-1.463766916296054,-1.2742714723229414,-0.5121271853725127,1.7606830596923828,-1.13249881386397,-1.0487049382522124,1.7499371827126626
46.36002516746521,0.5562225741656043,2.002055073546093,-0.9792970382023485,-1.2507992257391614,1.2184839454707945,-0.5002674160889636,-0.6953533228893395,-0.9388760792800691,-1.2903578662357313,-0.5229085789161014,1.7606830596923828,-1.1477552143262448,-1.0604343061432369,1.7499999773313666
46.38000774383545,0.5572139429074013,1.9669464828203336,-0.9731099375159245,-1.2283582739410988,1.188726825905548,0.30962477369227986,1.1230259493207637,-1.4891533010510563,-1.306444262426976,-0.5336899734607644,1.7606830596923828,-1.162926495121698,-1.0719971941137871,1.7499422575371086
46.399848222732544,0.5549133242534643,1.9756514416273292,-0.9569366074620745,-1.2336534412623552,1.2106073413641059,0.8151683302472198,-0.26688707206718865,1.1028219415491003,-1.3305738563420613,-0.5498620647396789,1.756265640258789,-1.1779236996821785,-1.083326674755492,1.7497666429191867
46.420188426971436,0.5588185710003398,2.0360148170525827,-0.983222368246817,-1.2616284278380816,1.2597316459895709,-1.2923056462964415,-1.3753542613026797,2.4151333019329577,-1.3386170538500943,-0.5552527618906509,1.756265640258789,-1.1932298623956035,-1.0947845149088211,1.7494651005024773
46.44001245498657,0.5563525731287006,1.9827089707800039,-0.9510097916631017,-1.2207734647434023,1.2395270818948632,1.624925900988396,2.0608810209249255,-1.019195699243385,-1.3627466477651797,-0.5714248531695653,1.756265640258789,-1.2080797924287023,-1.1057976988458378,1.7490537548538532
46.45999503135681,0.570367610331135,2.0348828613155416,-0.9546211500892376,-1.2770374552432953,1.26436626694315,-0.18072536589998647,-2.8156524693026497,1.2430421677397219,-1.3769599586016217,-0.5676094229501932,1.756265640258789,-1.2229804942196392,-1.1167447278281473,1.7485227467373907
46.48018026351929,0.5678629759655448,1.9806605945507472,-0.9224416913142205,-1.2353546942148081,1.2433891170558464,1.594208008904593,2.065012712906791,-1.0392325299235385,-1.4010895525167069,-0.5837815142291077,1.756265640258789,-1.237962557960381,-1.1276449491785192,1.7478687810547433
46.500017166137695,0.5680050980556915,1.9735632550275608,-0.9172874550452704,-1.248202734461945,1.222916832860385,0.25983069877890347,-0.6476837888599721,-1.0320302816057387,-1.4171759463815283,-0.5945629077397245,1.7497425079345703,-1.252617163248293,-1.138201831201387,1.74711206911013
46.519888401031494,0.5680937378743406,1.9712830114528,-0.8991764020158468,-1.258532208493027,1.222102773700281,0.911420610053555,-0.5198204382509449,-0.04096671215728323,-1.4332623418292092,-0.6053443012082278,1.7497425079345703,-1.2672283430507654,-1.1486222701958781,1.7462418402363515
46.53990936279297,0.5787261727760435,1.9314371738414329,-0.8513386572724153,-1.259948789700546,1.1908824855804674,2.389382953394547,-0.07075490300594468,-1.5593800383700505,-1.4555188521881584,-0.6069195672642734,1.7497425079345703,-1.281879615982833,-1.1589641669657114,1.745252669795236
46.56006598472595,0.5786552721275037,1.9098408632987072,-0.8206539654923211,-1.2704408591830876,1.1661900425597098,1.5223132071492194,-0.5205271755071672,-1.2250288318575822,-1.4716052483314346,-0.6177009617759643,1.7497425079345703,-1.2965587819754387,-1.169216434394816,1.7441441118035965
46.57994365692139,0.5783900758115166,1.859413345011877,-0.7909542117546633,-1.2425055850703395,1.1348961598246907,1.4941263466694603,1.4053594323365575,-1.57432331247552,-1.4876916437791154,-0.6284823552444676,1.7497425079345703,-1.310964145708869,-1.1791693963061585,1.7429414764096824
46.599961042404175,0.5779858141892683,1.8764214890980462,-0.7579757885402392,-1.260653826662208,1.1649816470904868,1.6474890411028236,-0.906623974817955,1.5029678721861568,-1.5037780399223917,-0.6392637497561586,1.7404670715332031,-1.3253996270535315,-1.1890340741084198,1.7416219256484395
46.61990284919739,0.588157894160325,1.9087013172726586,-0.7052541389199196,-1.2964508096106495,1.2103605315585089,2.6437749681870923,-1.7950721978022985,2.275565345636915,-1.526034548962052,-0.6408390132101927,1.7404670715332031,-1.33970920881366,-1.1987032485189515,1.7402005287261706
46.63997197151184,0.5851153878876948,1.843591189513143,-0.6499337180722866,-1.2504623609253476,1.1885951876363223,2.7564942791640195,2.2915027356319695,-1.0845189730351015,-1.5501641430449755,-0.6570111040394149,1.7404670715332031,-1.3540379321348164,-1.208274448496525,1.738663853589445
46.660069942474365,0.5868779899698017,1.8701795672736845,-0.6407281455871401,-1.2734396296535413,1.210533174650039,0.4580349181671949,-1.143263107058826,1.0915523290695959,-1.5582073405050403,-0.6624018011574149,1.7404670715332031,-1.368314294579974,-1.217698588382517,1.7370197076454066
46.67997336387634,0.5944130047846066,1.825121343968211,-0.5656373018940847,-1.2546882952489,1.198699146858676,3.7727605810322955,0.9421161329970235,-0.594572538678556,-1.588507047820436,-0.6693677645503491,1.7404670715332031,-1.382380127170731,-1.226872654652017,1.7352892000340163
46.69989728927612,0.5957816900613789,1.8390164971527554,-0.5568362360515253,-1.277806634714269,1.1996354810108592,0.4417335272022456,-1.160330557432415,0.04699546567231218,-1.5965502458080518,-0.6747584609008523,1.7297611236572266,-1.3963881388706012,-1.2358977459184706,1.733456521967254
46.719882011413574,0.6032515407969875,1.8337753256095786,-0.48115152065075895,-1.2931173501034388,1.207920807773191,3.7871287316491618,-0.7661210040282576,0.41458303524797757,-1.6268499536509986,-0.6817244235262898,1.7297611236572266,-1.4103659515087896,-1.244791034448905,1.7315189503130295
46.739978551864624,0.604321063994189,1.806501228423747,-0.47349741224592734,-1.2778573472831753,1.1858867942967084,0.3808669668033221,0.7593348147375413,-1.0964082862994307,-1.6348931513268707,-0.6871151202275695,1.7297611236572266,-1.4243480539662041,-1.2535730857610974,1.7294719038921773
46.75998783111572,0.6117543569796331,1.7811253260301394,-0.3995417123698446,-1.2917273321414868,1.1594025817209395,3.6960701556515145,-0.6931776344492734,-1.3235965295608934,-1.6651928585940923,-0.694081081327155,1.7297611236572266,-1.4381954853119083,-1.2621565255226803,1.7273371788125882
46.779929637908936,0.610434576219713,1.7292429170011816,-0.3662591441958182,-1.2589578508475223,1.1274575092131365,1.6689845869609967,1.6432553797039826,-1.601914652922791,-1.6812792542575803,-0.704862474378938,1.7297611236572266,-1.4519225666391464,-1.270551699817468,1.7251154900086516
46.79985189437866,0.609017377031731,1.7549236714246375,-0.34018418583469945,-1.2664195817240735,1.1662818078236212,1.3088355930334337,-0.3745424564677153,1.9487902221056803,-1.6973656496093241,-0.7156438677814974,1.7159233093261719,-1.465562562424246,-1.2787798660837462,1.7228038408613335
46.81998538970947,0.6183551527383679,1.7901745958749555,-0.29640785204696407,-1.2907443068738942,1.2045109394412308,2.1743037196697728,-1.2081719915069198,1.8987826499806526,-1.7196221593207492,-0.7172191339575156,1.7159233093261719,-1.4792722833078813,-1.2869341561551493,1.7203758929625752
46.83991813659668,0.6167156585667707,1.7521737056308164,-0.2620928263891604,-1.2565728129967828,1.1926629074037312,1.721540229852979,1.7143394269980357,-0.594400365616631,-1.7357085559915768,-0.7280005277017099,1.7159233093261719,-1.4927708010072616,-1.2948476058672032,1.71788307968762
46.859885931015015,0.6259007404178363,1.7815528179460187,-0.22200630190923787,-1.2797463447898239,1.2193821952288255,2.0075589541884526,-1.1605453916213446,1.3381191365111411,-1.7579650646476939,-0.729575793152345,1.7159233093261719,-1.506218620191618,-1.3026159964400725,1.7152988293189608
46.87993025779724,0.6241132643795156,1.7441848229024413,-0.18705199116186044,-1.2447006679327572,1.2074404731883688,1.7438505731393106,1.7484087761002702,-0.5957656832378896,-1.7740514612705527,-0.7403571868635672,1.7159233093261719,-1.5196428977232759,-1.3102543095161763,1.7126188940157963
46.8999183177948,0.633204766972505,1.7690683541304228,-0.15114852944883594,-1.2665558277298614,1.225803124027143,1.7962454444008005,-1.0934107562101392,0.9186809946046325,-1.796307971773305,-0.7419324518883403,1.7014236450195312,-1.5329543790898368,-1.3177118741467524,1.7098627824863328
46.91990399360657,0.6312045516661875,1.7690728826387279,-0.13730008066367427,-1.2570105328425512,1.237211409687258,0.6929187141626553,0.4776068108585043,0.5708231118908561,-1.8123943650624013,-0.7527138438731054,1.7014236450195312,-1.546189151962398,-1.3250097391648383,1.7070253228689243
46.939903259277344,0.6400947306247169,1.7447956611039919,-0.08228181753946395,-1.248965021249969,1.2155772197617816,2.751014163715268,0.40229035030713856,-1.0817492142768537,-1.8346508746778891,-0.7542891099831797,1.7014236450195312,-1.55935760432327,-1.3321538726742372,1.7041060899854392
46.95990538597107,0.6379646904594336,1.7125277234681173,-0.07271145970732862,-1.2370473140284768,1.182022922844161,0.4784670139669416,0.5958220045286808,-1.6775364655672405,-1.8507372712527794,-0.76507050366143,1.7014236450195312,-1.5724524552129275,-1.3391405412944464,1.7011084836419526
46.97992134094238,0.6467581764480712,1.6828876768403325,-0.01698368414650442,-1.2281610665987601,1.1504098755769,2.7841677122421733,0.44395820446500217,-1.5793924053370505,-1.872993780340511,-0.7666457682786244,1.7014236450195312,-1.5854806855592538,-1.3459737071068676,1.6980327122927419
46.99987435340881,0.6445696350579079,1.7030182330352204,-0.01840667731088441,-1.2194659770223735,1.1886273710316642,-0.07131720920708412,0.4357782861618233,1.9153747094110178,-1.889080177179177,-0.7774271615731262,1.6841888427734375,-1.5983924833062138,-1.3526280865358116,1.694892813605519
47.020094871520996,0.6531923251592132,1.7320131781662265,0.004496337883140633,-1.230775465886274,1.2186226589307858,1.1326621339255523,-0.559307570713861,1.4834084731513308,-1.9113366852116005,-0.7790024254649375,1.6841888427734375,-1.6114005442677035,-1.3592119053566862,1.6916376310190822
47.04023790359497,0.65076009207887,1.6974282652029364,0.04228029789571286,-1.192343279209885,1.207390821748583,1.875783142965364,1.9079643290666528,-0.557604095597641,-1.9274230807311827,-0.7897838184178045,1.6841888427734375,-1.6242816606067756,-1.3656109448936604,1.6883237263287194
47.05986261367798,0.6593239728430341,1.7192554992692755,0.06190313816997217,-1.2021214366396438,1.22756324677134,0.9999047217135646,-0.49825742079243923,1.0279094538177915,-1.9496795910420608,-0.7913590833106898,1.6841888427734375,-1.636757101590918,-1.3716925317086472,1.685028742622677
47.07991290092468,0.6568134960357,1.6786952497678833,0.10045987275720847,-1.1629078704184443,1.2064704059684597,1.923001606551762,1.955760819718202,-1.0519969386646864,-1.965765987521014,-0.8021404769229963,1.6841888427734375,-1.6494277085862477,-1.3777508850851388,1.681596571444991
47.10010886192322,0.6661991379802686,1.6970542615131639,0.09020161170557928,-1.1885437818833169,1.207982000822946,-0.507936267671206,-1.2693583368838923,0.07484639401888396,-1.9799792978775654,-0.7983250441135279,1.6669292449951172,-1.6621132184817378,-1.383695211920295,1.6780743630768515
47.12015700340271,0.6627015292363881,1.6627014224321315,0.10955100367465309,-1.1511172843569002,1.194781819164698,0.9651464196253232,1.8668312753429697,-0.6584242071391475,-2.004108893303506,-0.8144971347357766,1.6669292449951172,-1.6746291685723698,-1.3894396347768652,1.6745153830010542
47.13999629020691,0.6606817344970773,1.6255474008341024,0.12445716447443844,-1.1273058802733067,1.1645154438094472,0.7513455975962949,1.2002147213554843,-1.5255777918813367,-2.012152091195185,-0.8198878310203359,1.6669292449951172,-1.6869394522339003,-1.3949713507024606,1.6709341354958633
47.15997505187988,0.6689389458191153,1.6060331593421746,0.13503432710149654,-1.1331845127644302,1.1300447333808048,0.5294203314596024,-0.29424408716361405,-1.7253677176234992,-2.0344085990837026,-0.8214630948132314,1.6669292449951172,-1.6992607157378994,-1.4003889047329348,1.667270025324094
47.180137157440186,0.66610929623276,1.5594417611324893,0.175129902657867,-1.0919629190766305,1.0994567326278422,1.9886601345503723,2.044508375601463,-1.5171034920671926,-2.0504949958744003,-0.8322444880747611,1.6669292449951172,-1.7116181910867425,-1.4057010714615945,1.6635156435376603
47.19999599456787,0.6744499025693406,1.6021425174112844,0.17251287555277817,-1.1011555144055905,1.150893777444139,-0.13178148792208874,-0.4628969596686223,2.5901337769968205,-2.072751505993404,-0.8338197528357587,1.6466999053955078,-1.7237141662871163,-1.4107815641395975,1.6597641644079477
47.220112323760986,0.6719154970815719,1.6174866199906761,0.13877752736949134,-1.092289614816529,1.1848658831741383,-1.677013129951794,0.4407314825657008,1.688782550925155,-2.080794702829775,-0.8392104483949347,1.6466999053955078,-1.7358906743789946,-1.415775090926423,1.6559118193842706
47.23993229866028,0.6799590916379314,1.6074367720971874,0.1988962608642879,-1.0784388111191088,1.1752714513576996,3.0332396383077223,0.6988305367589083,-0.4840789085349165,-2.10305121290081,-0.8407857131229604,1.6466999053955078,-1.747812539909448,-1.4205451866911156,1.6520668710552093
47.25988984107971,0.6769200400446896,1.606788847204618,0.1883034776590301,-1.0530167291411785,1.1989445224661037,-0.5307659120866062,1.2738082396946633,1.1861716543492113,-2.119137609907315,-0.8515671059677699,1.6466999053955078,-1.7597418614796567,-1.425198817577352,1.6481476837240596
47.2800178527832,0.6738640757294165,1.577194345820971,0.230004315829829,-1.0099111736998398,1.1894197915057176,2.071781295892523,2.1415704678799434,-0.4732077415641614,-2.135224005378929,-0.8623484988876651,1.6466999053955078,-1.7716966161638,-1.4297408862663665,1.644148710814418
47.29990839958191,0.6822000143406867,1.6133787746705095,0.20990239787165083,-1.030009979279112,1.2239327990173683,-1.0106267143689518,-1.0104702390876263,1.7351462411227345,-2.149437315759413,-0.8585330655295886,1.6265926361083984,-1.7834348289461284,-1.4340807599252061,1.6401532662122422
47.32001304626465,0.6789530902292561,1.6026952763720033,0.19831202592924246,-1.004401014445653,1.2330787044862606,-0.576502145265712,1.2737833814033364,0.4549150061286299,-2.1655237135574503,-0.8693144594835296,1.6265926361083984,-1.7952233370314103,-1.4383180259277375,1.6360726809554085
47.33997201919556,0.6757466172494943,1.574563973800026,0.2409391421541766,-0.9602862409740651,1.2243571263168433,2.1357369626431204,2.2102727241677007,-0.4369752992605691,-2.1816101085492763,-0.8800958509435168,1.6265926361083984,-1.806850760514262,-1.4423768117055662,1.6319817871558586
47.359957695007324,0.6836455767678948,1.5576319136921857,0.2475127887417724,-0.9627892292539986,1.1991628321433845,0.3289179034779113,-0.12523911142697952,-1.2606175748445019,-2.2038666172052905,-0.8816711152639635,1.6265926361083984,-1.818418339654438,-1.4462942861643981,1.6278475662765877
47.37998151779175,0.6803650559230668,1.5213544033258362,0.26605225431453505,-0.934516208590503,1.1706472032062847,0.9258704380456345,1.4119691813038142,-1.4240851631628302,-2.2119098163201163,-0.8870618118242136,1.6265926361083984,-1.8299324311783742,-1.4500727721566344,1.623669434603125
47.399927377700806,0.6772983659895706,1.5522475751207008,0.24149492322104793,-0.913456475809258,1.2315640475950433,-1.2311994170948424,1.0558448157796154,3.0541097083057176,-2.2279962130628452,-0.8978432050527717,1.6035919189453125,-1.8413265627150723,-1.4536915903871528,1.6194736881551597
47.41994285583496,0.6848381684880658,1.5884508126600279,0.2272137977034076,-0.9322094247262305,1.2659128970134905,-0.7135040902805313,-0.9369223553531602,1.7161143585090193,-2.2422095225560654,-0.8940277727799961,1.6035919189453125,-1.8526852474098143,-1.4571784475925496,1.6152312294077826
47.43998312950134,0.6814379228237006,1.5628146391990967,0.2712379200307435,-0.8863601611754364,1.2582468962463025,2.196782492106766,2.2878561597543268,-0.3825297445936574,-2.2582959195146017,-0.9048091655918338,1.6035919189453125,-1.863982623049902,-1.4605253497554227,1.6109532742608548
47.459991216659546,0.6777892206616627,1.5631074111676881,0.2370019582324655,-0.8778963404961864,1.2713901313069615,-1.7111061905906164,0.42301998248642747,0.6568961318858741,-2.266339116662717,-0.9101998608002335,1.6035919189453125,-1.8751867199854235,-1.4637237124056723,1.6066539317854915
47.48005747795105,0.6854521102352539,1.5578606313085568,0.3004742878324001,-0.8596127162275871,1.2640059046668006,3.1631368035065357,0.9111624733173702,-0.36799215025109905,-2.288595626757685,-0.9117751249796509,1.6035919189453125,-1.886348157598216,-1.4667885843465167,1.602315634341808
47.499956369400024,0.6818988071225669,1.5713967017811807,0.2636276600491441,-0.8523721549102585,1.2935415574149245,-1.8516924863748976,0.36386757201500475,1.4842863394606758,-2.296638824865171,-0.91716582084749,1.5816211700439453,-1.8973421668951373,-1.469687537778293,1.5979892612270759
47.51997256278992,0.6783657670069703,1.556477390802024,0.25481228663271027,-0.8282372249066781,1.2929484390097583,-0.4404120825933505,1.2057702248104625,-0.029631928189986632,-2.312725220816368,-0.9279472129669164,1.5816211700439453,-1.9083265481647549,-1.4724634930010208,1.5936148426419925
47.54005432128906,0.6854375070446841,1.5566003990921287,0.29436370895299735,-0.8255210460212763,1.2864174329824465,1.9695198665978388,0.13525602777851056,-0.3252208230464341,-2.32693853280385,-0.9241317812784947,1.5816211700439453,-1.919272029558786,-1.4751082598891032,1.5892052463507345
47.56005620956421,0.6819314495176788,1.514676539380496,0.28570418954747256,-0.8024815760788726,1.2524541728457237,-0.43293509524721946,1.1518647452416568,-1.6980026920220392,-2.343024928755047,-0.9349131733979211,1.5816211700439453,-1.9300995426602192,-1.4776037469986352,1.5847942891164166
47.58000659942627,0.6778826382311284,1.4806593199330633,0.30683296349492395,-0.770920904929119,1.2263305070660326,1.0590657171884024,1.581957614260571,-1.3094313424606383,-2.3510681268145643,-0.940303869232788,1.5816211700439453,-1.9408253578276669,-1.4799557899265023,1.580377706838609
47.59991002082825,0.6857211994363118,1.5312620513054669,0.30692551171848514,-0.783083524796846,1.2795860241563755,0.004649865050438007,-0.6110818648756787,2.675696605863529,-2.373324636334013,-0.9418791341467301,1.5578804016113281,-1.9514526345635947,-1.4821668684263303,1.5759563985578502
47.62002110481262,0.6814100922265993,1.5460485773538186,0.2795051510476373,-0.7762876519984607,1.307486349997705,-1.363445187348016,0.3379167827882961,1.3873108909995227,-2.381367834441499,-0.9472698300145692,1.5578804016113281,-1.9621167028790403,-1.4842645965377868,1.5714753712153953
47.64007639884949,0.6770796759652938,1.5296068991015201,0.30132216009588153,-0.743751999691135,1.3022039719527652,1.0878428911658267,1.6222974466252809,-0.2633907054780571,-2.3894110332445804,-0.9526605269255957,1.5578804016113281,-1.9726771377635313,-1.4862209007463083,1.5669949751481782
47.65989971160889,0.6735535899397529,1.5253597370298513,0.29859434034570037,-0.7216816108065014,1.3102440230312162,-0.1376066545127649,1.113355227378368,0.40558564433882544,-2.405497428404245,-0.9634419179358906,1.5578804016113281,-1.983042890893956,-1.4880224511043252,1.562556562260571
47.679932832717896,0.6802141807561085,1.527451955613105,0.3398640757118514,-0.7167915627783898,1.305301399017308,2.0600751695946293,0.24409816131508935,-0.2467226143651502,-2.419710739072643,-0.9596264859058341,1.5578804016113281,-1.9934454339027023,-1.4897106188604399,1.5580628840629376
47.70005464553833,0.6759939481553651,1.5415675213988043,0.3115502612224833,-0.7131863323488119,1.3306885860766617,-1.4071204588790425,0.1791702597450204,1.261674943798903,-2.4277539368683847,-0.9650171821244495,1.536142349243164,-2.0038204121570935,-1.4912732169783083,1.5535426466094073
47.71994686126709,0.6723841388478278,1.5210330794993892,0.31161888150686834,-0.6925552748005301,1.3178780265888668,0.003449604876636489,1.037142258539545,-0.6439986204892058,-2.4438403340427284,-0.975798574519567,1.536142349243164,-2.014004603658327,-1.4926878987863776,1.5490691244807373
47.74004602432251,0.6787993208459246,1.5067787051953911,0.35358612819022917,-0.6867408972892355,1.293733301871803,2.088009663270231,0.28928455852925455,-1.2012801055690234,-2.4580536451907093,-0.9719831416890415,1.536142349243164,-2.0242219786048627,-1.4939869595363762,1.5445457533773281
47.75994157791138,0.6742268644132667,1.4594598263516498,0.32891211844652685,-0.6833358210977054,1.2469530699581803,-1.2401770894934523,0.17114759719153683,-2.3512907899079045,-2.4660968432022585,-0.9773738374909368,1.536142349243164,-2.0342639160771583,-1.4951448178001046,1.540066593985389
47.78019046783447,0.6695346529282099,1.4284376075162455,0.3522721085026839,-0.6485797780164366,1.2229810430607493,1.1536429969680897,1.716441899445873,-1.1838686954433375,-2.474140042365053,-0.982764534084159,1.536142349243164,-2.0444111070740427,-1.496193488265922,1.5355077996594095
47.799959659576416,0.6772941650424597,1.4729632461429039,0.3627740456154493,-0.6652697037148614,1.263104088202861,0.5312274396369937,-0.8442391533395132,2.029574383508283,-2.496396550949063,-0.9843397977900536,1.5132789611816406,-2.0542467704094594,-1.4970920212036323,1.5310585830497891
47.820006132125854,0.6713682106449866,1.475569137522174,0.30946861170536827,-0.6773154763474727,1.2738827275213682,-2.6590929540655854,-0.6008923815850445,0.5376825918836838,-2.496396550949063,-0.9843397977900536,1.5132789611816406,-2.064149075266123,-1.4978777938679924,1.5265500053994978
47.83997344970703,0.6676995180888916,1.4414982641826677,0.34819093312362714,-0.6254697194395966,1.2511866166948455,1.9392850973013276,2.5965308908969926,-1.1366629861147879,-2.51248294601279,-0.9951211887344045,1.5132789611816406,-2.0739410333820545,-1.4985359910261997,1.5220638434134603
47.859907150268555,0.6629052640065507,1.426266659118195,0.31953268586593975,-0.6215646069327718,1.2432991936714126,-1.4376782258385237,0.1959050450653676,-0.3956828286393266,-2.5205261461349555,-1.0005118859870659,1.5132789611816406,-2.0836458384065164,-1.4990701969048201,1.5175913133860586
47.88000679016113,0.6690385256566936,1.4112788726295,0.35285579518987337,-0.6138596355890515,1.2208100556293724,1.657895838036298,0.38333877546559286,-1.118882634824937,-2.534739456131691,-0.9966964523652138,1.5132789611816406,-2.0933602480471527,-1.4994855805887901,1.513089162013568
47.90005660057068,0.6643658499234302,1.4108093988974342,0.32322947730354007,-0.6110381632703672,1.229852929437742,-1.4776358120687234,0.1407231420672696,0.4510204148396466,-2.5427826559421125,-1.0020871499686514,1.492502212524414,-2.102979559432228,-1.4997776619928684,1.5086072765066416
47.91996145248413,0.6594148729922471,1.389824579835021,0.2868247785727108,-0.6073101185744476,1.2167655193123277,-1.828935924221879,0.18729326458339984,-0.6574984924439252,-2.5508258529942904,-1.0074778451111073,1.492502212524414,-2.1124593963245415,-1.4999478732553762,1.5041682216866537
47.940054416656494,0.6544000345366743,1.3561276942763185,0.2916517735999454,-0.5705331708520078,1.1952043620639794,0.2402330978061367,1.8303395858847127,-1.073070009152976,-2.558869051101777,-1.0128685409789464,1.492502212524414,-2.121958515646558,-1.4999997284092144,1.499699117596151
47.96010422706604,0.660365408146835,1.3346406364804932,0.27456465244222994,-0.5947502118387249,1.1628207366968157,-0.8522335527711574,-1.2078438893959371,-1.615158682585124,-2.5730823626334036,-1.0090531072820084,1.492502212524414,-2.1313670281799078,-1.4999323888259397,1.4952529463330646
47.9800066947937,0.6554034805160089,1.301244121185069,0.27998195246688984,-0.5577519982310981,1.1418226997571679,0.272192378291399,1.8589761889780831,-1.0550469030764493,-2.581125560381177,-1.014443803467652,1.492502212524414,-2.140637280899364,-1.4997489458655349,1.4908539789787045
48.00009202957153,0.6505736807304532,1.3544535933532897,0.23734590600250083,-0.5611181688399705,1.209693290900288,-2.122745124041744,-0.16759345293998035,3.3791117695497985,-2.58916875971181,-1.0198344996111817,1.4696598052978516,-2.1499232607627445,-1.4994471012291903,1.486430556067021
48.02010226249695,0.6563805920112025,1.4003059839702094,0.22661546637025007,-0.5833184788843331,1.2526938298469577,-0.5362476125213917,-1.1094478573593196,2.14892745661419,-2.6033820700923966,-1.0160190673832936,1.4696598052978516,-2.1591053507417235,-1.4990308533480532,1.4820409535125032
48.04006218910217,0.6512553095765549,1.3858543604598337,0.2325246014219439,-0.5455667167021363,1.252550029246717,0.2960499388884065,1.891377805583467,-0.007204465381296075,-2.6114252681998833,-1.0214097632511325,1.4696598052978516,-2.168195864622849,-1.4985018268280952,1.477680835672833
48.059890031814575,0.6461835988898624,1.399462110160712,0.20399330989198072,-0.5402978912381171,1.2747388422804222,-1.4389508704402223,0.26572862920299095,1.1190734844707029,-2.6194684665231764,-1.0268004587022512,1.4696598052978516,-2.177158752226857,-1.497864787253272,1.473369047826865
48.08002305030823,0.641022092832152,1.3861523489584977,0.21003174137279515,-0.5017904912201658,1.2749554129694485,0.2999267835927464,1.9126491156848693,0.010756990517568623,-2.6275116632636104,-1.0321911541954836,1.4696598052978516,-2.1861911846229094,-1.4971052741003847,1.4690119285304701
48.100090980529785,0.6470056443230449,1.4264781271708136,0.20088335268103188,-0.5252396863877249,1.3109572829637526,-0.4558710634709987,-1.1684909658679785,1.7940001583038063,-2.6417249764502033,-1.0283757222011727,1.4481945037841797,-2.195126017410084,-1.496236311917258,1.4646912356022506
48.119951248168945,0.6418179174186545,1.4258000997935427,0.1769373065617786,-0.5196707748234195,1.3158804656625793,-1.2057262547679288,0.2804046584611327,0.24789105505906134,-2.6497681745097212,-1.0337664180360397,1.4481945037841797,-2.203901413413993,-1.4952674015367098,1.4604383878712588
48.14018630981445,0.6365198227344574,1.4138578119542862,0.18343488467023625,-0.48036582144056905,1.3170399512170867,0.32110493272947843,1.9424182674321704,0.05730081651442886,-2.6578113735286095,-1.039157114530346,1.4481945037841797,-2.212774335883701,-1.4941698035201245,1.4561300388285379
48.16006541252136,0.6422547060004994,1.4024555184979635,0.1805260815209482,-0.5030743830166109,1.2966140445053569,-0.1463246702919372,-1.1423333291672795,-1.0275064731483383,-2.672024684172972,-1.0353416819187093,1.4481945037841797,-2.2214243698489122,-1.4929840776153456,1.451923011782002
48.17992043495178,0.6353310322917621,1.3937161340630901,0.1629899244416232,-0.4804149836931819,1.298106463400194,-0.8832101369202098,1.1412426957882686,0.0751658125830445,-2.672024684172972,-1.0353416819187093,1.4481945037841797,-2.2299982151213675,-1.4916945293125918,1.4477473727263102
48.19993329048157,0.6303364766125119,1.44685840280401,0.1385245187178793,-0.4817504025533237,1.3572496988830982,-1.2224845018908972,-0.06672805178422753,2.955262201082763,-2.680067881488926,-1.0407323766774166,1.426076889038086,-2.2385741029010173,-1.49028931686684,1.4435661641508357
48.220006465911865,0.6249803001451294,1.4681540993228184,0.12384958758221487,-0.4732658055649259,1.3842533064064153,-0.731071732353543,0.42268334762776827,1.3452583831135485,-2.6881110795004757,-1.046123072479312,1.426076889038086,-2.2471094422254616,-1.4887746199465113,1.4394012657644741
48.24012613296509,0.6305036614896238,1.4691227661880857,0.1501512203726499,-0.4613215239766939,1.386707887288652,1.3072598428621707,0.5936619903617566,0.1219990805883416,-2.702324390048901,-1.0423076398017312,1.426076889038086,-2.2555981282872852,-1.487151706137792,1.4352568046102923
48.2600417137146,0.6252585003612975,1.469363665587487,0.138251804899234,-0.4534727116369559,1.3907834195126958,-0.5974927682542052,0.3941041156899445,0.20464039062198566,-2.7103675893795343,-1.0476983359452612,1.426076889038086,-2.263935462539929,-1.48544307321196,1.431185058459143
48.27994966506958,0.6200565241269514,1.4608134446513261,0.14613040861625404,-0.41304262530006775,1.3935629205159514,0.3957516058049343,2.030851171774316,0.13961763084980988,-2.718410787391083,-1.0530890317471562,1.426076889038086,-2.2722050804511893,-1.4836345189693545,1.427146299747868
48.30004644393921,0.6238363692799627,1.4822937163549004,0.12936604198424276,-0.45035690740051004,1.406285086560759,-0.8341817731470536,-1.8567294959309724,0.6330450331039792,-2.7245809004555106,-1.043882902500184,1.4068946838378906,-2.2804880616087355,-1.4817078543049003,1.4231020185544936
48.31992220878601,0.6185169364518331,1.4716097541396853,0.12206027388284711,-0.44071082615956303,1.39875320400865,-0.36757167121401263,0.48531874447584744,-0.3789480611268588,-2.73262409846706,-1.0492735983020791,1.4068946838378906,-2.288615856484031,-1.4797036654048172,1.4191355605562226
48.34005808830261,0.6131492732088588,1.4640191717744315,0.1301488081125009,-0.39945455581383893,1.40244410972757,0.4016975877803094,2.048893385149095,0.1832999505125549,-2.7406672967423846,-1.0546642937202257,1.4068946838378906,-2.296785451098753,-1.4775741630983235,1.4151518460111345
48.3601553440094,0.6186480170684624,1.4315830714712199,0.14363230398712043,-0.41825368941166463,1.3615666355591467,0.6709122912769614,-0.9354079916233033,-2.0339828862613505,-2.7548806067632587,-1.0508488618101417,1.4068946838378906,-2.3048748214061834,-1.4753503667102152,1.4112114540976106
48.380070209503174,0.6134481092569064,1.4057085409271628,0.15230324554674973,-0.37689781046508497,1.3456478974449906,0.4354004581321388,2.0766336061625887,-0.7993394742802794,-2.7629238057821475,-1.0562395583044482,1.4068946838378906,-2.3128274413417973,-1.473050840095823,1.4073428354684059
48.39995765686035,0.6085044367714606,1.433402335238775,0.14634921216854688,-0.37407867460520183,1.3759684981754614,-0.299386506034116,0.14175453537357377,1.524609980653328,-2.7709670041054406,-1.0616302537555669,1.3880996704101562,-2.3207065438109735,-1.4706602052042856,1.4035160994333085
48.41999626159668,0.600918075070906,1.455709941332061,0.12085169493801542,-0.3781850913897282,1.4005221661131053,-1.272419790001987,-0.20492528489679915,1.2253182424987101,-2.7709670041054406,-1.0616302537555669,1.3880996704101562,-2.3285826478783793,-1.4681571203681976,1.3996979907457854
48.440051794052124,0.6063969659297164,1.45944866039996,0.14870395178104284,-0.3643060473502452,1.4054033694751054,1.3887567884275522,0.6920306937906995,0.2433843814839718,-2.785180315877013,-1.057814821353677,1.3880996704101562,-2.336402491030331,-1.4655581959374393,1.3959153404193376
48.45996594429016,0.6012224263919049,1.4622887640489515,0.1492224094507217,-0.3525603186749299,1.41128392737867,0.02603463685277344,0.5898182214614578,0.2952954473715067,-2.793223513888562,-1.0632055171555723,1.3880996704101562,-2.344105213255282,-1.4628858374889468,1.3921983983903292
48.48015069961548,0.5960192057526007,1.4586401279524657,0.15837218840663686,-0.30979018297454075,1.4165377917108595,0.453301454907345,2.1189325811021003,0.2602887301586322,-2.801266710101239,-1.0685962111559246,1.3880996704101562,-2.351849978876449,-1.4600848536358304,1.388471329428662
48.49999761581421,0.5993104645536594,1.470781713803955,0.15352715637308528,-0.34390812251732694,1.4217438113748555,-0.24412014365544082,-1.7190549504596884,0.2623087441830908,-2.807436822805954,-1.0593900822267568,1.3724384307861328,-2.3594038290845862,-1.457241180204095,1.3848470285642183
48.520209312438965,0.5940287743027656,1.4650056839904309,0.1564697218549126,-0.33154429303878785,1.4183924922320785,0.14558725753993212,0.611716557401496,-0.16581087698853472,-2.8154800218248432,-1.064780778721063,1.3724384307861328,-2.367034539606852,-1.454254919478816,1.3811978747713036
48.54022526741028,0.5889069092549052,1.4530287705491152,0.16615078731844365,-0.2884649521751792,1.4143813118404478,0.48366742817945985,2.1522500887591534,-0.2003991514459083,-2.823523219836392,-1.070171474522958,1.3724384307861328,-2.3745299153006165,-1.451208803753366,1.377626299632515
48.56001663208008,0.5945953517166921,1.4142683986456328,0.18858794648267202,-0.30522413604743515,1.3680014315135889,1.1336842879998998,-0.846792737735223,-2.3434402377331396,-2.837736531775803,-1.066356041671376,1.3724384307861328,-2.3818813877051044,-1.4481109835446246,1.3741367425160118
48.58008098602295,0.5868606659130514,1.3934701187843206,0.17386088538731015,-0.2783282377098514,1.3542764697691745,-0.7339912930809529,1.340481652893685,-0.6840470310428762,-2.837736531775803,-1.066356041671376,1.3724384307861328,-2.389273989870457,-1.4448841953926546,1.3706421724344648
48.5999481678009,0.5819979889822278,1.407653400208933,0.17716635138137132,-0.2736673551757929,1.3693817428931456,0.16637820255559,0.2346020983826962,0.7603128260865324,-2.845779729787352,-1.071746737473271,1.3569564819335938,-2.3965343708065596,-1.4416045712870553,1.3672253367943532
48.62005305290222,0.5875703813855958,1.4330641152096875,0.2014408487148324,-0.2887131319858681,1.389150485077007,1.2073929898693772,-0.7483642276119562,0.9832805352647824,-2.859993039976065,-1.067931305113495,1.3569564819335938,-2.4038216837979913,-1.4382010007142758,1.3638120930644027
48.64003276824951,0.5826749927260015,1.4332868935448324,0.21195292562570678,-0.24480819848033297,1.396229287217151,0.5261374713379086,2.1974754265700898,0.3542994490711871,-2.8680362379396453,-1.073322000882418,1.3569564819335938,-2.411004145172077,-1.4347352044476356,1.3604649883778626
48.65993404388428,0.5749090771215329,1.4419789162778789,0.19247039899437668,-0.24852977201243098,1.4072992904582595,-0.9789586853063825,-0.18700175809819836,0.556245913290623,-2.8680362379396453,-1.073322000882418,1.3569564819335938,-2.4180997896392693,-1.4312012979277624,1.3571760130383335
48.68018627166748,0.5805371228480957,1.4507990779543576,0.22194199473506254,-0.2321828964885384,1.4147970943370034,1.45522734862429,0.8071643129281025,0.37022119042935314,-2.882249549399268,-1.0695065665709282,1.3569564819335938,-2.4252609156658753,-1.4275222754043153,1.3538755937890419
48.700007915496826,0.57589128133172,1.4459914041892148,0.22757010137221434,-0.22066676936862506,1.410818615856394,0.2839374315070405,0.58098749120211,-0.20071385173006207,-2.890292748370188,-1.0748972630322626,1.3435955047607422,-2.4322116918322743,-1.423841617376575,1.3506913575093298
48.72012901306152,0.5816168246232649,1.4360780196208867,0.25211430212131924,-0.23576006628901203,1.393978352861883,1.2198241507544814,-0.7501229429386773,-0.8369455463531716,-2.9045060589905156,-1.0710818298390459,1.3435955047607422,-2.4392091628313484,-1.4200254319701402,1.34750595758253
48.740169048309326,0.5737482974720853,1.4177881367039333,0.23861661397985562,-0.20751142067121808,1.3820724736431924,-0.6735361477442293,1.4096105754550123,-0.5941047044812947,-2.9045060589905156,-1.0710818298390459,1.3435955047607422,-2.446120294509661,-1.4161455674033614,1.3443808655468534
48.76022815704346,0.5795570005774219,1.385298902394067,0.26240945277091876,-0.22311489500636328,1.3417950930365534,1.1861363885315248,-0.7778747571468947,-2.007934706396324,-2.918719370929926,-1.0672663969874638,1.3435955047607422,-2.4529802327540597,-1.4121839316717497,1.341300650339785
48.78022050857544,0.5750485743083897,1.3697722091467222,0.27397754639997707,-0.17807797612748977,1.3302257114631626,0.5786259615609723,2.252707431980999,-0.5786903834140223,-2.926762566830859,-1.0726570913385924,1.3435955047607422,-2.459760134578871,-1.408158690264652,1.3382787197456645
48.800042152404785,0.5672671629093478,1.387002103416923,0.25274504958375293,-0.18964052293698452,1.350529987395342,-1.071177395730907,-0.5833293600188975,1.0243487425659012,-2.926762566830859,-1.0726570913385924,1.3296260833740234,-2.4664260591126,-1.4040930513894185,1.33533030656085
48.82004761695862,0.5731731378157215,1.4216854671477517,0.27597928781600295,-0.20353825911951684,1.3797090915371577,1.1613945864505497,-0.6946969986692729,1.4585566890135038,-2.940975877714962,-1.0688416577616275,1.3296260833740234,-2.4730975609097237,-1.3999150862857956,1.3324030425508604
48.839988231658936,0.5688541595362564,1.4271398401009066,0.2879857508123574,-0.15807302455781858,1.3888143322415085,0.6021109768578669,2.2800317465125395,0.4566178546244059,-2.9490190772134337,-1.074232353455465,1.3296260833740234,-2.4796914796080025,-1.395676987080351,1.3295340976250847
48.86010718345642,0.5609614789363202,1.442263244990498,0.2674354041038529,-0.1596068849036425,1.4082354969157984,-1.0214422160439314,-0.07623957556355589,0.9653169245485903,-2.9490190772134337,-1.074232353455465,1.3296260833740234,-2.486288116928159,-1.3913273139300455,1.3266891997339183
48.880271434783936,0.5669717537882226,1.4578361294845865,0.3085364718075757,-0.14175671377447074,1.4177434394469952,2.038313599456049,0.8852384767102526,0.47152469867418106,-2.963232387306209,-1.0704169210297452,1.3296260833740234,-2.492843211712603,-1.3868945205007814,1.3238883040900846
48.9000780582428,0.5629327342388162,1.4714171176688868,0.33129987041436915,-0.1279325037421548,1.4279152651746185,1.1492821405966676,0.697958945957061,0.513556778052042,-2.9712755875002754,-1.0758076177667704,1.3164958953857422,-2.499227322506817,-1.3824698045878283,1.321186520971089
48.919976234436035,0.5653282553636865,1.4858961721120605,0.3490750002872469,-0.1571375711436671,1.4357373931909698,0.893304476765007,-1.4677258416999082,0.3931077873865526,-2.977445699581502,-1.0666014895391553,1.3164958953857422,-2.505586723955974,-1.3779550492098729,1.3185218061808592
48.94015884399414,0.5612476589502071,1.4995709345969779,0.38178370602101364,-0.110567115370652,1.445935372934602,1.6206380864475816,2.307454625178145,0.505285489186737,-2.9854888970652946,-1.0719921838481703,1.3164958953857422,-2.511981863086385,-1.3733053625745584,1.3158699757555727
48.96020698547363,0.5573981860829295,1.2846850842970423,0.4006296429094722,-0.09959483936339486,1.2165494330316822,0.9400341127748215,0.5472964174001363,-11.441755842433837,-2.9935320949809068,-1.0773828795841214,1.3164958953857422,-2.518279635758206,-1.368617390215229,1.3132868972906575
48.98021912574768,0.5597079956508997,1.2842338142434488,0.42779683677619673,-0.09772983069833363,1.2069363016672554,1.3575356505948304,0.09319386330105883,-0.4803649800962702,-2.999702207325909,-1.068176750972758,1.3164958953857422,-2.5245120020129708,-1.363869838868137,1.3107594381959033
49.00018501281738,0.5559726931988326,1.2554481651691027,0.4449800023872993,-0.08730292273604856,1.1706925696285977,0.8606262046417003,0.52223614838069,-1.8152828327701445,-3.007745405505297,-1.0735674463249607,1.3072147369384766,-2.5306764119199694,-1.3590664084734179,1.3082887734369113
49.01999545097351,0.5583232747781756,1.297655550679898,0.4599456244148551,-0.11186471095221728,1.2082409681994546,0.7554412431269982,-1.239840735605894,1.8953845581271063,-3.013915518641626,-1.0643613165623522,1.3072147369384766,-2.536740248495985,-1.3542352202346626,1.3058878269049832
49.03992033004761,0.5547729104147466,1.2983445876183484,0.49322172052583635,-0.06494091952666126,1.1992554688515806,1.6700776946868308,2.35503519248753,-0.4509688271862864,-3.0219587170847895,-1.0697520115308063,1.3072147369384766,-2.5427866363718796,-1.3493114447958,1.3035238741850437
49.06009864807129,0.5470068389624552,1.325374239146414,0.4886903242176403,-0.060881158360702736,1.2304845083810088,-0.22456759294198436,0.2011942304206877,1.5476532530004314,-3.0219587170847895,-1.0697520115308063,1.3072147369384766,-2.5488566260596484,-1.3442597513102674,1.301181981307075
49.08020734786987,0.553524282370281,1.3368508106954216,0.5412034996705749,-0.04162232960586121,1.22169408760111,2.6114654840405187,0.9577361514043636,-0.437145159455699,-3.0361720277772237,-1.0659365800823304,1.3072147369384766,-2.5548525692483106,-1.3391609999753606,1.2989005088272527
49.1000702381134,0.5502933060071786,1.3462031924995763,0.5590577201090761,-0.022148762226395058,1.2244292276053899,0.8988732364524151,0.9803994857097429,0.13770100779622274,-3.0442152256928354,-1.0713272758182812,1.30206298828125,-2.5607234498786053,-1.334062210664344,1.2966983477762577
49.12005543708801,0.5525218571631134,1.3730738789811205,0.5711019243359718,-0.046407043539472004,1.2478064174662415,0.6026562078364894,-1.213812349023715,1.1697251496245666,-3.0503853383016133,-1.0621211468231695,1.30206298828125,-2.5665789175460088,-1.3288702208903878,1.2945342856766489
49.139997720718384,0.5494915248346218,1.379373278309444,0.6050606226968586,0.0012770033958707794,1.239584871252533,1.702849031249828,2.3911026349420874,-0.41226703852449065,-3.0584285364330324,-1.0675118421424004,1.30206298828125,-2.572370531184722,-1.3236284011094146,1.2924266185287467
49.160054206848145,0.5419436195788087,1.3739380024431795,0.596251907784265,0.0044886815568631055,1.2378082035432871,-0.4391953234282065,0.16013164719949072,-0.08858319935761788,-3.0584285364330324,-1.0675118421424004,1.30206298828125,-2.5781439719284123,-1.3182958977374146,1.2903590846544806
49.18006944656372,0.5488267895236992,1.3909630740216847,0.649403633495093,0.024336931531149908,1.2298214943067445,2.6555627844649066,0.9916568702817276,-0.3990314055707898,-3.0726418473890367,-1.063696408049799,1.30206298828125,-2.5838544910011256,-1.3129145172352634,1.2883480625348216
49.20009231567383,0.5412000142650482,1.4207408545914786,0.6342476056291433,0.02073853744044074,1.2711429753272663,-0.7569358708087967,-0.17971420933340265,2.063714285564748,-3.0726418473890367,-1.063696408049799,1.2941837310791016,-2.5895164696936925,-1.3074720427803657,1.2863885544339753
49.219942569732666,0.5386682668715106,1.4755942719971706,0.6472577990513158,0.04156150563984817,1.3254087816093023,0.6554169726800028,1.0490026040818587,2.733758778159082,-3.0806850445610854,-1.0690871027095907,1.2941837310791016,-2.5950798335443053,-1.3020189802691333,1.2844975974700845
49.24005055427551,0.5408077199607023,1.4998302104837407,0.6760969368489376,0.045444606426261136,1.33802779493176,1.4342132467911213,0.1931123817078106,0.6275623146401758,-3.0868551566423115,-1.0598809744819753,1.2941837310791016,-2.6006652321403925,-1.2964374439355655,1.2826345301732236
49.25998330116272,0.5384565512297329,1.5405183595918084,0.6874138022768974,0.0649055598880911,1.3771152271957012,0.5677524272995752,0.976330737150941,1.9609656654511451,-3.0948983570521853,-1.0652716708022805,1.2941837310791016,-2.606152324925108,-1.2908480739798436,1.2808398196686723
49.28007197380066,0.540609950769209,1.5653077639940263,0.7165124956752073,0.06899765723191309,1.38997754041487,1.4485124986981004,0.20370172870922568,0.6402769088325426,-3.101068469612995,-1.0560655417741964,1.2941837310791016,-2.6116326886638705,-1.2851587975676637,1.2790835540153562
49.30002522468567,0.5382617030428771,1.5814900144215516,0.7241508144661084,0.08637281528572771,1.4033018208506567,0.38281074271659554,0.8707933435983616,0.6677749161063679,-3.109111666737075,-1.061456236401016,1.2848644256591797,-2.6170270175521413,-1.279452821510938,1.277391281771102
49.31991767883301,0.5310982505679321,1.5864937185827876,0.6968450530454438,0.08816837615122808,1.4225314156796642,-1.3726693156318024,0.0902634160773255,0.9666778511378398,-3.109111666737075,-1.061456236401016,1.2848644256591797,-2.6223565073846595,-1.2737103315618945,1.2757558754145188
49.34004998207092,0.5384636229649206,1.6195576628387947,0.7409516782503534,0.10933025199256274,1.4359681506764301,2.1908385088221736,1.0511403286177727,0.6674216475867788,-3.1233249793960134,-1.0576408040440137,1.2848644256591797,-2.627701380304389,-1.2678444966297155,1.2741532677708558
49.35997700691223,0.5313950505319393,1.5978932777738029,0.7110525451390628,0.11021071687945982,1.4267167914799646,-1.5004313664180238,0.044184462753912114,-0.4642619392578652,-3.1233249793960134,-1.0576408040440137,1.2848644256591797,-2.6329435642545724,-1.2619856518924544,1.272618995020871
49.38005971908569,0.5243219780350078,1.6085505720936217,0.7016063922956448,0.14328337327498897,1.4403656786439851,-0.47036240731968987,1.6468222075717767,0.679633659344914,-3.1233249793960134,-1.0576408040440137,1.2848644256591797,-2.638178532739713,-1.2560285304795935,1.2711249952841468
49.399935483932495,0.5317827536670583,1.6374961708042803,0.6969258686064638,0.1240619348530857,1.4765827709228887,-0.2354889849652346,-0.967079182615517,1.8221735142298852,-3.1375382897764976,-1.0538253706859368,1.2738113403320312,-2.643312177932045,-1.2500816516063757,1.269697987914413
49.419909954071045,0.5248333209022586,1.656094465226569,0.6567377859511081,0.12585967379225405,1.5150919776604388,-2.0119724016005076,0.09000183367561747,1.927921315080549,-3.1375382897764976,-1.0538253706859368,1.2738113403320312,-2.6484241523799117,-1.2440546303233526,1.2683155141077491
49.440117597579956,0.5269382605436128,1.6734677521742176,0.6665203169271942,0.1311745140699997,1.5293914579167758,0.4841005321462729,0.2630113835589943,0.7076273020172402,-3.143708401761787,-1.0446192423923781,1.2738113403320312,-2.65354798976477,-1.2379063077561803,1.266969462030578
49.45989727973938,0.5257452870403317,1.5799997040168892,0.6451908552909064,0.1448626782564123,1.4349712991522952,-1.0783520920292236,0.6920315542022512,-4.773593326902632,-3.1517515979264963,-1.0500099363597584,1.2738113403320312,-2.6585169383741984,-1.231839342191727,1.2657030337120974
49.48000931739807,0.5189356094542549,1.5929952235489362,0.6362852337527819,0.17861469492873272,1.4494383996270446,-0.44280056000570905,1.6781997550474206,0.7193254467926807,-3.1517515979264963,-1.0500099363597584,1.2738113403320312,-2.663522708656897,-1.2256214465554134,1.2644670410520555
49.49988842010498,0.5210836965626164,1.4305736073285054,0.6044355174541016,0.14551853007768234,1.2884187629140285,-1.602170720090429,-1.6648721694841628,-8.099944906318742,-3.157921710655144,-1.0408038068819823,1.2670574188232422,-2.668424464187356,-1.219427769549446,1.2632965034044934
49.52008318901062,0.5143035752447387,1.3957075716162908,0.5593912643260281,0.14630247302206545,1.270305721175182,-2.230491140480161,0.03881910944592107,-0.8969175048984158,-3.157921710655144,-1.0408038068819823,1.2670574188232422,-2.673357531401295,-1.2130876773658037,1.2621592901317733
49.540000677108765,0.5135784067519996,1.4037538327942771,0.5754824284634307,0.19662421175278932,1.2651812980624753,0.8078912390012445,2.5265102950111333,-0.25728259946514825,-3.165964909745934,-1.0461945028606523,1.2670574188232422,-2.678177140869898,-1.2067879279635247,1.2610888150845463
49.55996918678284,0.5157995944466182,1.3787535566014082,0.5520670105800988,0.16912412733153126,1.2520305168902768,-1.172617199055932,-1.3771726017673231,-0.6585759972500032,-3.1721350222587748,-1.0369883737995966,1.2670574188232422,-2.682963819911607,-1.200426075012939,1.260066406906477
49.57992672920227,0.5093109270445807,1.375543824296372,0.5436408278900506,0.20314459021299125,1.2471197770375162,-0.42220542554594126,1.7046418925975912,-0.24605934686521144,-3.1721350222587748,-1.0369883737995966,1.2670574188232422,-2.6877028327552184,-1.194022376025143,1.2590952379142326
49.599934101104736,0.5115509636103066,1.3876250620826491,0.5159209280277193,0.16859939276541713,1.2770681867864477,-1.3854843103563748,-1.7266234473962356,1.4968687489255161,-3.1783051339802886,-1.027782245889786,1.2659740447998047,-2.692408757203529,-1.1875578155915552,1.2581723313773696
49.619871377944946,0.5051493133390691,1.4293053261268127,0.4806672499520152,0.17206141153733145,1.3350159477616073,-1.7682293503896997,0.17364551837551065,2.906503302311033,-3.1783051339802886,-1.027782245889786,1.2659740447998047,-2.697053704924149,-1.1810718518656933,1.2573029723109086
49.639952659606934,0.4987776458786968,1.4268172431358068,0.47232971461235906,0.20658560359561573,1.3304264257714167,-0.4151894027480632,1.7192225396467875,-0.22854726443473372,-3.1783051339802886,-1.027782245889786,1.2659740447998047,-2.7016875953774115,-1.1744951816471425,1.2564779189641047
49.66012907028198,0.49245600212946633,1.4574052154343908,0.43914562105249566,0.21046550270677766,1.3736394569377237,-1.644697567585722,0.1922987776988507,2.1417600911418035,-3.1783051339802886,-1.027782245889786,1.2659740447998047,-2.7062986122051416,-1.1678436583693528,1.2556998942610362
49.67994284629822,0.4948397086319579,1.4761507261351734,0.4499445666920752,0.21647707262603033,1.3891394927079659,0.5450220912324302,0.30340354682150467,0.7822858074877542,-3.184475246756905,-1.018576116444982,1.2659740447998047,-2.710783237817124,-1.161269727383944,1.2549853550346197
49.69998550415039,0.4885972873744499,1.473001154052133,0.41899072509587965,0.21902306268603045,1.395065614992419,-1.5443980446355734,0.12702856471324234,0.2956754701977137,-3.184475246756905,-1.018576116444982,1.2634201049804688,-2.715276114803365,-1.1545780681331825,1.254312254481284
49.72008156776428,0.49093741448116435,1.499505910764503,0.4111795410227192,0.19495867001871958,1.4287898650419382,-0.3886922445727576,-1.1974679782898436,1.6781520350187864,-3.190645358958002,-1.0093699877347024,1.2634201049804688,-2.719737223693701,-1.1478270069061218,1.2536873293478574
49.73992896080017,0.48490020963198105,1.5173491911861174,0.4032145814294631,0.22950848144092362,1.444677274086676,-0.4013101155831205,1.7407732773634297,0.8004783810150652,-3.190645358958002,-1.0093699877347024,1.2634201049804688,-2.7241003641423074,-1.1411192537287764,1.253119035929859
49.759997606277466,0.47888479178528887,1.3075815699561855,0.373977451228608,0.2275024097387226,1.2321335486158598,-1.4568561806492193,-0.099960493321317,-10.590835625218553,-3.190645358958002,-1.0093699877347024,1.2634201049804688,-2.7284692284611034,-1.13429658500486,1.2525935867657725
49.77993631362915,0.4813288731170475,1.3084082409494693,0.38500474181557137,0.23415889311749116,1.228361952576683,0.5530594532765296,0.3338472881596396,-0.18915950631364373,-3.1968154715188115,-1.0001638587066186,1.2634201049804688,-2.7327672861210126,-1.1274787433185391,1.2521202872213113
49.799948930740356,0.47542042773608684,1.2620880318320176,0.35779080847323624,0.22994793157896454,1.1882659156216842,-1.359838805245352,-0.2104153352421208,-2.003537904722466,-3.1968154715188115,-1.0001638587066186,1.2629203796386719,-2.737038925645301,-1.120596728358896,1.2516938538757763
49.81998300552368,0.46961378191801184,1.310764476415404,0.3392670894561142,0.23665878647731664,1.243782124581154,-0.9246106554688376,0.3349720399335684,2.7710892347111145,-3.1968154715188115,-1.0001638587066186,1.2629203796386719,-2.7412728899812633,-1.1136688698632184,1.2513155092910846
49.839967489242554,0.47209968925076007,1.3117029939271525,0.350425877291389,0.24368729220426522,1.2403156664414785,0.5583725850639389,0.35169813870704614,-0.17345747773318743,-3.202985583719908,-0.9909577299963395,1.2629203796386719,-2.745454490659018,-1.1067203832789456,1.2509862446410054
49.85997724533081,0.4664101998788226,1.353284664825835,0.33508224492316335,0.25094425746086224,1.28690568917751,-0.7668075662966434,0.3626713501448393,2.328365349909177,-3.202985583719908,-0.9909577299963395,1.2629203796386719,-2.7495997178540588,-1.0997258460020094,1.2507044832468972
49.880016803741455,0.46081686678948275,1.3553542101868883,0.32735289570304454,0.2865672191133998,1.2836293646048178,-0.3857045680214772,1.7776320676615045,-0.16349285276425093,-3.202985583719908,-0.9909577299963395,1.2629203796386719,-2.753709579327015,-1.0926840642862823,1.2504700982617734
49.89991807937622,0.46342931566299467,1.3457550383591856,0.33294297049745947,0.2648843708452522,1.2767309316169073,0.28089027542785233,-1.0895205245170179,-0.3466327040795105,-3.2091556959210044,-0.98175160128606,1.2645626068115234,-2.7577501619080467,-1.0856549575533552,1.25028440542831
49.91986703872681,0.45797979444352116,1.3862548230059955,0.32275194886654673,0.27314647023795036,1.3201987045921453,-0.5108547995819844,0.41416192431388665,2.1789493983785793,-3.2091556959210044,-0.98175160128606,1.2645626068115234,-2.761759752362338,-1.0785735858470893,1.2501450788873554
49.93995213508606,0.45260622523065375,1.4082505491007826,0.3151604566695482,0.3091432565697858,1.3372636024778082,-0.3779664314879557,1.7922137732365033,0.8496298738343535,-3.2091556959210044,-0.98175160128606,1.2645626068115234,-2.7657558074048443,-1.0714085730257012,1.2500518728578185
49.959893226623535,0.4552155587081281,1.4316479603821017,0.3254349261574977,0.2892015773659937,1.36384399362688,0.515241077382377,-1.0000294701177914,1.3329456463864542,-3.2153258089613965,-0.9725454714575076,1.2645626068115234,-2.76968282438842,-1.0642604320567757,1.2500057804706666
49.979920625686646,0.44998443566668567,1.4540320267272064,0.3180078163037564,0.3252342231438644,1.3810513616857814,-0.3708474490540172,1.7991675136808625,0.8591913510425123,-3.2153258089613965,-0.9725454714575076,1.2645626068115234,-2.7735865833674995,-1.0570472333299017,1.2500057817994916
49.99995422363281,0.4448226186848908,1.500305056056276,0.3117373697465357,0.3281710293285711,1.4303981435394004,-0.31299652583975396,0.14659404629155018,2.463201167669462,-3.2153258089613965,-0.9725454714575076,1.2629051208496094,-2.7774514130469696,-1.049798111518596,1.250051907249445
50.01991605758667,0.4474831970113849,1.5638988181900682,0.326562608561809,0.3100622619238237,1.49766410451619,0.7426791971891182,-0.9071695239328494,3.369728509528612,-3.2214959214742374,-0.9633393423964516,1.2629051208496094,-2.7812626900042217,-1.0425419525825168,1.2501434572938013
50.04023504257202,0.4424387565891555,1.5870696993116122,0.31919007251016107,0.3469183558579416,1.515439072497747,-0.3628397804793391,1.8138747560809931,0.8747960586796664,-3.2214959214742374,-0.9633393423964516,1.2629051208496094,-2.7851017138459935,-1.035122577696824,1.250283076225756
50.060043811798096,0.43765128249757423,1.623941825679785,0.3157082787234111,0.3561399510569979,1.5526363615472922,-0.1757703240929719,0.46553095216627305,1.8778192943245895,-3.2214959214742374,-0.9633393423964516,1.2629051208496094,-2.788805216683481,-1.0278576889333682,1.2504639786354736
50.07995939254761,0.4403803904525109,1.6448637528447747,0.3275211273285602,0.36421192673576974,1.57024085700234,0.5931460776226024,0.4053095804886197,0.8839559175536194,-3.227666033987078,-0.9541332133353959,1.2629051208496094,-2.7924900173294622,-1.0205223456940669,1.2506901330977058
50.09990739822388,0.42841567177713213,1.6298818024231778,0.3005652273769279,0.35599760055611646,1.5618709749401103,-1.3513080149009307,-0.4117868378905256,-0.4195849047800662,-3.2196228349442566,-0.9487425173896977,1.2584800720214844,-2.7961421562104753,-1.0131441005091566,1.2509608529706258
50.11992835998535,0.4311925637714837,1.6424578661367975,0.3176666538844325,0.33695529355721854,1.5758226007987952,0.8541760736196018,-0.9511184939946357,0.696850931783476,-3.2257929471453535,-0.9395363886794186,1.2584800720214844,-2.7997689656605944,-1.0057081806838966,1.25127672595075
50.13992118835449,0.4265566786147143,1.6662360960274563,0.31057726777567346,0.37355276024426814,1.593845294801131,-0.35459645718269944,1.8305297285269857,0.9014579462980952,-3.2257929471453535,-0.9395363886794186,1.2584800720214844,-2.803352210516016,-0.998252507552442,1.2516359876146124
50.159889698028564,0.42207136493612873,1.6543771590363912,0.3089769668210003,0.3824948654417009,1.5796185287043674,-0.08014123140852386,0.44781034455683383,-0.7124600848523077,-3.2257929471453535,-0.9395363886794186,1.2584800720214844,-2.806892937925075,-0.9907762348997637,1.252038214089752
50.17992043495178,0.4249070533402057,1.6760329998800179,0.3209173309738479,0.3911115801957157,1.5978518126548042,0.5961020904332003,0.43017462547905905,0.9102652598518506,-3.2319630596581943,-0.9303302596183628,1.2584800720214844,-2.8104066014565467,-0.9832473175464653,1.2524849484220246
50.20002603530884,0.42051872584417244,1.6903504545709565,0.3212470772001015,0.39409557170821524,1.6120712313724248,0.016400715243396008,0.14841593682888404,0.7072367134080895,-3.2319630596581943,-0.9303302596183628,1.2536125183105469,-2.8138952371015074,-0.9756611554771958,1.2529765867478524
50.219990730285645,0.42342525308658946,1.7276846627662878,0.33972317670124924,0.37675018395280097,1.6515270981916719,0.9254386066309447,-0.8688030433505114,1.9762819750105716,-3.2381331719072595,-0.9211241309410553,1.2536125183105469,-2.817321786164711,-0.9680997790101835,1.253507307266911
50.240023136138916,0.4192626441631878,1.7525393869387713,0.33294095041844324,0.4138547723853218,1.6701104315823194,-0.33856274341099174,1.8522282697493027,0.9276635830345217,-3.2381331719072595,-0.9211241309410553,1.2536125183105469,-2.8207224790507155,-0.9604847430142591,1.2540820893387687
50.259933948516846,0.4077223753276784,1.759344981891079,0.30779493900861105,0.40787987554989436,1.683505582986706,-1.2629324676729667,-0.3000830263485574,0.6727576529842951,-3.230089975934425,-0.9157334371055629,1.2536125183105469,-2.824065519613682,-0.9528885774726348,1.2546949953738376
50.279961347579956,0.4106994579249724,1.7815039398071235,0.31991473170893703,0.41682671984363345,1.7022533118218037,0.6051605933518418,0.4467302152189507,0.9361040230945528,-3.2362600889268482,-0.9065273072440383,1.2536125183105469,-2.827391127445205,-0.9452208180804889,1.255353005580904
50.30001497268677,0.4067933072478941,1.7534719838746957,0.31924549479996217,0.42635950584009497,1.6706178150801514,-0.033372365615209426,0.4753647256138021,-1.5775450360297625,-3.2362600889268482,-0.9065273072440383,1.2507057189941406,-2.8306840950440213,-0.937516206857158,1.256053251921074
50.320008277893066,0.40983469815841944,1.7528213702695143,0.336643007265686,0.40906281124755667,1.6708446541156539,0.8701669026811445,-0.8651243210696863,0.011345749647787281,-3.2424302009601065,-0.8973211789834512,1.2507057189941406,-2.833930496846855,-0.929808492782022,1.2567922612097013
50.34002494812012,0.4060987317394298,1.7787582191031506,0.33005000519336625,0.4464745145160251,1.6898841096319446,-0.3293755653430264,1.8690273079440447,0.9511799565224667,-3.2424302009601065,-0.8973211789834512,1.2507057189941406,-2.8371442225223724,-0.9220658879183095,1.257572667506477
50.359984397888184,0.4091999625672052,1.753658684243416,0.3468280451871772,0.42920628712831566,1.664575336529866,0.8406063387906878,-0.8651655024747871,-1.2680095591898926,-3.2486003134729473,-0.8881150499223954,1.2507057189941406,-2.8403126135506858,-0.9143200455001397,1.2583908776757702
50.380043268203735,0.40564716212487756,1.7801787484100051,0.34037884684167163,0.4668375551307182,1.6838174823991225,-0.321513537106098,1.8760412431215918,0.9592836269716599,-3.2486003134729473,-0.8881150499223954,1.2507057189941406,-2.8434606205014674,-0.9065104776350146,1.2592530904153159
50.39990520477295,0.394455244170066,1.7630011377591916,0.31460726783718407,0.45563516148358774,1.6737956501269955,-1.297536064254363,-0.564013161963986,-0.5045747798661767,-3.240557115221658,-0.882724355085829,1.2506465911865234,-2.8465421673985087,-0.898753180149165,1.2601459233881251
50.41994857788086,0.3976283396552335,1.7955911026901683,0.33054015094326133,0.44093379814939077,1.7089376823992304,0.7949202472207297,-0.7334775067573356,1.7532993115997038,-3.2467272277344987,-0.8735182260247732,1.2506465911865234,-2.8496162061556127,-0.890900745205191,1.2610859908097616
50.43998336791992,0.39435397196407573,1.8225216941731006,0.32413500372470583,0.478716098225285,1.728395996984468,-0.31970123999638517,1.8858345908406733,0.9712262792521951,-3.2467272277344987,-0.8735182260247732,1.2506465911865234,-2.852653306307821,-0.8830277167727025,1.262064526243209
50.45998525619507,0.39127812385474364,1.8356437192700519,0.3213002392567133,0.4920970695612962,1.7390211311189847,-0.1417248426247278,0.6689854053748426,0.5312065535192025,-3.2467272277344987,-0.8735182260247732,1.2506465911865234,-2.8556500735995813,-0.8751441122455759,1.2630798616741776
50.47999668121338,0.39452565327716455,1.859041030738928,0.33395740061229057,0.5017860212932078,1.7586121793567422,0.6324967534293985,0.4841710034665801,0.9789931611482731,-3.252897339983564,-0.864312097347466,1.2506465911865234,-2.8586131112209516,-0.8672336186927218,1.26413372416113
50.49992632865906,0.38350735038899686,1.8047525947446588,0.3061030965090016,0.4976909722063681,1.7075527865133362,-1.3976315526509002,-0.2054752397402613,-2.5619817401474934,-3.244854140293116,-0.8589214003915521,1.2533988952636719,-2.861529261691641,-0.8593328404473579,1.2652207379556397
50.520002603530884,0.3868127310259804,1.8044597250174212,0.321171965417564,0.48334517402644855,1.7085961812508854,0.7505809222461455,-0.7145647422894956,0.05197153078499917,-3.2510242532855393,-0.8497152705300275,1.2533988952636719,-2.8644319639347655,-0.8513514597316897,1.2663531834803756
50.53992199897766,0.38405797300306316,1.8324456095651085,0.3150065345171453,0.5212454051684894,1.7282740010822004,-0.3095189769635395,1.9026797898212575,0.9878723420041633,-3.2510242532855393,-0.8497152705300275,1.2533988952636719,-2.867277521856733,-0.8434105550127529,1.267513543937139
50.56012439727783,0.3874036803415875,1.8080084122501305,0.32942072556435875,0.5064568879442074,1.7040768248496774,0.7134891032759978,-0.7320179022585097,-1.1977378068186266,-3.257194365318797,-0.8405091422694406,1.2533988952636719,-2.8701286416846727,-0.8353348658336,1.2687274305219434
50.580050468444824,0.3766891457581616,1.8274947321784696,0.29864296013391817,0.5279060984484113,1.7239096640263618,-1.544597787115424,1.0764395210900788,0.9953211052230813,-3.2491511683386234,-0.8351184477415368,1.2533988952636719,-2.872906514390551,-0.827348394670512,1.269960875301766
50.59997200965881,0.37401777576052153,1.8054348551151242,0.2955992235978562,0.5357958058381668,1.698569683445205,-0.152786197782962,0.39603900647080365,-1.271988964556745,-3.2491511683386234,-0.8351184477415368,1.2595138549804688,-2.875649933360932,-0.8193429649409285,1.2712295793453976
50.6200156211853,0.37745433071175155,1.8407997227121642,0.31041698113761446,0.5231126684826823,1.7373940408069546,0.7392758296166044,-0.6327770491222421,1.9369941046023547,-3.2553212808994325,-0.8259123187134532,1.2595138549804688,-2.8783762048701513,-0.8112678487301046,1.2725415535202174
50.64005422592163,0.37521890729187657,1.869936221642455,0.3044291949756106,0.5615782261277139,1.757445371610797,-0.2988125291552136,1.9195726524460603,1.0006350775256905,-3.2553212808994325,-0.8259123187134532,1.2595138549804688,-2.881067906293029,-0.8031744214802462,1.2738884163456354
50.6599178314209,0.3704341076645984,1.8732935636099135,0.2956494265835044,0.5317443234904133,1.771741563112097,-0.44200275687260976,-1.501937935607945,0.7197178529259027,-3.2534481939856006,-0.8113154923127351,1.2595138549804688,-2.8837028128460402,-0.7951319705123754,1.2752578973256166
50.68001747131348,0.36831896186753504,1.902755524773075,0.2896666280558549,0.5703692906149609,1.7919962901659692,-0.2976570008032166,1.921674583772517,1.0077159174056325,-3.2534481939856006,-0.8113154923127351,1.2595138549804688,-2.886335472635243,-0.7869742677127802,1.2766781283087474
50.6998987197876,0.3661312865624243,1.8455757506368096,0.28694510329922956,0.5839837647403848,1.7270713133946916,-0.1368890268721246,0.6847896973444875,-3.2656388181953857,-3.2534481939856006,-0.8113154923127351,1.26763916015625,-2.8889064601886827,-0.7788861042881059,1.2781166652285998
50.719937324523926,0.3696833201604497,1.838676170510705,0.30333847393302904,0.5708658930133529,1.7212867170898518,0.8180894253620273,-0.6546299954332877,-0.2886726087446999,-3.259618305227532,-0.8021093652033932,1.26763916015625,-2.891464690205969,-0.7707149851468269,1.2796001740042582
50.74022078514099,0.3594489098247531,1.8507477073972631,0.27272898000524826,0.5935382979117824,1.7316461153519522,-1.5090863687248506,1.1177779436391695,0.5107313025956018,-3.2515751085591016,-0.796718670324713,1.26763916015625,-2.8940204931719924,-0.7624249769122967,1.2811357664598753
50.76001167297363,0.36309644352310066,1.819610527753788,0.2899515542289919,0.5793581480625309,1.7003689908917314,0.8702274687918754,-0.7164989246143748,-1.580380057969641,-3.257745221383687,-0.787512540912881,1.26763916015625,-2.8964816880903212,-0.7543182239342874,1.2826666061083143
50.78011155128479,0.3615643985469762,1.8318140707225388,0.28419903651160483,0.618323169023107,1.7007204814407852,-0.2861966439962918,1.93856999317986,0.01748719786321809,-3.257745221383687,-0.787512540912881,1.26763916015625,-2.8989485927950596,-0.746066857773839,1.284253881315795
50.79997682571411,0.3563028930093842,1.766939128475892,0.27776379584113076,0.5826083910143868,1.6448369585398728,-0.3239442119649559,-1.7978497168911485,-2.8131261463183206,-3.255872136316696,-0.7729157163466778,1.2793388366699219,-2.90135443711356,-0.7378943061235258,1.2858544597831272
50.81994581222534,0.3548717934330504,1.7974151503550109,0.27632730058611443,0.598673005728957,1.672104984110739,-0.07193631255188865,0.8044782195398623,1.365518753569729,-3.255872136316696,-0.7729157163466778,1.2793388366699219,-2.9037406711059273,-0.7296618227279767,1.2874949184331834
50.84006714820862,0.35857652008638297,1.8034585883043834,0.2896367902482766,0.6095186512664483,1.6724414558428782,0.661461528857935,0.5390121981217145,0.01672213676163938,-3.2620422480382096,-0.763709588436867,1.2793388366699219,-2.906112633661258,-0.7213493230988166,1.2891794813248527
50.860100746154785,0.35739652230102253,1.8219575818417861,0.2884618892822663,0.6252232368382831,1.686835816723114,-0.05864652815572245,0.7839123862840365,0.7185110192844701,-3.2620422480382096,-0.763709588436867,1.2793388366699219,-2.908442002878984,-0.7130562379562155,1.2908878133035993
50.880042552948,0.3476732202303648,1.8441111479064012,0.2582188331162202,0.6476128292720502,1.7072394628226624,-1.5165654987861585,1.1227464324540217,1.0231593511623416,-3.2539990498828573,-0.7583188936662444,1.2793388366699219,-2.9107288814154693,-0.7047847662421913,1.2926187729148007
50.89998173713684,0.3511603622386443,1.7748039752021771,0.276527295299137,0.6335780657344922,1.634637770262309,0.9182152092843173,-0.7038785240477086,-3.6411566226956587,-3.2601691626594738,-0.7491127642214404,1.2916069030761719,-2.912983862413493,-0.6964983179704056,1.2943795094999446
50.9198796749115,0.34149556247040347,1.7713069199059668,0.25089624201506433,0.6326588454745314,1.6353354596205374,-1.2881261150950074,-0.046196760205543856,0.03506340034478436,-3.2521259650316727,-0.743722068683321,1.2916069030761719,-2.9152028170320383,-0.6882132864145959,1.2961661376651055
50.940008878707886,0.3453003247438198,1.7776421850126256,0.26430461987202797,0.6437591128864145,1.6357655731878151,0.6661156592478089,0.5514508931483731,0.021367639357645227,-3.2582960781680024,-0.7345159389207125,1.2916069030761719,-2.9174158288638417,-0.6798162349774982,1.2980031747281044
50.96024012565613,0.3446252613096483,1.7605520612259626,0.2634627409129514,0.6589823529827119,1.6111713760165272,-0.04161280623138783,0.752461780296744,-1.2156540441727375,-3.2582960781680024,-0.7345159389207125,1.2916069030761719,-2.9196080336769383,-0.6713609803808254,1.2998791738277578
50.98017477989197,0.3484926366331594,1.7672348585694468,0.277107566023195,0.6698436063338153,1.6117195740107464,0.6844776412380402,0.5448428260960934,0.027499749317630415,-3.2644661898895158,-0.7253098110109018,1.2916069030761719,-2.9217368180341383,-0.6630146735898723,1.3017563517727633
51.00008535385132,0.33893536563056725,1.7228054253071317,0.25291394128866285,0.6629364357146693,1.5699071163516178,-1.2151143801241397,-0.34690966886478036,-2.1000126738934215,-3.2564229910385687,-0.7199191151970916,1.3051681518554688,-2.923832173162902,-0.6546638216751429,1.303659308826651
51.020018100738525,0.34280234046843366,1.7596770770759147,0.27130653160722484,0.6514826970280349,1.6119635470341043,0.9227323470588232,-0.5746191807605577,2.1099164565962822,-3.262593103599378,-0.7107129861690076,1.3051681518554688,-2.9258990995234195,-0.6462892907644344,1.3055920862292798
51.03999066352844,0.33350871058310966,1.7643025582318281,0.2413473588868441,0.6741972517324721,1.6124431881769044,-1.500016449341464,1.1372879356225916,0.024015002373266973,-3.254549905491994,-0.7053222914313568,1.3051681518554688,-2.9279394091642628,-0.6378838661368109,1.307556146234289
51.06017446517944,0.3374450487256074,1.7876187067551574,0.2595834575018545,0.6625239974961953,1.639896040020228,0.9035016757661224,-0.578347649175295,1.360142767849793,-3.260720018580355,-0.6961161616357765,1.3051681518554688,-2.929970162755657,-0.6293753879896605,1.3095684830346908
51.079922676086426,0.33731689046588625,1.8202095943325474,0.2544987893863774,0.701442943265912,1.6602322520790818,-0.2574748740241246,1.9707580576808605,1.0297749074405214,-3.260720018580355,-0.6961161616357765,1.3051681518554688,-2.9319269024413903,-0.6210370862423604,1.3115637606047323
51.099950313568115,0.3322187307475412,1.752447141325618,0.24810267863364846,0.6720519784287996,1.599331792432413,-0.31936421650215363,-1.4675203135658632,-3.0408209506661867,-3.2588469330817498,-0.681519337903014,1.3170833587646484,-2.933880971870935,-0.6125674016018479,1.3136135469313461
51.120121717453,0.33219723905427107,1.7673436481350455,0.24774416644238123,0.6890586524058532,1.6085162641831416,-0.017773289024063662,0.8431080986779945,0.45532139473988315,-3.2588469330817498,-0.681519337903014,1.3170833587646484,-2.935818285130681,-0.6040235526966335,1.3157044050193807
51.14000344276428,0.32329933680340567,1.7729262328541013,0.2179322976013544,0.7118295882849963,1.609059221423016,-1.499460855347094,1.1453199117596065,0.02730936231003389,-3.2508037354539487,-0.6761286423648944,1.3170833587646484,-2.9376976533548613,-0.5955895701434747,1.3177907312227122
51.15997838973999,0.32731220409048106,1.7545981717855468,0.23635745619990317,0.6998909495448281,1.5915095212021615,0.9224133921835198,-0.5976806223659596,-0.8785855723270275,-3.2569738480627266,-0.6669225133697827,1.3170833587646484,-2.939555841029421,-0.587103425550077,1.319911958630882
51.180060625076294,0.3277555379430841,1.7707805926383262,0.23131611775246763,0.7397043485156407,1.592166523237918,-0.25103472611547617,1.9825182956022742,0.03271558293955877,-3.2569738480627266,-0.6669225133697827,1.3170833587646484,-2.9413938183580366,-0.5785592001642212,1.3220695781023089
51.19989275932312,0.3226152424068353,1.7272683091261847,0.22683331050694827,0.7065383652295318,1.559745491871949,-0.22603756054327662,-1.6723355577031036,-1.6347726857061515,-3.2551007635714604,-0.6523256903294314,1.3293304443359375,-2.94317930064447,-0.5701093576563705,1.3242245418202372
51.219975233078,0.32317047873318083,1.784423376224508,0.22661208579087166,0.7252597063858612,1.6145625124110485,-0.011015810042964385,0.9322228618263488,2.729595029385826,-3.2551007635714604,-0.6523256903294314,1.3293304443359375,-2.9449574623497203,-0.5615408709067095,1.3264308591418033
51.24003791809082,0.3180274464989877,1.799811896485975,0.21589622760956761,0.7202652292799498,1.6352154846156213,-0.5341188467275464,-0.2489436036463007,1.0294221432165356,-3.253227676633696,-0.6377288644773218,1.3293304443359375,-2.9467039741403944,-0.5529690536087977,1.3286588804920605
51.259987115859985,0.31877811759176433,1.8431111112039078,0.2162290062642495,0.7381297511220789,1.6749531502706982,0.01668130510973555,0.8955007639325621,1.99194304026092,-3.253227676633696,-0.6377288644773218,1.3293304443359375,-2.9484110815035125,-0.544434300479034,1.3308975808838652
51.280051708221436,0.3136719601767164,1.8588274615480895,0.20556404319892246,0.733179233202025,1.6957096355067152,-0.531531509497172,-0.24672905538640352,1.0344832759172347,-3.2513545910871215,-0.6231320407115872,1.3293304443359375,-2.9500984757534385,-0.5358389027742951,1.3331722725756054
51.300039768218994,0.3146060118121989,1.8209152715913557,0.20659216882389958,0.7500295637949312,1.6463619758512533,0.05143698913764993,0.8430198125763254,-2.468856890638177,-3.2513545910871215,-0.6231320407115872,1.3403205871582031,-2.951750029972891,-0.5272652953300181,1.3354608795669936
51.31989002227783,0.3187197989551036,1.8409199876607427,0.22700511453905647,0.7396888315725201,1.6704237520428218,1.0283468239071971,-0.5209370213479549,1.212164646369122,-3.257524703959675,-0.6139259113327271,1.3403205871582031,-2.9533612519698798,-0.5187401676167614,1.3377556480026627
51.34005928039551,0.31365231784447123,1.8567011162017901,0.2165261261538777,0.7349706685496241,1.6912343385733057,-0.5195524953887757,-0.23392843680061254,1.0317973228894388,-3.255651618293026,-0.5993290857892801,1.3403205871582031,-2.9549689302157542,-0.5100673753832218,1.3401093166673899
51.35988926887512,0.31471957609469714,1.8599369140311153,0.21816707873331942,0.751822416704179,1.6871667089157627,0.08275106065385059,0.8498112932278785,-0.20512516493515193,-3.255651618293026,-0.5993290857892801,1.3403205871582031,-2.956520724789131,-0.5015302692976552,1.3424446449787253
51.38003396987915,0.30969009612922344,1.8758287855355666,0.20775050956289992,0.7470945000998312,1.708046593726523,-0.5170873059042428,-0.2346977799969508,1.0364951461222964,-3.2537785320990302,-0.5847322632737066,1.3403205871582031,-2.95806797353976,-0.4928474877580742,1.3448382442427949
51.40002465248108,0.31093497267101095,1.8621308327491837,0.21109233970170982,0.759314222770437,1.687131640830956,0.16716938612628848,0.6112709062484348,-1.0462350542021568,-3.2537785320990302,-0.5847322632737066,1.3519268035888672,-2.959574413087852,-0.4842211999846312,1.3472342836604945
51.4199423789978,0.3058394747494997,1.9004037154061457,0.20729819825555362,0.7334992576080872,1.740844788491458,-0.19049068893332277,-1.2960799085515438,2.6967509376837,-3.251905449190623,-0.570135440191242,1.3519268035888672,-2.9610467375554377,-0.47561680328003514,1.3496417527322508
51.43991470336914,0.30724563763810364,1.9344007069778812,0.2027623152383314,0.7733150334297406,1.761470237542286,-0.22710841927500539,1.9935474249953944,1.0327014856832275,-3.251905449190623,-0.570135440191242,1.3519268035888672,-2.962494507208995,-0.46697941105009555,1.3520756685700215
51.45990705490112,0.30219282435085604,1.946599616984013,0.19908475808631554,0.7473355533200368,1.786366395419443,-0.18394820369843742,-1.2994709535866067,1.2452841196459532,-3.25003236361991,-0.5555386147137391,1.3519268035888672,-2.963915143791299,-0.4583241359089291,1.354531552598392
51.479867458343506,0.30381372273774987,1.9806538501419504,0.19461291385121832,0.7871648291285209,1.8070658592390971,-0.2240357640067513,1.9954143674226992,1.0370263246133566,-3.25003236361991,-0.5555386147137391,1.3519268035888672,-2.9653050656966866,-0.44967370094976133,1.3570026261680912
51.4999053478241,0.30812123798119717,1.9195751725368988,0.21640510528271345,0.777248642719204,1.74178707677454,1.0875492377879203,-0.49487179869526493,-3.257767367555734,-3.2562024760128816,-0.5463324861353474,1.3629322052001953,-2.966671882652255,-0.4409808493641082,1.3595021275144894
51.51994180679321,0.30048588233939055,1.928884697131801,0.19422952953937528,0.7806059617395741,1.753147283368054,-1.1067612185126698,0.16756049686948016,0.5669767602660869,-3.248159278217242,-0.5409417910469203,1.3629322052001953,-2.9680101323602206,-0.4322799792927384,1.3620199403471083
51.54005026817322,0.30485538700136144,1.9541182603425267,0.20884492054156112,0.7925627173464036,1.7739239875599453,0.7268279121901813,0.5946131521887038,1.0332319215905283,-3.254329390346437,-0.5317356628522771,1.3629322052001953,-2.9693246525920713,-0.4235393579884774,1.3645650111086491
51.56019353866577,0.29742430370583756,1.9398458613456777,0.1874709512327397,0.7961984536762867,1.758955551055039,-1.0610972690220608,0.18049384439468907,-0.7430986199802877,-3.2462861918072337,-0.5263449666876905,1.3629322052001953,-2.970612865565429,-0.41477529318616413,1.3671323942964984
51.58009147644043,0.30184228702909743,1.964772649171169,0.20219872547049877,0.8077710584913234,1.7795935365731712,0.7401658606308537,0.5815982010847063,1.0371921830219282,-3.2524563047757247,-0.5171388373747743,1.3629322052001953,-2.971857377403191,-0.40611002047515904,1.3696857238542943
51.60008716583252,0.2967763849335303,1.9122859867195057,0.20137745901564957,0.7789734217774194,1.7347867944414879,-0.04107217504459178,-1.4401922408984884,-2.2408200714204223,-3.2505832196848004,-0.5025420133571794,1.3757591247558594,-2.9730800379365605,-0.3973943929420317,1.3722684665299165
51.619885206222534,0.29883205782577593,1.956408659058844,0.20382833192208782,0.8002231132100229,1.7735929131090773,0.12379371180969882,1.0733229660103676,1.960098974601633,-3.2505832196848004,-0.5025420133571794,1.3757591247558594,-2.9742630643519212,-0.388757438987401,1.3748419679045951
51.640079498291016,0.2938430827541265,1.9725225972877651,0.19395287872056613,0.7958010669895144,1.794415876943031,-0.48902200522963424,-0.2189750552043538,1.0311311613866088,-3.2487101343301004,-0.4879451897233327,1.3757591247558594,-2.9754416077689076,-0.3799401117625458,1.3774833081009588
51.6600227355957,0.2961394155914055,2.0015036556031167,0.19719828691632965,0.8172036199371127,1.8163997254435995,0.16273226588948597,1.0731734582814094,1.1023209604692128,-3.2487101343301004,-0.4879451897233327,1.3757591247558594,-2.9765776537298816,-0.3712251951554299,1.3801076115339808
51.68013024330139,0.2911856621586448,2.0176308873313773,0.18741375158949014,0.8126432551730745,1.8372047852785662,-0.4866110444941635,-0.22679910562700237,1.0346911282834375,-3.2468370500784713,-0.47334836458746454,1.3757591247558594,-2.9776951168621615,-0.3624314115406004,1.3827690575769027
51.700056076049805,0.29356398560360825,1.9524929880392417,0.1902986798863013,0.8331377262824148,1.7555331981540268,0.14478332390102625,1.0285377463570515,-4.0987791153192275,-3.2468370500784713,-0.47334836458746454,1.3884563446044922,-2.9787748729219063,-0.3537102758151206,1.3854214580401163
51.72005796432495,0.28852468534495995,1.9356003044290202,0.18698804831469407,0.809941251928662,1.748021503505437,-0.1655159515974747,-1.159714224710264,-0.3755492754113383,-3.2449639642441888,-0.45875154175408683,1.3884563446044922,-2.9798311759624396,-0.3449492101687646,1.3880986336908816
51.74010896682739,0.29117651077688395,1.9529013111897011,0.1830808826290698,0.8501479149686758,1.7485861272286898,-0.19486136342302757,2.005219591146044,0.028159376229895953,-3.2449639642441888,-0.45875154175408683,1.3884563446044922,-2.9808624087854065,-0.33616014167841546,1.390796741993673
51.760000467300415,0.28616674395426067,1.9114959432731773,0.1798015597506068,0.8263620902668197,1.7142385586699755,-0.16486050828144055,-1.1957783041111072,-1.7267459840597543,-3.2430908779301175,-0.4441547174608007,1.3884563446044922,-2.9818581313777255,-0.32743476300887436,1.3934872199574837
51.7799277305603,0.2890301478648357,1.9293244222043937,0.17599618492467334,0.8663520864667904,1.7148621318581025,-0.19096324348729996,2.006798207984133,0.031292465001062905,-3.2430908779301175,-0.4441547174608007,1.3884563446044922,-2.9828284350353584,-0.3186876494544188,1.3961959853650825
51.799906730651855,0.28392545714186035,1.868420512933841,0.1739897772382474,0.8395982791354804,1.6600594869586096,-0.10042583098411693,-1.339096411667857,-2.7430123954333374,-3.2412177939902334,-0.4295578919741563,1.4035282135009766,-2.9837739775668606,-0.3099119293315522,1.3989249296831217
51.820212602615356,0.2885351488855554,1.9036298559393976,0.20518095923828214,0.8356034426788632,1.6980795885273285,1.536067106898915,-0.19673306636610827,1.8723698069730077,-3.2473879064311726,-0.4203517634287366,1.4035282135009766,-2.984707061247719,-0.3009867528397463,1.4017116334156434
51.840126514434814,0.2818744138327357,1.9125112123352237,0.1868106566689236,0.858975715052398,1.6985174820451787,-0.9224858850388601,1.1736655552877155,0.021989326949931838,-3.239344707939938,-0.414961067297122,1.4035282135009766,-2.9855948413181,-0.2922283181282632,1.4044570000221122
51.86001539230347,0.27692251014085306,1.9153889057684435,0.1931501594875336,0.8369567224453325,1.7119903974568145,0.3187461283877636,-1.107100800381028,0.6774095301209002,-3.2374716245280153,-0.40036424556373396,1.4035282135009766,-2.9864545861291965,-0.28347557569903165,1.4072108638315675
51.88004541397095,0.2800601947608782,1.9442778187603433,0.20954468833643122,0.8770978348663141,1.722500115583825,0.8184978089921279,2.004047378847937,0.5246982904703278,-3.2374716245280153,-0.40036424556373396,1.4035282135009766,-2.987293296535272,-0.2746555148390144,1.4099959729148983
51.90009045600891,0.27508549702461055,1.8530948508079998,0.2264827132448671,0.8541108941746942,1.6288525676513732,0.8449982233190869,-1.1467644042893137,-4.671855901079687,-3.235598539796804,-0.38576742122833463,1.4185142517089844,-2.988105424558762,-0.26582379428124714,1.412794554354743
51.92004203796387,0.2797246734704316,1.6441302193332792,0.26825632782937026,0.8421996656887519,1.386326961368837,2.093749492086086,-0.5970067192082222,-12.155708095231613,-3.2417686530770387,-0.3765612915646417,1.4185142517089844,-2.988886783812992,-0.2570284178576007,1.4155910259226447
51.939892053604126,0.27328138800587937,1.655052662696534,0.2599866778573971,0.8653836513880871,1.38662084923954,-0.41660672323104253,1.1679580570362194,0.01480542262682199,-3.233725454633773,-0.37117059546599895,1.4185142517089844,-2.9896374989172303,-0.24827319977301507,1.4183837280666192
51.960073709487915,0.278026513528689,1.6224687129040865,0.30047507202719226,0.8541178507245115,1.346329139741333,2.0061978265280755,-0.5582198372842586,-1.9964521112745406,-3.239895566810936,-0.36196446730432785,1.4185142517089844,-2.9903735360659844,-0.239367140687989,1.421233425179067
51.97990036010742,0.27179540549952136,1.633574072424796,0.2922756786908574,0.8772826493769714,1.3466678621124264,-0.4135541344672567,1.1683667149341286,0.01708419528813796,-3.2318523691592027,-0.3565737723148168,1.4185142517089844,-2.9910699419957316,-0.23061345830990948,1.4240427701092566
51.99988079071045,0.2769138015633248,1.6148929410295678,0.3333363417638571,0.8636792567577725,1.3231871506680215,2.0550439521948234,-0.6808358082702101,-1.1751854557552528,-3.2380224824394377,-0.3473676426511241,1.4429569244384766,-2.991745038298375,-0.2217877313321156,1.42688334746544
52.02000832557678,0.27070617754598414,1.696745430361371,0.328845760691938,0.8689232345092026,1.4197809456592942,-0.22310636159574868,0.26053750676649756,4.799087202320219,-3.22997928404414,-0.3419769465854532,1.4429569244384766,-2.992398035469046,-0.21289298543243795,1.429754051262376
52.040024518966675,0.27529847304205396,1.7100819438458619,0.3645964276030706,0.8807895081829404,1.4197392513844134,1.7860872052318069,0.5928336843372949,-0.0020830271804793254,-3.2361493960054966,-0.3327708188405025,1.4429569244384766,-2.993020516059975,-0.2040436000468971,1.43261767217412
52.06017088890076,0.26931129861015624,1.7709175626888858,0.3594525465506637,0.8871371951885716,1.4899431121795024,-0.2553254541258504,0.31507844968599724,3.4846903449501183,-3.228106198617539,-0.3273801234672429,1.4429569244384766,-2.993619992403009,-0.195132952555851,1.4355084051132132
52.080068588256836,0.2643064022928036,1.7707012609194193,0.3704251194634982,0.8821865507472427,1.4899379436650229,0.551449326702294,-0.2488048669715354,-0.000259754375971879,-3.2262331137184885,-0.31278329958153583,1.4429569244384766,-2.9941854650390534,-0.18632881598046164,1.4383714460014532
52.10004281997681,0.2698865715146111,1.7327761730940736,0.4073633413790412,0.8763804504051957,1.4382370042140593,1.8492937517397112,-0.29067953268219615,-2.588381880003512,-3.2324032257278135,-0.303577171869557,1.4624652862548828,-2.9947265563825436,-0.177487495657004,1.4412531226343537
52.120009422302246,0.2638408555330788,1.7721388032749743,0.39903613397077137,0.8842416642621751,1.4830248753953446,-0.4170568067888102,0.3937181563917552,2.2431393409494116,-3.2243600283398552,-0.29818647649629737,1.4624652862548828,-2.995240881940659,-0.16864639336746232,1.444140967312418
52.14006543159485,0.2684503717684452,1.786259332086958,0.4350502662101034,0.8961145877911514,1.4827111360228458,1.7956778795777426,0.5919883340578376,-0.015643160507235545,-3.230530141883866,-0.2889803464488563,1.4624652862548828,-2.995730809787874,-0.15976268355732542,1.4470486930273472
52.160035848617554,0.26351715652470914,1.7908374178171822,0.44405974732960296,0.8757606965841325,1.497649091133887,0.45114136120724785,-1.0192021119978543,0.7480041650636354,-3.228657057080753,-0.27438352262909294,1.4624652862548828,-2.9961920871328296,-0.15091404771692654,1.4499505631299794
52.17991590499878,0.2672631961088042,1.8146272185119103,0.46113261353706014,0.9154930290737523,1.4973647413419746,0.8587936512886618,1.9986026059333724,-0.014303268887145136,-3.228657057080753,-0.27438352262909294,1.4624652862548828,-2.9966249821586226,-0.14210279576885443,1.4528454368303378
52.19989633560181,0.2632409487492996,1.7987786188246093,0.46778142572522696,0.8930785886607815,1.4896965099518458,0.3327662111125584,-1.1218196873882522,-0.3837870936058299,-3.2267839704310046,-0.2597866992351918,1.4780693054199219,-2.997033655078096,-0.1332445432796412,1.4557607317364378
52.21988558769226,0.2670588939469752,1.8798441120877132,0.47949731100348486,0.9200447460225992,1.5676140723428968,0.5861092363657187,1.3490328322336513,3.897972872544878,-3.2267839704310046,-0.2597866992351918,1.4780693054199219,-2.997416041504703,-0.12438002155843682,1.4586827725482556
52.23991274833679,0.26207421241271545,1.896786707484643,0.49110349179706975,0.9152706397696242,1.5871032827169316,0.579522030086384,-0.23838158277712118,0.9731389646268495,-3.2249108864192184,-0.2451898742641836,1.4780693054199219,-2.9977726285395994,-0.11549648295692969,1.4616154648232627
52.25991725921631,0.25647125906493706,1.9462326015518525,0.47611547139647387,0.925615283444016,1.6444974138912654,-0.7492320352577427,0.517115551422159,2.8690594596392693,-3.2168676890792294,-0.2397991789238958,1.4780693054199219,-2.9981023294664375,-0.10662094796240715,1.4645495806517055
52.27990412712097,0.2611870610359966,1.9773370003057866,0.512425620629638,0.9372855941759104,1.6639643358710927,1.8167003157454569,0.5838989274138158,0.9739856225940022,-3.223037802143657,-0.2305930496769235,1.4780693054199219,-2.9984053270193303,-0.09775135999406476,1.4674854755675857
52.30018401145935,0.2569800090124152,1.9371935027743343,0.5143278164771005,0.919041022769502,1.6258994934668565,0.09379717436862281,-0.8996388293931882,-1.8769753204262603,-3.2211647172927806,-0.2159962280845651,1.4891834259033203,-2.998685801532403,-0.0887499760200301,1.4704685011202316
52.31997895240784,0.2513838475944313,1.9645639543666658,0.4958999616125877,0.9286356103749074,1.6586834122318364,-0.9309376023130745,0.4846989758834876,1.6561766387833952,-3.21312152000076,-0.21060553277724936,1.4891834259033203,-2.998933390832315,-0.0799622932906077,1.4733838015046896
52.3399441242218,0.25613104970216444,1.9956903176537535,0.5323440145640115,0.9401544601355447,1.677944958936989,1.8253813836920056,0.5769471892338213,0.9647573727204286,-3.2192916341202906,-0.2013994019952834,1.4891834259033203,-2.9991569287692537,-0.07109763946781406,1.4763274232672066
52.36015319824219,0.251383099920557,1.9887219573918478,0.5311422847152146,0.9217801796888343,1.6802452789794664,-0.05946486452494634,-0.9092094189063538,0.113826098125869,-3.217418548357806,-0.1868025775160811,1.4891834259033203,-2.999356435028837,-0.06212341992353013,1.4793099605448743
52.38007974624634,0.24597533708059094,2.011254225813124,0.5140372113015754,0.9448227964468566,1.699476151513398,-0.8584062533097295,1.1563777505879547,0.9650880087171214,-3.209375351017817,-0.18141188217579352,1.4891834259033203,-2.9995268011830856,-0.05327357184528574,1.4822533458306941
52.40008807182312,0.2513031273848254,1.9978953942015711,0.5127790885242401,0.9392516600207896,1.6871425344920599,-0.06287996326865115,-0.2784409122436397,-0.6164242466970935,-3.2155454628593034,-0.17220575491350676,1.499837875366211,-2.9996715503418745,-0.04438646866002697,1.4852109895232772
52.420215368270874,0.2460442397007312,2.0412429778623187,0.4702560450488359,0.9495634986444645,1.7446665322660768,-2.112705180538521,0.5123310351413665,2.85800916796435,-3.207502263240859,-0.1668150585721453,1.499837875366211,-2.9997905634341344,-0.035445734426982005,1.488188054468234
52.44023275375366,0.24124444213948865,2.05345387512507,0.46223433710155587,0.9444823965128735,1.7637928556232876,-0.400737047012332,-0.2538344548522609,0.9554855889474926,-3.2056291805961257,-0.15221823397574363,1.499837875366211,-2.9998824764263436,-0.0265531991509749,1.4911503205344447
52.46013569831848,0.2361459610947765,2.07218449893986,0.4182897134907284,0.9543183509243545,1.7911612988012846,-2.2079458377482726,0.4941959406784028,1.3750951819648731,-3.1975859833041045,-0.14682753866842813,1.499837875366211,-2.9999477175634173,-0.017711040410452895,1.4940967314046394
52.48005199432373,0.2410570422427594,2.097217343908889,0.4350317161111942,0.9655523821910046,1.810186893891037,0.8406182864551391,0.5640622766245966,0.9552777828135391,-3.2037560967282452,-0.1376214091036514,1.499837875366211,-2.999986908787568,-0.00886264168828528,1.497045837669448
52.499990701675415,0.23639709479916932,2.0384188786144835,0.3899894408410904,0.974427384083921,1.7474412819524865,-2.2590368811596147,0.44511420607046676,-3.146924764571026,-3.19571289912448,-0.13223071414711196,1.509805679321289,-2.999999999997155,-4.1313868872111665e-06,1.4999986228710376
52.51994776725769,0.23157555662463283,2.0301837926211315,0.364363117003387,0.945703365752345,1.759127879033751,-1.2840727376505214,-1.4392906719255796,0.5855869457904581,-3.1938398136739456,-0.11763389157750992,1.509805679321289,-2.9999869091014975,0.008862535425023493,1.5029541269113196
52.539894342422485,0.2268696841828694,2.033549874013101,0.3564996394107621,0.9203234878640048,1.7779870007636522,-0.39422695513682426,-1.2723927631012553,0.9454816966868069,-3.1919667285829183,-0.10303706642972665,1.509805679321289,-2.999947638733202,0.0177243869419031,1.505907716508077
52.55989956855774,0.22206376910445774,2.007031992907971,0.3126659935287373,0.9095019415480966,1.7615968935505852,-2.191109742307768,-0.540935965569419,-0.8192912743027572,-3.1839235312908976,-0.09764637112241092,1.509805679321289,-2.9998819554318352,0.02661198486741323,1.5088692654720455
52.58010911941528,0.22716426591200314,2.0226347479572517,0.3295360136993845,0.9008904132832397,1.780689136984209,0.8347548290193624,-0.42611180849881825,0.944713891377598,-3.1900936441395182,-0.08844024229215885,1.509805679321289,-2.9997888562511834,0.03558988054260711,1.5118599538180446
52.59994173049927,0.22261411020217778,1.9805501198455058,0.2834051426747323,0.8868843450156839,1.7480550508755905,-2.326010974011622,-0.7062140334545386,-1.6454760278626064,-3.1820504471592415,-0.0830495466340666,1.5219764709472656,-2.999671354334539,0.04439970720878489,1.5147934175264535
52.619990825653076,0.21789344336331326,2.006092041024943,0.2627668234502112,0.8493419208079538,1.7983262148775354,-1.0293890605133178,-1.872524616184409,2.507403132973569,-3.1801773628117784,-0.06845272256244295,1.5219764709472656,-2.9995262439649144,0.05330491654979809,1.5177570826135267
52.63998293876648,0.21340271491756144,2.020696900234977,0.2360634557974487,0.8521422088207263,1.8169600059996764,-1.335695106429732,0.14006963630548622,0.9320571075424924,-3.17213416631129,-0.06306202836425889,1.5219764709472656,-2.999355181090822,0.06218387938525416,1.5207101406697427
52.66001033782959,0.20873370231816638,2.0241351652955886,0.21673099675296248,0.814818810700066,1.8401687825202329,-0.9653005357093929,-1.8636168382647595,1.1588512540954972,-3.1702610799491477,-0.048465202907812754,1.5219764709472656,-2.999157408618151,0.07107741756326084,1.523665858828142
52.68003726005554,0.20450736688008544,2.0395266660462394,0.1900168544265477,0.8175545056259853,1.8588080177571271,-1.3339115229496876,0.1366008663265397,0.9307089240472688,-3.162217883712435,-0.043074508325880334,1.5219764709472656,-2.99893319866362,0.07996948987874143,1.5266185871194657
52.700053691864014,0.19980900180256814,1.9479075779622463,0.1728814151332398,0.7795305793552303,1.776735215060019,-0.8560686268796204,-1.899635591127781,-4.10027139114634,-3.1603447968227414,-0.02847768363693093,1.5342483520507812,-2.9986826712537056,0.08885549364190928,1.5295664862376426
52.71989369392395,0.1956182522037002,1.9354016883096974,0.13971285902410113,0.7724627056705198,1.7690566357478548,-1.6718020496639394,-0.3562435963140785,-0.38702512675993544,-3.152301601905112,-0.02308698939663323,1.5342483520507812,-2.9984082572136055,0.09766162946306092,1.5324848049524777
52.740023136138916,0.1909159068255714,1.9325002071757533,0.13193246739609094,0.7468700363496432,1.7774521156937508,-0.3865179941362527,-1.2714047934149384,0.41707464400847644,-3.150428516862054,-0.008490164281822032,1.5342483520507812,-2.9981032723882457,0.1065944974615555,1.535441669459199
52.75996685028076,0.18703349712120326,1.9057494493469256,0.1015728765631444,0.7414630585102026,1.752654115134385,-1.52226363740575,-0.27111188021371585,-1.2433993178499707,-3.14238531966597,-0.00309946904045022,1.5342483520507812,-2.99777469212525,0.1154430680597116,1.538366888869006
52.780020236968994,0.19201841861532995,1.9016189688782266,0.11857644858342248,0.7322986008295376,1.7509520518454906,0.8479152317077687,-0.4570029902252272,-0.08487660041449417,-3.148555432394721,0.006106659307137496,1.5342483520507812,-2.997417780563502,0.12433824948549883,1.54130344739906
52.80004262924194,0.17761211243415576,1.8333643843231264,0.08594981369117674,0.6834435294863607,1.6990416525895398,-1.6295073259714916,-2.4400216855795698,-2.5926172331606545,-3.1386391498918025,0.02609417927957214,1.5485763549804688,-2.9970348631063466,0.13321747606375262,1.5442303529793262
52.81991791725159,0.18333038876892205,1.8746688836951997,0.08663074386473943,0.6989206312641545,1.7373509976126769,0.03426014119806962,0.7787108176889956,1.9274862836980917,-3.1386391498918025,0.02609417927957214,1.5485763549804688,-2.996628490271672,0.14202913104473489,1.547130339894471
52.83993077278137,0.16897658420085354,1.8654582130473554,0.05429640223003673,0.6563605096335384,1.7453300910499159,-1.615678561541578,-2.1266391278982546,0.3986983979054724,-3.128722868444193,0.046081698526623915,1.5485763549804688,-2.9961928358325123,0.1508992579963202,1.5500445821262905
52.85986685752869,0.17499160640655018,1.9025534728132973,0.05716228162016149,0.6735454049103842,1.7784203040895654,0.1437533711583369,0.8619995096660434,1.6598150268250165,-3.128722868444193,0.046081698526623915,1.5485763549804688,-2.9957324182761145,0.15973269129178655,1.5529414804459973
52.879903078079224,0.16073245650510198,1.904103766397153,0.024834240965750293,0.63089637255504,1.7963752895150755,-1.613479976069867,-2.1285966706031707,0.8961263617668048,-3.1188065857254674,0.06606921808233812,1.5485763549804688,-2.995243077334731,0.1686076448148735,1.5558463626526362
52.89989495277405,0.16677075695238935,1.843688478863199,0.030744817842584454,0.6496420807174297,1.725168725148312,0.295648955741223,0.9376663493815708,-3.5617752438793744,-3.1188065857254674,0.06606921808233812,1.5617618560791016,-2.9947282003108446,0.17745995052463648,1.5587378895876303
52.919999837875366,0.15237524446488898,1.834131976881802,0.008023441929043945,0.6096224375257107,1.7298370491653745,-1.130142042545201,-1.9905432430993983,0.2321984927313157,-3.1088903046855387,0.08605673761422206,1.5617618560791016,-2.994183565592008,0.18635909997016306,1.5616384134574575
52.93995499610901,0.15876212960650377,1.838098659569673,0.006177594013513116,0.6281135433925398,1.7274379572797691,-0.09249978847167938,0.926632886110359,-0.12022414743676331,-3.1088903046855387,0.08605673761422206,1.5617618560791016,-2.9936163303032433,0.1951886488980147,1.5645096855586356
52.960227966308594,0.15408308332032208,1.8094482426547225,0.010257404444569629,0.6065894566806458,1.7047131604889436,0.20124384295400569,-1.0617135279138643,-1.1209406696257433,-3.107017221489321,0.10065356089451871,1.5617618560791016,-2.993012831512159,0.20415524207767977,1.5674185002867342
52.980090856552124,0.15118648779176444,1.807780755570391,-0.016191527106001663,0.608372511964538,1.7022608440972222,-1.3315751749263287,0.08976816878263708,-0.12346221328591162,-3.0989740246049813,0.10604425648666682,1.5617618560791016,-2.9923948845035326,0.2129368220448385,1.5702601155736737
52.99995040893555,0.14601662886992642,1.7646666963694015,-0.007055177163286436,0.5901433822498268,1.6630482741451695,0.4600481303063766,-0.9179023455698553,-1.9744941474503812,-3.097100939442053,0.12064108111881389,1.575662612915039,-2.991750627827621,0.22171314875330006,1.5730926142049562
53.01989698410034,0.14324429566119043,1.8213159999123165,-0.019768551615841568,0.6002020309379654,1.7194646544670684,-0.637371295448947,0.5042794868309954,2.828374287605625,-3.089057742245969,0.1260317763601857,1.575662612915039,-2.991076923873068,0.23052396167956696,1.5759284655568744
53.04003548622131,0.13835353669348033,1.829285778393154,-0.027260534101785028,0.5737817911186129,1.736754956374862,-0.3720228267693016,-1.3119267590333434,0.8585694111672804,-3.087184658186317,0.1406286002339776,1.575662612915039,-2.990369627316217,0.23941534127303463,1.578782021207978
53.05990290641785,0.1359487679992024,1.8706503938698658,-0.03852631546297343,0.584940589017583,1.7764270675775278,-0.567048023837249,0.5616631544802771,1.9968426101738321,-3.0791414599828935,0.14601929616776044,1.575662612915039,-2.9896451148567778,0.248182738591898,1.581587371274506
53.08007597923279,0.13112690767393118,1.8791492684548488,-0.04599498279770277,0.5584262579177255,1.793668461327187,-0.3702295333608071,-1.3143427054017933,0.8546736487705103,-3.0772683758752732,0.16061612007452464,1.575662612915039,-2.988882241153841,0.2570804559760683,1.5844255464539103
53.09992241859436,0.128630057857875,1.8209874382085904,-0.055070150874086954,0.571417439194621,1.728133281544121,-0.45726933234966116,0.6545849882800482,-3.302112715994719,-3.069225178463382,0.1660068148991758,1.5880012512207031,-2.9881049110261086,0.26582947543189545,1.5872072489569107
53.11999487876892,0.12354272512774411,1.8208371994043404,-0.0452177458699243,0.5567585077314827,1.7330387838307881,0.49084192562750234,-0.7303006873924047,0.2443896883593883,-3.0673520951950577,0.18060363992421302,1.5880012512207031,-2.98729163649637,0.2746732644172799,1.5900096417899106
53.14012122154236,0.12184425677459629,1.8286024813366346,-0.0715857227890701,0.5582817134156025,1.7398229931544766,-1.3101226196915385,0.0756821893210572,0.33708107826933276,-3.0593088970396027,0.185994335825024,1.5880012512207031,-2.9864487728479774,0.2835357091533434,1.5928080901986699
53.160101652145386,0.11677198189037796,1.8114634513753654,-0.060416738183828644,0.5446984313142285,1.7265726953533687,0.5589961911806439,-0.6798292975385613,-0.6631637758147392,-3.0574358130279196,0.20059115966584384,1.5880012512207031,-2.9855848221989936,0.2923287005537859,1.5955745241816832
53.180180072784424,0.11189758385461156,1.8005663810894563,-0.06773905783311136,0.5176877228889554,1.7232092543633557,-0.36468603686118983,-1.345260611422628,-0.1675152169824295,-3.0555627292800116,0.21518798389041227,1.5880012512207031,-2.9846892837704915,0.3011594039562255,1.5983423791077567
53.2001576423645,0.10976960816663768,1.7690392292077732,-0.0707734638712853,0.5366800082854419,1.6841809522715872,-0.1518906504623008,0.9506804779409154,-1.953606114864345,-3.047519532395672,0.22057867948256038,1.6011676788330078,-2.983770976258648,0.30994020053708404,1.6010838795262907
53.220088481903076,0.11372494321193202,1.8199122117768665,-0.035050700393517834,0.540962362807029,1.7373000975659691,1.7923361135204317,0.21486071940416812,2.6651734961578017,-3.0536896446928083,0.22978480699670745,1.6011676788330078,-2.9828276576696187,0.318694759190498,1.6038062209646289
53.24000144004822,0.10335566942048525,1.8325166005804463,-0.08588027162890038,0.5253662430090564,1.753491368970606,-2.55258765999988,-0.7832146125299704,0.8131022667060246,-3.0376032497009824,0.24056619845669447,1.6011676788330078,-2.981858037263808,0.32743559940814104,1.6065130385054465
53.260130405426025,0.11155389995114745,1.8763545053184332,-0.06827041777659709,0.5591629181628601,1.7897994889475708,0.8748514154492177,1.679007068642726,1.8037747740872403,-3.0376032497009824,0.24056619845669447,1.6011676788330078,-2.980850261065815,0.3362651028901905,1.6092355512610872
53.28014826774597,0.10639313796956988,1.8841876741574055,-0.07539342847216744,0.5319328124431977,1.8059696856359952,-0.3558327348706364,-1.3602903888758242,0.8077883856915168,-3.035730167583903,0.2551630226904045,1.6011676788330078,-2.979820426249571,0.3450395697105515,1.6119290415104448
53.30000615119934,0.10525438949612521,1.8255779908172045,-0.08072566264045952,0.5503222705027028,1.738782265419161,-0.26851976348906403,0.9260532776661597,-3.3834129591205317,-3.027686970172012,0.26055371751505585,1.6129913330078125,-2.9787715433080404,0.3537375243270515,1.6145868488937036
53.3200843334198,0.09984544664024281,1.8342565834194628,-0.0684976150168201,0.5407244637841749,1.7514058195689441,0.6090216479447755,-0.4780216960451727,0.62871997131893,-3.0258138852009573,0.2751505420153153,1.6129913330078125,-2.9776833394510893,0.3625252933218506,1.6172594256415957
53.33992314338684,0.09981699342539903,1.8505398622985305,-0.09448534227464504,0.5413924001695103,1.767049679859003,-1.309943857570054,0.03366816792161543,0.7885483209954918,-3.0177706893719263,0.2805412368820803,1.6129913330078125,-2.9765806983661194,0.3712015411022417,1.619885247435443
53.36001372337341,0.09447954609138001,1.831829384797116,-0.0822207675221621,0.5321348862479895,1.7509057950763904,0.6104639468188616,-0.4607887839827468,-0.8035549393498073,-3.0158976041370957,0.2951380609985912,1.6129913330078125,-2.9754362320773233,0.37998083541647254,1.62252892336127
53.37988042831421,0.10307771238907987,1.8328181263117707,-0.08338173940132149,0.5492812272330474,1.7465852120869332,-0.058438069253011725,0.8630691922065127,-0.21747859055303234,-3.0158976041370957,0.2951380609985912,1.6129913330078125,-2.974276904977904,0.38865515210823265,1.6251274717371174
53.39999532699585,0.09680791822622568,1.790969901730847,-0.06731269985513558,0.5438976688202115,1.7050564551345364,0.7988625645354369,-0.26764034450492147,-2.064576988911265,-3.014024520533094,0.30973488512424363,1.625640869140625,-2.9730750505089842,0.39743037099082756,1.6277422245755557
53.42006278038025,0.09735257643116783,1.9645155978896909,-0.0784027089192671,0.5607930573020272,1.8811394675748674,-0.5526365927802763,0.8419298731223319,8.774556943893002,-3.0059813226893835,0.3151255813758309,1.625640869140625,-2.9718478360935467,0.4061772286835864,1.630334135928515
53.43994975090027,0.09175864445178214,1.9715886896317874,-0.0851558853885361,0.5329432240540661,1.8962810857577366,-0.33957793935837643,-1.4004060206116167,0.7613838501760054,-3.00410823855783,0.3297224047339866,1.625640869140625,-2.970603800245769,0.41483768214783456,1.632885936137249
53.4600031375885,0.10055931321695012,2.046443068136725,-0.06905321695446798,0.5793007311195402,1.9615227623653668,0.8029899729364605,2.311704640527238,3.2533994193566755,-3.00410823855783,0.3297224047339866,1.625640869140625,-2.9693211987461483,0.4235625860000543,1.635441772964085
53.47989559173584,0.09511591881980472,2.0588265061091207,-0.07559733167043468,0.5712847557714537,1.9765336712348085,-0.32897472918604925,-0.402965631526106,0.7546031655148882,-3.0022351549058595,0.3443192288926109,1.625640869140625,-2.9680208759825013,0.432209337300873,1.63795955310744
53.49998450279236,0.09554808438015319,2.0098148815660415,-0.08274251929755512,0.6119395176134078,1.9126002092564154,-0.35567819515044985,2.0237414426085722,-3.182525015841894,-2.994191958117457,0.3497099244188151,1.6333541870117188,-2.9666793183268725,0.4409330339685062,1.6404840793359734
53.51998233795166,0.09725436271469372,2.0158377453793843,-0.09081429464251528,0.6517358654933385,1.905412013506389,-0.403632457246537,1.9900327991962614,-0.35944869495950804,-2.9861487620726184,0.3551006188688599,1.6333541870117188,-2.965315418879879,0.4496085631721515,1.6429787047669464
53.53991770744324,0.09888026048376858,2.031407476353923,-0.06256907481295891,0.6602380683541611,1.9201008147906273,1.416839544483497,0.42648835098917237,0.7368211203933022,-2.9923188755207946,0.3643067478520565,1.6333541870117188,-2.963927470038383,0.45824822891241573,1.6454468353675331
53.55989933013916,0.10066576400888132,2.0097035824911105,-0.05102642984261577,0.6997978851797324,1.8832386234444891,0.5776630429869123,1.9798100198160224,-1.8448046941482765,-2.984275676717713,0.36969744476308297,1.6333541870117188,-2.962507853336406,0.466898943526345,1.6479015767056664
53.57987666130066,0.10299946203893998,2.0308992449537366,-0.06632210113602943,0.7200554708348483,1.8978074825902034,-0.7656513860516059,1.0140286253129258,0.7292695419592309,-2.976232480145118,0.3750881407060078,1.6333541870117188,-2.9610599827302235,0.4755385904935648,1.6503362846437417
53.599997997283936,0.09626459157271548,1.9930202049220485,-0.043160607246015587,0.7331036850952187,1.8527886242390117,1.1510912550371541,0.6484765361114827,-2.2373692476786147,-2.9743593968530653,0.38968496292206,1.6423149108886719,-2.9595727222794554,0.48423098087059835,1.6527684431046528
53.61986708641052,0.10518369836019323,2.0440100150946545,-0.009922810668535391,0.7845813158969601,1.8874084450327864,1.6728394726965392,2.5908399964273627,1.7423959685927297,-2.9743593968530653,0.38968496292206,1.6423149108886719,-2.9580754983658313,0.4928048291103878,1.6551499507439642
53.639992237091064,0.09966840612155922,2.054170844171744,0.004132147817996493,0.7766669627939704,1.9016806281034824,0.6983778014701238,-0.393256837109881,0.7091714888125068,-2.9724863127694805,0.40428178624724365,1.6423149108886719,-2.956529913415274,0.5014792167763353,1.6575413351899821
53.660001277923584,0.10238836011705067,2.0745256941283405,0.012780716666664554,0.8092071515678245,1.910151118297096,0.4322330551003747,1.6262742950161029,0.4233331454772726,-2.964443115981078,0.40967248177344784,1.6423149108886719,-2.954964146661494,0.5100934357214261,1.659897784268051
53.67999625205994,0.10556807749595815,2.095252883908176,0.007788018752069907,0.8292274465496399,1.9241636718788269,-0.2496976430450842,1.0012663605009007,0.7008037863002191,-2.9563999179215603,0.4150631776083149,1.6423149108886719,-2.953370401830993,0.5186912859422114,1.6622311399892782
53.699994802474976,0.10422561654523327,2.0206799153989374,0.059901783277637885,0.8475305767537058,1.8333714894489732,2.6058770982909856,0.9152228448668879,-4.539938172797626,-2.9625700322570006,0.4242693076768127,1.6529407501220703,-2.951747198116311,0.5272801367584079,1.6645430989066703
53.71993374824524,0.1071682732993452,2.014724183170027,0.06628171991192179,0.8735342688647179,1.8142927407049372,0.3199736188559551,1.3041658476143287,-0.9568584499833231,-2.954526835468598,0.4296600032030169,1.6529407501220703,-2.9500996861698328,0.5358326784057754,1.666826072996931
53.7398726940155,0.11052645823201784,2.0174863920080677,0.06145981152374089,0.8933474958670615,1.807872861993688,-0.24183366782471263,0.9936948136893228,-0.32197683795417514,-2.946483637672856,0.4350506994216323,1.6529407501220703,-2.9484229721462927,0.5443742934775586,1.6690866082228082
53.760093450546265,0.11047719252246899,1.9849239590649885,0.1107020598644498,0.9054591487640592,1.7628987228798656,2.4352327404663106,0.5989713035005533,-2.2241570954777785,-2.9526537507373867,0.44425682753841644,1.6529407501220703,-2.946692636241252,0.5530252132005129,1.6713557837107473
53.77991056442261,0.11372928711829038,1.9878352998289834,0.1060006392549788,0.9249521067309214,1.7563361420803678,-0.237240429600773,0.9836426277053638,-0.3311572432013951,-2.944610553685208,0.44964752268087227,1.6529407501220703,-2.944967487341608,0.5614921161775988,1.6735565269047061
53.80019974708557,0.11569958752921168,1.9473123043095593,0.11105967423407948,0.9458199893904695,1.6985627768627918,0.24934641592711895,1.028522587932563,-2.8474959379727145,-2.936567357952114,0.45503821748169315,1.6661758422851562,-2.9431710466022643,0.5701487696501079,1.675785557688032
53.82007551193237,0.11498476260212395,1.9820178760111034,0.15559188478224867,0.9508148603416877,1.7320903924365179,2.2405281452771337,0.2513045907776441,1.686859138863331,-2.942737471496227,0.46424434639894585,1.6661758422851562,-2.9413814608347537,0.5786171609146684,1.6779451313675475
53.84014177322388,0.11844093739731316,1.985040426615301,0.151388068099403,0.9706363139313622,1.724915155656047,-0.20949675785521502,0.9878000341830945,-0.35757716279259993,-2.9346942736525166,0.46963504265053313,1.6661758422851562,-2.9395447559813985,0.5871544963980933,1.680100872396669
53.860000133514404,0.12212741687736604,1.999759272445519,0.15056123438014557,0.9848133350480213,1.73392939808556,-0.041636555443695884,0.7139069343717003,0.4539268246539408,-2.9266510769600513,0.4750257381107934,1.6661758422851562,-2.937697318016681,0.5955910881965988,1.682209646273729
53.8799684047699,0.11639027760352064,1.9902536791597818,0.16525864931847078,0.9760553641995422,1.7265906325043527,0.736038425674032,-0.4385943448193993,-0.36752132857711994,-2.924777992492615,0.48962256282994154,1.6661758422851562,-2.9358096947828494,0.6040617692353152,1.68430499842968
53.89995980262756,0.1234971937228874,1.93483108812881,0.18786444519920967,1.0033719108005528,1.6436310712675626,1.1307761489059824,1.366415034881396,-4.149762904397304,-2.924777992492615,0.48962256282994154,1.6784744262695312,-2.9338896732944413,0.6125293583649625,1.6863771942470545
53.919997692108154,0.1175547813895608,1.9298568487781145,0.20198749795450693,0.9845740915467136,1.6474715067948325,0.7048173795437486,-0.9381137305925947,0.19165868396418734,-2.9229049088167116,0.5042193864399578,1.6784744262695312,-2.9319347343364983,0.6210034284678767,1.6884281394586333
53.940059185028076,0.12140200612221712,1.9327431342331927,0.19815064206434224,1.004027698485814,1.639561138429523,-0.1912547538450909,0.9696988662185881,-0.39430606669626933,-2.9148617120283093,0.509610081966162,1.6784744262695312,-2.929946830402192,0.6294739749109066,1.6904549714272268
53.95993900299072,0.12543651326567556,1.9183734192465551,0.19106863316567102,1.010503041560868,1.6194236493543486,-0.3562411341984157,0.3257244652451488,-1.0129614422532491,-2.9068185160794076,0.5150007763502626,1.6784744262695312,-2.9279465387375994,0.6378542464454984,1.6924368903917397
53.97999119758606,0.12379670790743455,1.919958595564778,0.23101187000774628,1.0181279489516983,1.6113007181038574,1.9919633560390422,0.38025301193733074,-0.40508938868866223,-2.9129886288801625,0.5242069040832982,1.6784744262695312,-2.9258981419182453,0.646293203003807,1.6944088223274434
54.00012469291687,0.126694254073089,1.89595241301652,0.22095406857598285,1.0200617029045413,1.5828104669449123,-0.49955565422223797,0.09604660895039724,-1.415067313987259,-2.904945432187697,0.5295975995435585,1.6907100677490234,-2.9238102298570103,0.6547519898051728,1.6963609103654684
54.020071029663086,0.1307276221453165,1.938601313081213,0.2105179450921572,1.0243255743232598,1.6323646540101577,-0.5232100318273007,0.2137671429580851,2.48437533647108,-2.8969022346557307,0.5349882961459222,1.6907100677490234,-2.9217107541906224,0.6631176908368928,1.69826696965265
54.040080308914185,0.12471400334564818,1.9281769403384517,0.22592270902105616,1.0150993222546207,1.6236990511667333,0.7698810004889671,-0.4610986709145184,-0.4330792096346319,-2.895029151555347,0.5495851204904632,1.6907100677490234,-2.919573557371686,0.6714950374841954,1.7001507728181662
54.060012102127075,0.13263076591000678,1.9588701109192705,0.23902608697859035,1.0344397063816215,1.646199603650081,0.6574108921148024,0.9703283553279415,1.1288774794631005,-2.895029151555347,0.5495851204904632,1.6907100677490234,-2.9174135390180007,0.6798249945643547,1.7019987552286937
54.08004546165466,0.12662745064371259,1.9484520453849612,0.2547362848964691,1.0251114871534188,1.6372908224344536,0.7842018657052642,-0.46563429440563064,-0.44469731616203345,-2.893156067183848,0.5641819451436672,1.6907100677490234,-2.9152111115377206,0.6881820670642261,1.7038270810813751
54.10007905960083,0.13006902948996021,1.8919790162846875,0.24199287314065218,1.0257955265670164,1.5712312322143431,-0.6361020017502699,0.03414461123936564,-3.297440150172802,-2.885112871762498,0.5695726402952646,1.7006263732910156,-2.9129770376909887,0.6965235969780696,1.705625901957823
54.119988203048706,0.13429553899390093,1.8996185499348763,0.2287822419107834,1.026787085041159,1.5817451131695137,-0.663545936290804,0.04980417549044463,0.5280930835973391,-2.8770696747582885,0.5749633354047483,1.7006263732910156,-2.9107253772022608,0.7047975413520273,1.7073839211232327
54.14004063606262,0.12822692523880466,1.8885536093471342,0.2446668946534103,1.017199092626607,1.5722845963750816,0.7921558811144388,-0.47814608870145553,-0.47178897383009527,-2.8751965893796556,0.5895601584899868,1.7006263732910156,-2.908425674528587,0.7131148290330126,1.7091243520723147
54.15997838973999,0.13267532660651307,1.873756888142407,0.2304911565639643,1.0163242131050159,1.5572166825664926,-0.710999760496451,-0.04388054621139449,-0.7557478165503129,-2.8671533929029973,0.5949508543669677,1.7006263732910156,-2.9061072994562873,0.7213681646754242,1.7108243686213678
54.17999887466431,0.12966237608392409,1.8748300748969833,0.2712633096388932,1.0230249543935912,1.5475218800617885,2.036521754046429,0.3346942551045194,-0.4842441400072701,-2.873323506854792,0.6041569835690528,1.7006263732910156,-2.903747238090904,0.7296389888029879,1.7125004927056275
54.19999647140503,0.13337412196207124,1.8515574416530998,0.25311151299353224,1.0083906198594577,1.5321057011546415,-0.9076989040586599,-0.7318046625238978,-0.7709015791759523,-2.865280309154987,0.6095476797217243,1.7100143432617188,-2.9013576503470118,0.737883306202991,1.7141433670359896
54.22011065483093,0.13780159959934477,1.8812813636046306,0.23784989367903994,0.9888232411849147,1.5826798775543738,-0.7587491369318118,-0.9728149664452104,2.5143539426314545,-2.857237112414553,0.6149383752149564,1.7100143432617188,-2.898921500808567,0.7461581750125503,1.71576384388651
54.240171909332275,0.13165169059151857,1.8590863867542442,0.2542130421165897,0.9587070265470593,1.572405405702383,0.8156592817490299,-1.5012129294227148,-0.5121550026347056,-2.855364029146331,0.6295351991098053,1.7100143432617188,-2.896459010899214,0.7543934845669125,1.7173477369540464
54.26014494895935,0.1361969188272347,1.8665386987717845,0.238486281740553,0.9384407526081109,1.5957505949485196,-0.787399447939696,-1.0146815065382297,1.1688350737806603,-2.8473208335091735,0.6349258938446822,1.7100143432617188,-2.8939747057054133,0.7625746311881838,1.7188922237373183
54.279993295669556,0.13002622455210688,1.8445656687222898,0.25477289436319195,0.9078920833491584,1.5853218107118299,0.8205526062412616,-1.539103971982,-0.5254233205896038,-2.8454477497613686,0.6495227169390623,1.7100143432617188,-2.891473492251374,0.7706866544080457,1.7203946301812079
54.300076961517334,0.1343276512944276,1.7840331519928412,0.23865054707378924,0.8862635213610256,1.5298225957592757,-0.8027591880685557,-1.0769230155522314,-2.763400634784688,-2.8374045510062555,0.6549134138171169,1.7169437408447266,-2.8889095919494228,0.7788761771489987,1.7218815507685554
54.32007193565369,0.12816770174573444,1.770899731290562,0.24194294359931096,0.8376986509688604,1.541366419931496,0.16466120451418137,-2.4288538740277823,0.5773362892844502,-2.8355314695846685,0.6695102381378275,1.7169437408447266,-2.8863238389349593,0.7870105906887204,1.7233282640832366
54.34002375602722,0.13293418376368987,1.7584220629474974,0.2296683847442839,0.8350671396373412,1.5303474954425853,-0.615209972083976,-0.13189329506042025,-0.5522766485772218,-2.827488272892203,0.6749009335980878,1.7169437408447266,-2.883710516978762,0.7951082780009406,1.7247380230056295
54.360262632369995,0.12691054351657954,1.509561477000423,0.21103894855614258,0.7811831575427893,1.274359168134123,-0.9204777909912571,-2.6623998873233847,-12.648346823852515,-2.8256151896719492,0.6894977574599648,1.7169437408447266,-2.8810256159929337,0.8033025267059397,1.7261331481961708
54.38022708892822,0.13179915490740793,1.4955591318999673,0.18896536585667803,0.778263152337723,1.2630501467595756,-1.1056440547272408,-0.14626018978026922,-0.5664577616507636,-2.8175719930274523,0.6948884528872532,1.7169437408447266,-2.8783434046584917,0.8113657254690472,1.727474540177358
54.40001344680786,0.12514806711133936,1.4064790727370886,0.16805390718097407,0.7197678703895434,1.1966099945610895,-1.0568624505282542,-2.9563440782790424,-3.357876805961188,-2.815698908847828,0.7094852774085691,1.7282695770263672,-2.87565192580509,0.8193371074152026,1.72876948063734
54.41998100280762,0.13005047017777535,1.3800161139278435,0.13356564989327435,0.6967448804453822,1.1837023542437701,-1.7272147521770518,-1.153019926146329,-0.6464306556835103,-2.8076557124671067,0.7148759732196057,1.7282695770263672,-2.872902150813844,0.8273610334493823,1.7300411022532232
54.44000172615051,0.13502372810650806,1.36613660080247,0.11171281359370858,0.6934834449115374,1.171721029496668,-1.0915108273208523,-0.16290298197453387,-0.5984461471195432,-2.7996125147673023,0.7202666693722772,1.7282695770263672,-2.870110945354858,0.8353853654828272,1.7312802650338974
54.460190773010254,0.12900926780229768,1.3584129328923629,0.09633870516885851,0.6439202134968947,1.1922127783184229,-0.7615073921843946,-2.4549564800642605,1.01499337557224,-2.7977394315950166,0.7348634932011819,1.7282695770263672,-2.867261520961628,0.843455536800253,1.732493122452108
54.4801607131958,0.13404472135284085,1.3445740930406767,0.07466838596483003,0.640306425295626,1.1799626288737717,-1.0851469259638666,-0.180961393358811,-0.6134294510064264,-2.789696237276943,0.7402541875944244,1.7282695770263672,-2.864408499676209,0.8514164551083305,1.7336561762235212
54.50007486343384,0.12814822031911588,1.3025048616915391,0.06169091720695111,0.5933439467704525,1.157867050353849,-0.6516707267323537,-2.358246672030853,-1.1095416201952144,-2.7878231524017236,0.7548510131589279,1.7433147430419922,-2.861529095617367,0.859333293718991,1.7347793253827748
54.52000069618225,0.13310618093459578,1.3623756233696116,0.03163974653685675,0.5797002162085763,1.232482829461957,-1.5081513053695417,-0.684725739402931,3.7446755701615726,-2.7797799570283415,0.7602417082775534,1.7433147430419922,-2.85861349761716,0.86723257948216,1.7358661351113964
54.539992809295654,0.12706254886895024,1.3370022793255152,0.02921418404653528,0.5473312477800684,1.2194876512600001,-0.12132596872390139,-1.6190868991635883,-0.6500152399220107,-2.7779068710980193,0.7748385323070635,1.7433147430419922,-2.8556533411570273,0.8751354526859328,1.7369190037608089
54.56014370918274,0.13212733136843877,1.3754890486586007,0.0011985751917797105,0.5372726387445169,1.2662175160902474,-1.390290707201182,-0.4991642602521276,2.318996426566396,-2.7698636757246375,0.7802292274256892,1.7433147430419922,-2.8526341629020893,0.8830777063779006,1.7379417993265736
54.580060720443726,0.1261464144413921,1.3507186802186497,-0.0010360875725599072,0.5045164051216904,1.2529577313609743,-0.11219869964711528,-1.6446359945073599,-0.6657517312974787,-2.7679905924324824,0.7948260507719298,1.7433147430419922,-2.8496147944097325,0.8909043780400141,1.7389144524421096
54.5999801158905,0.13350918484992055,1.38470249914768,-0.05262557309170482,0.48321964518652705,1.296584102443188,-2.58991221179312,-1.0691469021771354,2.1901453384355425,-2.75190419967104,0.8056074423940032,1.7538928985595703,-2.846559861544725,0.8987083104689428,1.7398488080501238
54.6199905872345,0.12787456589282703,1.4575762758291604,-0.05668672109663335,0.4547830181620988,1.383650108193068,-0.20295114168549688,-1.4210873165145648,4.351022234966586,-2.7500311161149043,0.8202042676168719,1.7538928985595703,-2.8434553350328433,0.9065236863828199,1.7407483991107182
54.64007210731506,0.13301451588924487,1.4436549829810976,-0.07767214720791235,0.4497688254387403,1.3696038664875774,-1.0450118331225005,-0.24969189101431238,-0.6994610790984781,-2.7419879197821513,0.8255949633949367,1.7538928985595703,-2.8403036996885813,0.9143419968472184,1.741611493425785
54.65997362136841,0.12747346740017834,1.4976107244612422,-0.079639338841031,0.42536895031256877,1.4337212817839713,-0.09884633037696114,-1.2260310979742164,3.22173554858848,-2.7401148355306253,0.8401917874006164,1.7538928985595703,-2.8371444481753816,0.9220653402700733,1.7424272759613362
54.67988896369934,0.13259035487208962,1.5027355610651036,-0.10043880284601282,0.4198947854308155,1.4393799298797108,-1.0443939983233923,-0.27487174414525545,0.28413511561638677,-2.7320716398934675,0.8455824821354934,1.7538928985595703,-2.8339470813713543,0.9297688266218485,1.7432038372903542
54.69991183280945,0.12745355960695337,1.4969858262562294,-0.09933320608167794,0.40011295134499947,1.4391001022679328,0.0552167003767102,-0.9879620136871529,-0.013975400340436782,-2.7301985561694933,0.86017930690867,1.756906509399414,-2.8306960407714374,0.9374880506375781,1.743944118099071
54.71991443634033,0.1325365942208691,1.5449451977924473,-0.11479620558794677,0.4111434806475383,1.4848025234641746,-0.7730493424215575,0.5514546786625966,2.2848236293679363,-2.7221553598367407,0.8655700026867347,1.756906509399414,-2.8274116358813206,0.9451731823594033,1.7446427845616923
54.74017858505249,0.12726461359768748,1.5413397729221883,-0.11623236657676311,0.37701374369709967,1.4899929428072087,-0.07087201190715028,-1.684242325460298,0.2561380404753901,-2.72028227628081,0.880166825649227,1.756906509399414,-2.824046743796744,0.9529315508185583,1.7453085817252527
54.76024031639099,0.1323204740238993,1.559380771216017,-0.1295117731645758,0.39094842209296277,1.5040127730551527,-0.661927246644353,0.6945900212072277,0.6988345129035869,-2.712239078988686,0.885557522086731,1.756906509399414,-2.820678012454734,0.9605850388405265,1.7459257405550046
54.780126333236694,0.13733370924948923,1.564198025643754,-0.14979927227237716,0.3845866355060877,1.5087639846061385,-1.0201891743939155,-0.31991256148662617,0.23892223303694973,-2.7041958826559336,0.8909482178647957,1.756906509399414,-2.8173018123316886,0.9681441771037942,1.7464959260546977
54.79990363121033,0.13209295252864248,1.5944183265652963,-0.1399777280811032,0.37823961435674497,1.5425663129537714,0.4966069785856534,-0.32092458523932804,1.7091479530064417,-2.702322800467055,0.905545040452681,1.756235122680664,-2.8139073665128453,0.9756345837258773,1.7470216189029695
54.8200101852417,0.13707496150478596,1.657592869009841,-0.14973185071866185,0.39558247023592935,1.6027192522443474,-0.48512154904014787,0.8625473988294804,2.991708036927655,-2.6942796041343025,0.9109357362307458,1.756235122680664,-2.8104187116219244,0.9832211762202121,1.747513428519183
54.840014934539795,0.13202856432889384,1.6537841794528894,-0.15068112643540615,0.3603997216788198,1.606987663598776,-0.047452517529658116,-1.7587197936271408,0.21336989985848012,-2.692406522304931,0.9255325613968123,1.756235122680664,-2.8069097654407344,0.9907404404312685,1.74795976033454
54.860127687454224,0.13694490907314302,1.6873969791289247,-0.1577295319419162,0.38008643358252303,1.6364486740907345,-0.35044459286593094,0.9788173696292054,1.4647925431840465,-2.684363324653095,0.9309232575165117,1.756235122680664,-2.803343511819083,0.9982707403443393,1.7483649422663838
54.8800847530365,0.1320354652402453,1.6835994170465383,-0.15843888435329773,0.3444623247023012,1.640350518598087,-0.03554392345192965,-1.785037421125725,0.19551193492182528,-2.68249024181659,0.9455200811146128,1.756235122680664,-2.7997666140118955,1.005713037887045,1.7487234943013918
54.90014147758484,0.13677449197034802,1.6642138873138,-0.1632715009048581,0.36599087599094476,1.6152402169373339,-0.24094744582611197,1.073383205555642,-1.2519642277697565,-2.6744470457476126,0.9509107772764259,1.753988265991211,-2.796133271937131,1.0131621813980776,1.7490398627757258
54.919918060302734,0.14157621403000942,1.677083114858405,-0.16721786201634448,0.3863559640537778,1.6233838208525824,-0.1995471698917623,1.0297576863168079,0.41178013569955507,-2.6664038491510844,0.9563014726707423,1.753988265991211,-2.7925125688310932,1.0204771182079435,1.7493083386815722
54.94001269340515,0.13677749476398693,1.6715188068433358,-0.15751240338722028,0.3502263999513574,1.626808665205365,0.48298760070204116,-1.7979708272491288,0.17043577433472684,-2.66453076530724,0.9708982969612547,1.753988265991211,-2.788794704851619,1.0278784608236298,1.7495366001187271
54.95993423461914,0.14149322052999438,1.656027721440437,-0.14005759818964625,0.3716358144230477,1.6076997558022676,0.8761774508348259,1.0746866540956301,-0.9592083864314064,-2.6564875692862318,0.9762889930900959,1.753988265991211,-2.7850698764050437,1.0351845699712148,1.7497182805353373
54.97999835014343,0.1461592279974876,1.6570815485755366,-0.13908089685866637,0.3634013487586264,1.6107498944525491,0.04867901252847995,-0.4104076082721763,0.15201959172277574,-2.648444372689703,0.9816796884844121,1.753988265991211,-2.781278953421798,1.0425107570385945,1.749856052406881
55.00003981590271,0.14140942364789807,1.6610792146793265,-0.09815044310274502,0.36310742566984344,1.617931903814818,2.042288435763454,-0.014665748120089247,0.3583574898429959,-2.646571288845858,0.9962765127749245,1.7514934539794922,-2.777452563835018,1.0497959368038843,1.7499480720684366
55.019988775253296,0.14598327141184994,1.7039583302335453,-0.0807794125927622,0.3823816661329785,1.6585333699021032,0.8707737684308134,0.9661777401220162,2.035267372786168,-2.63852809282485,1.0016672089037655,1.7514934539794922,-2.7736041572327226,1.057014515372844,1.7499941131896781
55.0399808883667,0.14143735082834605,1.697616864198348,-0.060530533821690616,0.3451486765269207,1.6610573328990208,1.0128433475847092,-1.8623839008341585,0.1262479350032015,-2.636655009724569,1.0162640321181182,1.7514934539794922,-2.7697074949304046,1.0642151855930542,1.749994364150744
55.05996632575989,0.1459035076706434,1.5879383896926966,-0.04015238505611257,0.36726418285197937,1.5443617242823031,1.0196498762905941,1.1065810514908299,-5.839032007199922,-2.6286118147109,1.021654727554548,1.7514934539794922,-2.765771948145961,1.0713794114124613,1.749948409674512
55.08001756668091,0.15031652618717076,1.5683389034197142,-0.03854660799148023,0.35793126735989245,1.5264620148691037,0.08008367516790167,-0.4654532619127258,-0.8926983364124079,-2.620568618474085,1.027045423266669,1.7514934539794922,-2.76178284036896,1.078532499183264,1.7498555916036658
55.099966526031494,0.14922000834751717,1.3678212353483268,0.00767394279822208,0.3953693600975604,1.3094117425652627,2.316940446737876,1.8766940209624687,-10.880280444175943,-2.620568618474085,1.027045423266669,1.7530555725097656,-2.7577734765360753,1.0856140893362496,1.7497165351856094
55.12001442909241,0.14438107414526805,1.3491258241930149,0.04378060103495571,0.3815156625432634,1.2933172649089915,1.801019195225954,-0.691029755690869,-0.8028010514301753,-2.6186955344144325,1.041642247140461,1.7530555725097656,-2.753703206127267,1.0926950676415594,1.7495295735160765
55.14002323150635,0.14865074888412733,1.3286987430749828,0.04586256542229897,0.37160642728930626,1.2748512219624697,0.10405242374189895,-0.49524379565331894,-0.9228959617121413,-2.6106523381776174,1.0470329428525815,1.7530555725097656,-2.7495996238244533,1.0997260058844882,1.7492955108741033
55.159958362579346,0.15287531239774413,1.327599052316244,0.061778822341710005,0.3846110829760573,1.2691638726630399,0.7984024213901187,0.6523486421599559,-0.28529279685215037,-2.60260914210864,1.0524236390143948,1.7530555725097656,-2.745469927471765,1.106694533727423,1.7490148877674954
55.18025350570679,0.14239782654422026,1.306084750132834,0.10822176326067959,0.3626942218239497,1.2500393297579948,2.288377107140146,-1.0799067054852842,-0.9423211644753785,-2.6087792561804077,1.0616297675689559,1.7530555725097656,-2.741223177207409,1.1137508367632516,1.748680308682892
55.20002102851868,0.14702313220918345,1.332022082698287,0.12394607399867971,0.37878029928461454,1.2710018428035632,0.7954618738844891,0.8137629390258986,1.0604521995522875,-2.600736059631848,1.0670204629303004,1.7612018585205078,-2.7370453128190437,1.1205863577374422,1.7483067503915242
55.219943046569824,0.15110719942711923,1.517259624288914,0.1335526414202399,0.38648752288347343,1.4611186995321122,0.48220854919900397,0.3868696222978763,9.543052126569009,-2.5926928626035,1.0724111597515527,1.7612018585205078,-2.7327931641203946,1.1274373720122535,1.7478824291850317
55.24001359939575,0.14619711960381884,1.490842250295563,0.1554745708260919,0.3472826091926834,1.441469063991698,1.0922434272728452,-1.953354948955067,-0.979028117004835,-2.5908197801746757,1.0870079836344861,1.7612018585205078,-2.7284668028036205,1.1343004029140533,1.7474061338013895
55.25991606712341,0.14456855003309857,1.7111233780219122,0.18783465087264442,0.37247148361527754,1.6594958127811308,1.6259330495774338,1.2656156395915563,10.954759569156927,-2.5908197801746757,1.0870079836344861,1.7612018585205078,-2.7241342650391482,1.1410667237149479,1.7468852106968749
55.28005075454712,0.14848993291952847,1.7091133139649741,0.1913097785183817,0.3611917700640873,1.6595208326060735,0.17259406975674066,-0.5602129953062887,0.0012426229628617208,-2.5827765839378607,1.092398679346607,1.7612018585205078,-2.719707989525576,1.1478715982053262,1.746308718639587
55.29989314079285,0.14318435587839148,1.7200070196948436,0.21746297887601837,0.34715431034584854,1.670514257773996,1.3180471357505181,-0.7074481639657287,0.5540374545571382,-2.580903499974146,1.106995503154455,1.759042739868164,-2.715303176710178,1.1545374377001756,1.7456916679557557
55.31996512413025,0.1470093789863032,1.7256635081509126,0.22206872843870973,0.3610138739191621,1.672802739730901,0.22946160751882233,0.690492979210855,0.11401374335742588,-2.5728603057040407,1.1123861975147253,1.759042739868164,-2.7108039701243265,1.1612390932593795,1.7450178500787914
55.34002089500427,0.14524194721009784,1.7300119218704701,0.2506503856768233,0.36555422937767823,1.6722696371572707,1.4251088835050962,0.22638648432092195,-0.02658100638359686,-2.5728603057040407,1.1123861975147253,1.759042739868164,-2.706264494120612,1.1678932729916411,1.744294508981147
55.36000680923462,0.14897104823946525,1.6957879242710514,0.253166377776168,0.3790829748592992,1.6333706154572023,0.12588826662352182,0.676914016826855,-1.9463218570709175,-2.5648171077163218,1.117776894995417,1.759042739868164,-2.7016969089558667,1.1744818551520158,1.743523696088784
55.379979610443115,0.14362599034866075,1.6898620334862346,0.2762339510131273,0.33832587580660156,1.632441146959242,1.1549493231398476,-2.0406300862475044,-0.046536712014387034,-2.5629440250716904,1.1323737184616303,1.759042739868164,-2.6970882663601845,1.1810231953765498,1.7427033387569675
55.39989948272705,0.14655045756200508,1.690532868185332,0.27442184832035993,0.3559295761606023,1.6296957275496233,-0.09096959392800716,0.8837255632505879,-0.13782314316506142,-2.554900829794246,1.137764413514312,1.7509937286376953,-2.6924477086377867,1.1875038630706078,1.741835132136587
55.41989016532898,0.14459532050577406,1.719185190891292,0.2960987241424534,0.3820929676117706,1.6498267273391984,1.0843489566485385,1.308779293441638,1.007019129383449,-2.554900829794246,1.137764413514312,1.7509937286376953,-2.687746100853757,1.1939634206336651,1.7409134375659316
55.43993639945984,0.14808698423004935,1.7158188553722054,0.30088147939350907,0.3689874534041995,1.6484395466740787,0.23858622122411643,-0.6537643989399661,-0.06919906532391241,-2.5468576318065272,1.1431551109950036,1.7509937286376953,-2.6829863414224437,1.2003958914281838,1.7399383058933218
55.45998692512512,0.15152707330925505,1.713114310128729,0.2956215964829131,0.37722353018416577,1.6447099803722602,-0.2623314220486143,0.4107661274051672,-0.1860084051699471,-2.5388144365770513,1.1485458060147131,1.7509937286376953,-2.67818012553987,1.2067839939695841,1.738911835188389
55.48001790046692,0.14585440213346437,1.7069816198518317,0.31963648883706436,0.33530329139424764,1.642921321395544,1.1988878197079855,-2.092770725070329,-0.08929465221715735,-2.53694135450794,1.163142630215451,1.7509937286376953,-2.6733329470978053,1.2131195427774557,1.7378351457626182
55.49999475479126,0.14325214776274597,1.6703518058423208,0.3371299147312825,0.35969747613341685,1.5959437024961847,0.8756847104252679,1.2211224221346046,-2.351602416308329,-2.53694135450794,1.163142630215451,1.7445793151855469,-2.668453148500057,1.2193912155705169,1.7367102285061138
55.51995372772217,0.14651202736920582,1.641116232001841,0.3283983966557057,0.365720507341001,1.5657795152971326,-0.4374733161772719,0.30177059853901306,-1.5113095901012148,-2.528898158271125,1.1685333259275716,1.7445793151855469,-2.6635318571292665,1.2256099842472745,1.7355351805853734
55.54001522064209,0.14971146949759362,1.6178072082690418,0.3340983806930006,0.35138147349057675,1.5434407974500275,0.28412561617657905,-0.714754076760907,-1.1135122364159553,-2.52085496102697,1.1739240223321037,1.7445793151855469,-2.6585388324042567,1.2318123796204064,1.7343024600170884
55.56001949310303,0.14775294537234873,1.5752151381001742,0.3488459972185435,0.3726620458239347,1.4902121329283526,0.7372233383813729,1.0638013641792117,-2.6608648040369816,-2.52085496102697,1.1739240223321037,1.7445793151855469,-2.653513379046921,1.2379482035300995,1.7330215811267295
55.5799777507782,0.14145321734481286,1.549890160037034,0.3738077482876265,0.3295597581921955,1.4675890573590615,1.250697905365592,-2.1596217632444263,-1.1335195655598425,-2.5189818792216343,1.1885208469165902,1.7445793151855469,-2.6484527668714137,1.2440205946572656,1.7316921142055643
55.599998474121094,0.14408559444720184,1.5369134403271851,0.35824848954953487,0.33701219992852544,1.4560850661596514,-0.7771576716588973,0.3722363877014698,-0.5746041740041534,-2.510938682984819,1.1939115426287108,1.7392826080322266,-2.643329165554982,1.250061798156663,1.7303066704105377
55.619967222213745,0.1470603677613195,1.5532923726330572,0.3460354811468623,0.3385261600366556,1.4759324780078282,-0.6116061130125156,0.07581647588049346,0.9939236929670531,-2.502895486795972,1.1993022383078595,1.7392826080322266,-2.6381715308797644,1.2560365700526595,1.7288730324114148
55.63999652862549,0.1448590225008123,1.5388564205050606,0.37740409640981976,0.33945289939037654,1.4527274211076908,1.5661358720123273,0.04626916852086325,-1.1585551902352598,-2.502895486795972,1.1993022383078595,1.7392826080322266,-2.632950497289778,1.2619778331531288,1.7273830090415654
55.66003918647766,0.14769816233188784,1.5342292076808326,0.3646219614159728,0.3404082855284474,1.4508729393360769,-0.6377465048858887,0.047667636953013216,-0.09252673898301923,-2.494852290822932,1.2046929344037287,1.7392826080322266,-2.627677814184589,1.2678705971746935,1.7258397501992795
55.680073499679565,0.15049221830649598,1.5100927377758473,0.3716577909099012,0.3242915955569806,1.4272650504340227,0.3511889538224661,-0.8044543283837071,-1.1783727579845436,-2.4868090935787768,1.2100836308082608,1.7392826080322266,-2.6223588807848697,1.2737077506958236,1.7242448446438101
55.70007014274597,0.1528061975106775,1.47083112615995,0.3572118235973315,0.325057827377193,1.389273667649407,-0.7224196213632718,0.03831802256347967,-1.8998880291282507,-2.4787658973419617,1.2154743265203816,1.734598159790039,-2.6170013572733075,1.2794802161292156,1.7226007554614673
55.71991491317749,0.15548952720659595,1.4637600868201437,0.3427433010588433,0.3343909045155986,1.3832220878529382,-0.7290849036735885,0.4703041121394018,-0.30494582022765115,-2.4707227024242298,1.2208650218908677,1.734598159790039,-2.61163622901454,1.285155087372596,1.7209175686051625
55.74010372161865,0.15321343240359303,1.4536048423158325,0.37524877356774267,0.35422865556840805,1.3589251101933981,1.6100738487678803,0.9826112873686534,-1.2034874534745699,-2.4707227024242298,1.2208650218908677,1.734598159790039,-2.606128493029634,1.2908725800203003,1.7191524631670343
55.76020669937134,0.15573620735105248,1.428722853109134,0.3602993389440084,0.3732732052664255,1.3312026485786992,-0.7436427979798755,0.9473496878079811,-1.3790226480748855,-2.462679504436511,1.2262557193715593,1.734598159790039,-2.600594115523224,1.2965091920968717,1.7173419754225585
55.77997016906738,0.15825443381997778,1.4087919773229864,0.3677949414703402,0.37561244824395595,1.3070336664074957,0.37926551570202405,0.11836195837609402,-1.2229118946679771,-2.45463630793592,1.2316464146999317,1.734598159790039,-2.595104185187468,1.3019948792129972,1.715510602985153
55.79999017715454,0.16003783343166264,1.4256986277561574,0.34761464470242837,0.3972804716191981,1.324367344373993,-1.0080064243758446,1.0823184127053906,0.8658177304941181,-2.4465931130181877,1.2370371100704178,1.7286834716796875,-2.5894932320828206,1.307494599376306,1.7136034749447744
55.819854497909546,0.162403779803771,1.45940554463546,0.33320357092154784,0.41375481046712514,1.3592817518282092,-0.7254752859973631,0.8293431751889263,1.7576441643704053,-2.4385499170451483,1.2424278061662868,1.7286834716796875,-2.5838760631795368,1.3128939843968028,1.7116594689228954
55.840067625045776,0.16468514584659405,1.4385559499738592,0.3419106042571773,0.41561248447649285,1.3340939332179578,0.43076132045015236,0.0919043350812338,-1.2461119172947868,-2.4305067198009933,1.2478185025708188,1.7286834716796875,-2.5781090587235296,1.3183284695456234,1.709628515255632
55.86002445220947,0.16222603276021422,1.4608925702502342,0.35228549143742965,0.44722453193865347,1.3453966895928042,0.5198665647175346,1.584021708604386,0.5663603879582342,-2.4305067198009933,1.2478185025708188,1.7286834716796875,-2.572364124337849,1.3236342588987329,1.7075710683202545
55.88009166717529,0.16918125924346586,1.4290201112688892,0.3364529333862327,0.43181433554633086,1.320012985407124,-0.7889763516344395,-0.7679290035298959,-1.26493408422221,-2.414420327902882,1.2585998947295853,1.7286834716796875,-2.566536011527412,1.3289086566522883,1.7054499770750582
55.900070905685425,0.1656069540833122,1.4216083431383981,0.34696664140073313,0.46221600797964346,1.2988228489686955,0.5262316683976078,1.5216632214433676,-1.0606078118384088,-2.414420327902882,1.2585998947295853,1.7215385437011719,-2.560681912876148,1.3340986588504697,1.7032861844542322
55.92002320289612,0.16763913800370037,1.4219181569022854,0.3344176028037101,0.47362327010385075,1.298343987500827,-0.6289520682509403,0.5717267542553248,-0.024000317497873392,-2.4063771316660665,1.2639905904417061,1.7215385437011719,-2.5547840950687606,1.3392198445573014,1.701073619332235
55.9399950504303,0.16963390632806102,1.4008031912526524,0.34370657664549836,0.4737626359974391,1.2726603374534013,0.4651033824432715,0.0069781172397727605,-1.2859926956417396,-2.3983339354292514,1.269381286153827,1.7215385437011719,-2.5488285476882,1.344283372738471,1.6988072594784849
55.95987367630005,0.17160825220132445,1.3800297695702792,0.331731192177219,0.48327390470855836,1.2493529981813076,-0.6024251649356764,0.4784671120347609,-1.1724824152739937,-2.39029073849684,1.2747719829091353,1.7215385437011719,-2.542848866470954,1.3492602099346738,1.6965002960145008
55.97990536689758,0.1735281623353369,1.3586719683110537,0.3414691224297057,0.48279091486652553,1.2232339467263256,0.4861262310873226,-0.02411128704694928,-1.3038865255934617,-2.382247542260025,1.280162678621256,1.7215385437011719,-2.5367704626189562,1.3542108816398868,1.6941240614529502
55.99999022483826,0.17401502942384764,1.3830664704624152,0.32685958456280717,0.48122537163379697,1.2547740096896756,-0.7273906497149148,-0.07794644290503948,1.5703403557302855,-2.3742043462869846,1.2855533747171253,1.7117938995361328,-2.5306225077633777,1.3591088805791973,1.6916897511308344
56.02006411552429,0.17574262759647738,1.4072387838567062,0.3180147270082658,0.4654886100592531,1.2893827911452302,-0.4406150104570668,-0.7839417789343383,1.7240694390963802,-2.3661611493066057,1.2909440715054057,1.7117938995361328,-2.524424142143193,1.3639375231564401,1.689205135316093
56.04002261161804,0.1774594983704515,1.3783973998496606,0.3281667455610481,0.44394286662551996,1.2630125534579977,0.5086564892011782,-1.0795274018907774,-1.3212537439376708,-2.3581179551324376,1.296334765799732,1.7117938995361328,-2.518207788577598,1.3686714890836913,1.6866837969092436
56.05993890762329,0.17915591750070275,1.3807686044348964,0.32044178317356764,0.4263410298958848,1.2736060335978907,-0.38787143881796554,-0.8837906769911499,0.531900115217261,-2.3500747571447187,1.3017254632804236,1.7117938995361328,-2.5119509859501035,1.3733280790147588,1.6841172894968512
56.07998967170715,0.18080280018911551,1.3517949547006338,0.33112399371603796,0.40404936895987653,1.246776085663643,0.5327582778288139,-1.111761169937136,-1.3381010230847823,-2.342031562226987,1.3071161586509095,1.7117938995361328,-2.5055975764071956,1.377947252314708,1.681482717905994
56.10003471374512,0.18070795369404974,1.3375350173092324,0.3240663068068513,0.38376869878797004,1.2396380669984142,-0.3520913997496202,-1.0117549333893319,-0.35609896211292,-2.3339883639754926,1.3125068557478528,1.7003631591796875,-2.4991911189794225,1.3824951989440322,1.6787982320048478
56.120023250579834,0.18216150845703427,1.3297455446697728,0.3183761184117965,0.36247261837837397,1.239142228204686,-0.28467258219580294,-1.0654146717036481,-0.024806157540604706,-2.3259451690097923,1.3178975511513107,1.7003631591796875,-2.4927477751886316,1.3869598566220271,1.6760711090735587
56.139973163604736,0.18360063383632252,1.3011039075924327,0.32944959496592074,0.3390912390304502,1.2121680883202142,0.5550639012963027,-1.1720040743404812,-1.3520931069123734,-2.317901973084721,1.323288247214208,1.7003631591796875,-2.4862618613363794,1.391344846260079,1.6732995286158117
56.1599006652832,0.1850243673028803,1.2725091425739308,0.32449406893183314,0.31661997092841976,1.1890058499316098,-0.2486777376334354,-1.127651045505236,-1.1623252509185786,-2.3098587770637127,1.328678943343049,1.7003631591796875,-2.4797280481774195,1.3956531789467053,1.6704817436771537
56.17993426322937,0.1864085435218054,1.2441139378743848,0.33610736935477764,0.29243696662501295,1.1616074841485315,0.5796911994615759,-1.207122373544175,-1.3676208266084529,-2.301815581138641,1.3340696394059464,1.7003631591796875,-2.4731035581405,1.399911281054063,1.6675995779100454
56.20000743865967,0.18554557252542392,1.2797116697044348,0.3291450908497722,0.2696123679177779,1.206911197152871,-0.3468448990136737,-1.1370696572892154,2.2569280660975726,-2.2937723842062305,1.3394603361612547,1.6857547760009766,-2.466409445182279,1.4041033189989762,1.6646623737864001
56.21992635726929,0.1867078020088583,1.3152095458929787,0.3270437050028358,0.24733502670505217,1.2496575327628143,-0.10549698445585448,-1.1184011365942148,2.146016882126347,-2.2857291882331907,1.3448510322571239,1.6857547760009766,-2.459710481571661,1.4081885702470605,1.6616992323441495
56.23994708061218,0.18783436015229718,1.3066010153519612,0.3392362135368818,0.22195719855379956,1.2421191596437453,0.6089944067067196,-1.2675779849012354,-0.3765285094828536,-2.2776859909410674,1.350241728694628,1.6857547760009766,-2.4529205004422163,1.4122189072280926,1.6586726255186814
56.260167837142944,0.18890368472177402,1.331110744386461,0.33765065819273454,0.20020194010630538,1.2719147101990615,-0.07841226621443102,-1.075887463181609,1.473513145266768,-2.2696427960233354,1.355632424065114,1.6857547760009766,-2.4460045919651607,1.4162114371426346,1.6555669935684931
56.28000497817993,0.19005433402741226,1.3232027150335242,0.3499158540899922,0.1740842994479816,1.2641673057053273,0.6182945352048773,-1.3166030633963928,-0.3905504568066953,-2.261599601105604,1.3610231194356,1.6857547760009766,-2.4391627353755916,1.420051121953745,1.6524729769279192
56.29996657371521,0.18880427020744367,1.3432833028950661,0.34846970819541756,0.15367074517432092,1.2881631093865589,-0.07244640800475387,-1.0226414134873942,1.202098481497811,-2.253556403117885,1.3664138169162916,1.6700191497802734,-2.4322205932542653,1.4238368338106437,1.6493127077337102
56.31989502906799,0.18967512507308673,1.3528477774936072,0.34739406098222886,0.13507163823856058,1.3004884190207997,-0.05397544336212075,-0.9332939561300614,0.6184779209453122,-2.245513208200153,1.3718045122867775,1.6700191497802734,-2.425232231533572,1.4275372395422736,1.646111225649611
56.3399977684021,0.19908906160040624,1.343846822775532,0.3417816964574336,0.1359022767195646,1.2925324468782242,-0.27918406698301396,0.0413196663001416,-0.3957655725594237,-2.23129989570895,1.3679890815096556,1.6700191497802734,-2.4181240140313354,1.4311890441221164,1.642835184142838
56.36016798019409,0.199805561262937,1.31815220591376,0.3416774243788211,0.1187876261868745,1.267545374134612,-0.005169607522610099,-0.8485111960740449,-1.2388106283312443,-2.2232566994721346,1.3733797772217764,1.6700191497802734,-2.4109323000083034,1.4347704242838941,1.6395016182896671
56.379969120025635,0.20061721393304421,1.2926337109923522,0.35481905521539503,0.09071887931743688,1.2396674690356697,0.663680522857552,-1.417531874843106,-1.407893956414228,-2.215213505609711,1.3787704718668792,1.6700191497802734,-2.403813663546237,1.4382048087676504,1.6361841597589977
56.399901390075684,0.1987862827695722,1.3388137941837948,0.3516037944905372,0.07836450778036674,1.2894402472069053,-0.1613093098169198,-0.6198175875627311,2.497095315599222,-2.207170308845139,1.3841611690718798,1.6512298583984375,-2.39658911537804,1.441579422128655,1.6328003666826096
56.41986870765686,0.19925261948403375,1.3724695494647052,0.352323624572906,0.06374056626558264,1.324944477322655,0.036050414856294795,-0.732393895941743,1.7781171642814806,-2.1991271126083234,1.3895518647840008,1.6512298583984375,-2.389292406145278,1.4448760157497713,1.6293665140712388
56.440064668655396,0.199661318842764,1.3673024554063617,0.36688836338468267,0.03407245151680685,1.3167186493024279,0.721170872375574,-1.4690122817590934,-0.40730064891805995,-2.1910839156759128,1.3949425615393092,1.6512298583984375,-2.381851319940753,1.448123878107158,1.62584901364896
56.45991015434265,0.2001830761420759,1.3798861701423641,0.3678547213858613,0.02055990618195877,1.3297917268362294,0.04869409680404938,-0.680887610804376,0.6587431388588593,-2.183040719966648,1.4003332580189265,1.6512298583984375,-2.3744793419940455,1.451229734993556,1.6223496471539458
56.480199337005615,0.20059099531835303,1.3757698680985988,0.38306197623769134,-0.010116653575960838,1.3213265704016304,0.7495252571011434,-1.5119662663354592,-0.41722510833575377,-2.174997523729833,1.4057239537310475,1.6512298583984375,-2.3668808755087514,1.4543161932893227,1.618728766607443
56.50017261505127,0.19864155957864177,1.3920907351000025,0.3850986236631096,-0.021573633336515685,1.337591209282083,0.1019686112997052,-0.5736153942465949,0.8143199550557196,-2.166954327756793,1.4111146498269167,1.632913589477539,-2.3593393335026818,1.4572659312867742,1.6151220753316773
56.51987671852112,0.20708560577479412,1.3858996118438798,0.3681450854010213,-0.00418147575982894,1.336102333455249,-0.8604064776674928,0.8826667807190698,-0.07556171378779901,-2.1527410175440447,1.4072992180487207,1.632913589477539,-2.3518394426824214,1.4600887425913527,1.6115236075912798
56.54012393951416,0.20712755371563865,1.372856067645554,0.3838586964345187,-0.036116298801176644,1.3176046055640933,0.776087298049318,-1.5772447513820382,-0.9135934209199658,-2.144697820515697,1.412689914869973,1.632913589477539,-2.344070619688475,1.462898090917292,1.6077849302168998
56.5601282119751,0.2139028887318718,1.3211870106362191,0.3517083237807587,-0.06258827216351623,1.2719744809723124,-1.607175303002909,-1.3233159773259244,-2.281018951370676,-2.128611427874022,1.423471308104899,1.632913589477539,-2.3363326015232486,1.465581930296016,1.604050891677363
56.5800199508667,0.20747692463988374,1.3033919298230312,0.3818685505348502,-0.0787298959055785,1.243707576695951,1.5162187136301761,-0.8114737394264399,-1.421037367843993,-2.128611427874022,1.423471308104899,1.632913589477539,-2.3285763066619207,1.4681591816729371,1.6002989383935258
56.600014209747314,0.21193085242961182,1.3310768819058936,0.35772621862182946,-0.09842828957297564,1.2783229208093634,-1.2074632051717167,-0.9852024916259869,1.7312641753864977,-2.1125250379426213,1.434252698911815,1.6121501922607422,-2.3207176586573035,1.4706567530570311,1.5964892940334203
56.62006592750549,0.20490707228598232,1.3488893623459104,0.38636574159122855,-0.09098128215536741,1.289165013437761,1.4282827693262128,0.37138999797514805,0.5407064252126407,-2.1125250379426213,1.434252698911815,1.6121501922607422,-2.3127732900079825,1.4730668816215458,1.592630841908951
56.640135765075684,0.2118171227879837,1.3239565091289232,0.3781543821107319,-0.14190817933546113,1.260841849715098,-0.4091393092634162,-2.53748427220632,-1.4112303412326193,-2.096438645037171,1.4450340917629925,1.6121501922607422,-2.3047581014969682,1.4753832761490866,1.5887317257530225
56.659969329833984,0.2124460962991222,1.3149892929592963,0.3884929149454878,-0.10519074675995824,1.251880586330354,0.5212644807297709,1.8512775198485607,-0.45182313386167894,-2.0902685307015254,1.4358279639548712,1.6121501922607422,-2.296774350896446,1.4775771354529923,1.5848427438706159
56.68004894256592,0.21922670054079138,1.2908915794518323,0.38068223791745925,-0.15700329946931246,1.223450884829281,-0.38898544171655586,-2.5803561752440665,-1.415849094333362,-2.074182138227689,1.4466093576394896,1.6121501922607422,-2.2886276370955603,1.4797006780452362,1.580870186520401
56.700156927108765,0.21688974677202086,1.2957679920654668,0.3859666388606875,-0.16318365258397333,1.2261384662742247,0.262801124198603,-0.3073581592173789,0.13365742544792866,-2.066138942038842,1.4520000533186384,1.5925941467285156,-2.2804045950269614,1.4817278493588166,1.576857236390087
56.720131397247314,0.2165823787872695,1.2848025849894573,0.39195765409727773,-0.16995745752782954,1.2116935843771834,0.29993362502406773,-0.3391231355260373,-0.7231672127894567,-2.058095746329578,1.457390749798256,1.5925941467285156,-2.27217158177667,1.4836420758051412,1.5728373412766714
56.74001860618591,0.22359380708433416,1.2560701820871938,0.3801803546698259,-0.17832484301536133,1.1837970478993551,-0.5922047414402893,-0.42074207161829175,-1.4027376372400127,-2.0438824365004753,1.4535753188864726,1.5925941467285156,-2.2639103029164285,1.4854484018645473,1.5688026535348827
56.76001954078674,0.2232476485135135,1.2199872531946103,0.36617655863997844,-0.18468044416034549,1.1489894513896333,-0.70015708312282,-0.3177652080678461,-1.7402985012649004,-2.0358392395680642,1.458966015641781,1.5925941467285156,-2.2555368797742474,1.4871638359016952,1.5647132861385462
56.780017614364624,0.21573938002096976,1.2073980290577584,0.39875695910196274,-0.20584163031659203,1.1209068254627246,1.629176947224571,-1.058161231072385,-1.404266556853249,-2.0358392395680642,1.458966015641781,1.5925941467285156,-2.247099245796067,1.4887764991762091,1.5605937571711959
56.80019545555115,0.22017261112342426,1.2562286425130218,0.37899672799182116,-0.22128142500007447,1.1770753643635312,-0.9793035304162878,-0.7651856579084643,2.783674347596759,-2.0197528477898237,1.4697474082832116,1.5703678131103516,-2.2385192100016225,1.490298681617132,1.5564070603413511
56.82017254829407,0.2193585139013534,1.2857042399873364,0.392303836043126,-0.18370287284233985,1.2105314318334461,0.6661183497794508,1.8810821294831714,1.6747215373354103,-2.0135827337179535,1.4605412808588387,1.5703678131103516,-2.229958278620029,1.4917008020560358,1.5522331659370117
56.839985609054565,0.22605433739695946,1.2764629618551742,0.38575007562287866,-0.23928799818214377,1.1930196251826746,-0.3307798072932681,-2.8054789722659015,-0.8838516603999637,-1.9974963427792134,1.4713226723581658,1.5703678131103516,-2.221402233316188,1.4929872591563929,1.5480662141164496
56.859968423843384,0.2180407488626604,1.2959008717132185,0.4193134660888891,-0.22941237365534356,1.2045352835336218,1.679612748289658,0.4942058779590074,0.5762780905816627,-1.9974963427792134,1.4713226723581658,1.5703678131103516,-2.212706691569288,1.4941786238548775,1.5438370871605367
56.87992978096008,0.2245291113054925,1.2817677157468477,0.4193768292824728,-0.2413506208542049,1.186929412393661,0.0031742928706324967,-0.5980679133721856,-0.8819977037148569,-1.9832830311034757,1.4675072410205208,1.5703678131103516,-2.203953776653476,1.4952612734835902,1.5395870144839328
56.90018820762634,0.22139687795489824,1.3115546437281043,0.4295166589286329,-0.24730772387845815,1.2143022329295106,0.5005240443004348,-0.2940555612926625,1.3511819543932726,-1.975239835130436,1.47289793711639,1.5485076904296875,-2.195002207845759,1.4962491598215282,1.5352488252865966
56.91993308067322,0.2205171063218638,1.3231520318011745,0.43865634995324865,-0.25470843612372235,1.2220619945291962,0.462889328430617,-0.374816907036812,0.3930013417287451,-1.9671966373585246,1.4782886350138018,1.5485076904296875,-2.1862107679615477,1.497103498052243,1.530997530361464
56.93991303443909,0.22653468102345387,1.3195304605429121,0.43945597689117755,-0.2682681341569473,1.2149367427447246,0.04002146087519311,-0.6786651356715527,-0.35662003365810035,-1.952983328440824,1.4744732034755512,1.5485076904296875,-2.1772474436712983,1.4978579055863124,1.5266736794953335
56.96001219749451,0.22552647063957892,1.3009764000228405,0.45043269983260825,-0.2753645645193099,1.1890434529254967,0.5461283592338803,-0.3530709384662169,-1.288277016701227,-1.9449401326835916,1.4798638999881406,1.5485076904296875,-2.168162099768626,1.4985040089860018,1.5223029445545502
56.98019623756409,0.2245955400287504,1.2935179132298864,0.4711359368177498,-0.3185934849445773,1.1617735201993247,1.0257231413419534,-2.1417377431002467,-1.3510641393975098,-1.9368969367105517,1.4852545960840098,1.5485076904296875,-2.158968909893557,1.4990379034460624,1.5178937105254717
56.99998378753662,0.22813923626128077,1.3428722641127246,0.45979432777199436,-0.28936249329625613,1.2280734674054763,-0.5731689401415528,1.4772415831618775,3.3505889965244964,-1.9226836265217362,1.481439164854422,1.5236129760742188,-2.149888310733226,1.4994484608587442,1.5135527647610127
57.02004337310791,0.22680522630863928,1.378899920519255,0.4706372149129908,-0.29920197624928435,1.2610883316229173,0.5405339558218838,-0.4905127734598517,1.645839795648353,-1.914640429757164,1.4868298620594227,1.5236129760742188,-2.1406140562865845,1.4997495519638913,1.5091349787393862
57.04001331329346,0.2322735453336617,1.377406853222057,0.47257253505278785,-0.3154668787617336,1.2547531577251363,0.09691166432224478,-0.8144692653722069,-0.3172354968977868,-1.9004271195683489,1.4830144308298352,1.5236129760742188,-2.131312050772163,1.499933128509767,1.5047210181636745
57.06001377105713,0.2233709634858945,1.3989735145050988,0.5084343583309767,-0.3090457395483614,1.266140643223462,1.7930501242490071,0.32104961242613955,0.5693612432716229,-1.9004271195683489,1.4830144308298352,1.5236129760742188,-2.121926387755278,1.4999997550703092,1.5002857327369172
57.08021330833435,0.22980888513192912,1.4075717031189103,0.5057296352375467,-0.3716006069428101,1.2599240550062147,-0.133900250105238,-3.0968465532618747,-0.3077589417980176,-1.8843407280538833,1.493795823855014,1.5236129760742188,-2.1123765379971102,1.4999468958889424,1.49579288653536
57.10018968582153,0.2253831678686333,1.4322987153750772,0.5221168630851122,-0.33590166081504713,1.2907531389111364,0.8203303055361268,1.7870580464685544,1.543276999280898,-1.8781706136223006,1.4845896961128369,1.5003280639648438,-2.1028618658865947,1.49977481166809,1.4913377480650825
57.119999408721924,0.2238346899169471,1.4359462426197944,0.532813010204195,-0.34688096815647784,1.2875268936149933,0.5399443077960433,-0.5542383099772794,-0.16286170747393486,-1.8701274185606633,1.4899803915822387,1.5003280639648438,-2.093357261249652,1.4994854713891996,1.486909449985426
57.140257120132446,0.22872334132847627,1.437368548817166,0.5367675230657313,-0.36633628910343097,1.2820712517627766,0.19521024766312745,-0.9603908631479195,-0.2693118557006826,-1.8559141065250078,1.4861649621871658,1.5003280639648438,-2.0835662506413946,1.4990662984506553,1.4823719042893762
57.16002535820007,0.2272841410063586,1.4109616289099274,0.5475543538846399,-0.37751213834167047,1.244379979428643,0.545664756869428,-0.5653437195569492,-1.9066581556328959,-1.8478709117751144,1.491555658007344,1.5003280639648438,-2.073941630735258,1.4985360275430253,1.4779364310858534
57.18013143539429,0.232210878778735,1.396021306605933,0.5516204970891239,-0.3978787646200123,1.2191319880773113,0.20223453661334334,-1.0129587229578012,-1.2557393024730645,-1.8336575984205803,1.4877402266935291,1.5003280639648438,-2.0640814023334437,1.497872832102823,1.4734190855164118
57.20000338554382,0.22878408782598092,1.4445294978817569,0.5585574644304484,-0.4018695624062325,1.2701101857677437,0.34908337073734397,-0.20082567418846645,2.565334418958494,-1.8256144046780265,1.4931309218212963,1.4756813049316406,-2.0542651036234685,1.4970935866580621,1.468949737393655
57.22006297111511,0.22545470582248875,1.4641972998044763,0.5741869400182535,-0.3722381702762454,1.2944581241803794,0.7791524671464469,1.477168709427278,1.2137807297217795,-1.8194442906780584,1.4839247949125596,1.4756813049316406,-2.04428452145588,1.4961811639991545,1.4644351314448942
57.23995661735535,0.22354414524529198,1.483284974196745,0.597548912886316,-0.42217632655690307,1.2902855345547124,1.1743434353835767,-2.510256575270705,-0.20974483889374035,-1.811401093913486,1.4893154921175604,1.4756813049316406,-2.0343151214273685,1.4951504171728915,1.4599563292373232
57.260061502456665,0.2280390936040553,1.4798428044382053,0.5885597473709676,-0.4097177824995698,1.2944742130787272,-0.4471134985376706,0.6196774562276065,0.2083413311195777,-1.7971877837965722,1.485500061403609,1.4756813049316406,-2.024167516846811,1.493980357197902,1.4554300437501058
57.280038595199585,0.22623224807303038,1.4926020315754398,0.6126030680241471,-0.46098217148581233,1.2806536390776224,1.2035445278543184,-2.5661586320868,-0.691821086229024,-1.7891445880393395,1.4908907579161983,1.4756813049316406,-2.014012050300374,1.4926888896148058,1.4509341595032492
57.29998183250427,0.22902390134195214,1.4865410770863536,0.6027749798101741,-0.4479648764393839,1.2828850950325006,-0.49280305217362824,0.6527172518460101,0.11189035765791563,-1.774931276387535,1.4870753271271613,1.4537086486816406,-2.003801649087138,1.491270501155724,1.44644914449037
57.32002401351929,0.22690147349558756,1.4733664388770187,0.6121662613180718,-0.46575072810735557,1.256637334707381,0.4685758251989739,-0.8874209675407773,-1.3096259486657709,-1.7668880803185578,1.4924660232889744,1.4537086486816406,-1.993467790267915,1.4897141165939627,1.4419468153519275
57.33998990058899,0.2230257625542236,1.4697208473781764,0.6427337654510452,-0.4739251348379994,1.2338426328085483,1.5309865284853275,-0.40941866004282634,-1.1416824015509492,-1.7607179665823653,1.483259896763986,1.4537086486816406,-1.9831004391659217,1.4880321217864694,1.4374681893638903
57.35994052886963,0.22721058808309438,1.4222552082687632,0.6326038674805684,-0.4640381176191052,1.1862929021505473,-0.5077483188991594,0.4955742285313754,-2.383370086853051,-1.7465046556261556,1.4794444649317613,1.4537086486816406,-1.9726682146103969,1.4862192990398475,1.4330012213316499
57.379961013793945,0.22507830651910823,1.43395854583406,0.6580611619432675,-0.5182378568696147,1.1638823574655635,1.2715623302300354,-2.7072141087192025,-1.1193807127900537,-1.7384614598209545,1.4848351614773228,1.4537086486816406,-1.962126133547037,1.4842663975254022,1.4285286109516913
57.39998984336853,0.22735694740192192,1.4570023000831773,0.6441676723863666,-0.5009038083124301,1.2070621720185353,-0.6936745607207425,0.8654548930397878,2.1558830680632317,-1.7242481504476044,1.4810197296872116,1.4306793212890625,-1.9515059407938748,1.4821776570600111,1.4240658907836303
57.4199697971344,0.21687422244006346,1.4851602464185716,0.6783737977512541,-0.506141937360668,1.220381205735078,1.71202224818559,-0.2621692276979144,0.6666198467033021,-1.7242481504476044,1.4810197296872116,1.4306793212890625,-1.9408379929792328,1.4799584896096014,1.4196275232179687
57.43993782997131,0.2206114812411269,1.4808857451903472,0.6856385469417737,-0.5337420853507808,1.1991837889084989,0.3638189725474426,-1.382216676802011,-1.0615676065692556,-1.7100348387955946,1.4772043011585514,1.4306793212890625,-1.9301027219754392,1.4776044619590558,1.415207013139336
57.45992994308472,0.2243482817780558,1.4687813892110413,0.6751994110048724,-0.5273312145334503,1.1930407850740334,-0.5221627087485147,0.32066999526090373,-0.30727136244277076,-1.6958215281031608,1.473388869710075,1.4306793212890625,-1.9192805386280278,1.475110268401114,1.4107982011355156
57.47999453544617,0.2219890725164513,1.4862461477968987,0.7021053637594499,-0.5845833849911853,1.1722789497442916,1.340966827029665,-2.853393152792516,-1.0347499194467193,-1.687778333305299,1.4787795655632252,1.4306793212890625,-1.9083445493039917,1.4724679425253635,1.406392368179209
57.50001335144043,0.22397955966958044,1.4878236021066384,0.6905778894103871,-0.5775490599611184,1.18454984402561,-0.5758319748963417,0.35138566796772414,0.6129680339154483,-1.6735650228286723,1.4749641345314692,1.4094581604003906,-1.8973588574818638,1.4696918475371492,1.4020173465437875
57.51998019218445,0.22732305197524366,1.4787042406691662,0.6790886064409472,-0.5717649194488146,1.1825775969731367,-0.5754181703924189,0.2896873164091596,-0.0987761197556531,-1.659351711608482,1.4711487045758729,1.4094581604003906,-1.8863272507029776,1.466782957614618,1.397676188342509
57.53991985321045,0.21661042235008535,1.5125773874042168,0.7311456739364445,-0.6139969101574456,1.17316842383679,2.6107298126891827,-2.117989400800808,-0.47188230151341054,-1.659351711608482,1.4711487045758729,1.4094581604003906,-1.875236329457074,1.4637376039854795,1.3933652291854504
57.55996108055115,0.21992924746559092,1.4789571595967412,0.719264939234572,-0.6085512900243786,1.1400164711617164,-0.592814726358896,0.2717208901676635,-1.6541877456652125,-1.6451384011318553,1.467333273544117,1.4094581604003906,-1.864013961658635,1.46053446445395,1.389058672911129
57.58004355430603,0.22322762327116608,1.4825772906061403,0.7285700849690406,-0.6405424005054536,1.1211273286580608,0.463346590068675,-1.5929865449617133,-0.9405784732601993,-1.6309250901276773,1.4635178417448644,1.4094581604003906,-1.852692965964242,1.4571807756748352,1.384771673573469
57.600183725357056,0.2246922905591685,1.521443783782648,0.7113639823092152,-0.6277109864823205,1.189424814493723,-0.8543176031739543,0.6371055136833044,3.391107536407194,-1.616711779339101,1.4597024126227085,1.3856830596923828,-1.8412633849782944,1.4536718577613448,1.3805028811578102
57.620004653930664,0.2136504736385989,1.5711417191209007,0.7426853258649164,-0.6360813128910182,1.229758257422141,1.580215752222915,-0.4222973902364408,2.0348916943337443,-1.616711779339101,1.4597024126227085,1.3856830596923828,-1.8299403640112302,1.450075333468574,1.376333465493791
57.64012289047241,0.21651140177895106,1.5920345497773165,0.7529456571295499,-0.6699540883288007,1.2323994338792674,0.5100015224168316,-1.6836851166100903,0.1312827022212192,-1.6024984688145059,1.4558869816239244,1.3856830596923828,-1.8183719023202327,1.4462788019573019,1.3721357097585838
57.66024947166443,0.21937014766042007,1.600276837950273,0.7411478489888385,-0.6673097483489757,1.2515124944553166,-0.5861804361185357,0.13138545263086418,0.9496426836580969,-1.5882851577623593,1.4520715498576438,1.3856830596923828,-1.8067222324222216,1.4423326067474818,1.3679726366117988
57.68009829521179,0.22237971903587914,1.622079240059579,0.7510851826627086,-0.7017278172261104,1.2548267529614856,0.5006510159233216,-1.734010521833009,0.16697506017222974,-1.5740718484607055,1.4482561208435454,1.3856830596923828,-1.795158289904141,1.4382949815878172,1.3639046172989766
57.700018644332886,0.21565522450898927,1.646931466334515,0.7626229820570228,-0.6811466374213047,1.291057202594393,0.5791966458106288,1.0331736497033717,1.818765796355584,-1.5679017338372485,1.439049993233256,1.3629608154296875,-1.7834777809298972,1.4340964200555493,1.3598614782902658
57.7199170589447,0.21823094182568714,1.6414752086532427,0.7496634981852603,-0.6782155604934365,1.2932397896818744,-0.6512822315033416,0.14730203310406564,0.10968648156448225,-1.5536884224253893,1.435234561149171,1.3629608154296875,-1.7717351171235145,1.4297553160233207,1.355864282882037
57.74008250236511,0.21495466560029586,1.687182749266955,0.7802105525770816,-0.7433951374542622,1.2981605419518516,1.5148218541479483,-3.23224119608772,0.24401904621629936,-1.5456452257806874,1.4406252588368358,1.3629608154296875,-1.7597584030880264,1.4252051867639932,1.351857800345515
57.76009440422058,0.22315382009824494,1.641391304784504,0.7482942800105833,-0.712658189989318,1.2752801222346282,-1.5948645359649514,1.5359333504099026,-1.143340592137213,-1.5252618015438322,1.4276037018616718,1.3629608154296875,-1.747796581306671,1.4205388808526993,1.3479279339874655
57.779961585998535,0.22011767687594164,1.6889146406314814,0.7784234401162146,-0.7782930959248877,1.2809174321761172,1.5165291404875811,-3.3036847736704384,0.2837498546343676,-1.517218606602065,1.432994397813738,1.3629608154296875,-1.7358460271594365,1.4157570046828036,1.3440739170146145
57.7998423576355,0.22157225796372085,1.7228786248912185,0.7599753291334016,-0.7678669740917154,1.3420613120550293,-0.9279373718328776,0.5244324528021701,3.075528505404272,-1.5030052959815328,1.4291789668808978,1.339010238647461,-1.7238122688133426,1.4108222819642247,1.3402665693618958
57.81991004943848,0.21524353426388051,1.742638246873583,0.7732072021326887,-0.7525719865561591,1.3684202889053094,0.6593619799025993,0.762169744568542,1.3135031726153883,-1.496835180998363,1.419972838952804,1.339010238647461,-1.711589272417735,1.405688783163928,1.3364754780539103
57.83999180793762,0.217322230876278,1.7714243287258213,0.7857837390284362,-0.7922358719785711,1.3758089951118107,0.6262667134595159,-1.9751201282546937,0.3679312350467526,-1.482621868794766,1.416157410238227,1.339010238647461,-1.699281096280334,1.4003977662833753,1.3327361011915604
57.86000370979309,0.21944562380847793,1.768702298613232,0.7738189519216968,-0.7936122669321284,1.3782930096831314,-0.5978835591515632,-0.06877881790036373,0.12412686156772894,-1.4684085583422777,1.4123419774947026,1.339010238647461,-1.6869394545702137,1.394971351741065,1.3290658651913723
57.880115270614624,0.22151284633321766,1.7995126529992174,0.7868834424303669,-0.8345565314898451,1.386569735743881,0.6496010242368707,-2.0358571331707975,0.41154071204100207,-1.4541952484171352,1.4085265477790516,1.339010238647461,-1.6744596867462924,1.3893626543833066,1.3254358698554647
57.900155544281006,0.21452771101122964,1.8089053466421006,0.7995197437930516,-0.8182844216150087,1.4011842625927764,0.6305453494820509,0.811970442406351,0.7292578480807682,-1.4480251339615169,1.3993204206184544,1.3183097839355469,-1.6619476568712968,1.3836184189928986,1.3218791156073608
57.91999936103821,0.21639860079632756,1.7965810581133863,0.7875240966000506,-0.819761494720036,1.3912226232420393,-0.6045030217610342,-0.07443492968615648,-0.5020021839861847,-1.433811821925964,1.395504990093193,1.3183097839355469,-1.649483014409276,1.3777770652596235,1.3184185981339442
57.94008493423462,0.21813447586546472,1.8300538491791616,0.8012616697390502,-0.8623419006712666,1.401229201040687,0.6839522579049029,-2.1199497537286516,0.4981972732765097,-1.4195985125285784,1.391689558884662,1.3183097839355469,-1.6367904215269893,1.3717086205275903,1.3149801699792585
57.96023607254028,0.21984265584301732,1.8012960763262347,0.7906446823574765,-0.8649385099842847,1.3680021618383131,-0.5268678731955043,-0.12885670643668953,-1.648891427291454,-1.405385200972608,1.3878741291598693,1.3183097839355469,-1.6239794457647225,1.3654621982481763,1.3115974948561075
57.9800705909729,0.22175080824390392,1.8363462464800997,0.8040601686793938,-0.9080325167395183,1.37881533594913,0.6763706599428165,-2.172677239512256,0.5451694805473544,-1.391171890471946,1.3840586987096934,1.3183097839355469,-1.6112944071356292,1.3591586783817835,1.3083354367318056
58.00006914138794,0.21468293889339593,1.8586863120988424,0.8127801093567244,-0.8848742827305338,1.4181328585079007,0.43602863689425986,1.1579956311018105,1.9660186234900139,-1.385001775968359,1.3748525715820685,1.2984466552734375,-1.598429006142018,1.3526467416164158,1.3051161970749445
58.02016472816467,0.21612666293354654,1.8754266751827184,0.8042512132500699,-0.8906883379434215,1.4412076479897966,-0.4244163756655891,-0.2893200023210661,1.1482515906732222,-1.3707884644123887,1.3710371418572758,1.2984466552734375,-1.5854249085883259,1.3459447058183525,1.301953921435733
58.040119886398315,0.22283301070939085,1.8912585001967732,0.7997409720282388,-0.9074512544036561,1.4538931573905651,-0.2260188152368155,-0.8400292427636026,0.6357007673024562,-1.3504050393122027,1.358015584345419,1.2984466552734375,-1.5724360299164113,1.3391318517953046,1.2988876973361423
58.06015753746033,0.22422929817356974,1.8907862609286896,0.7914978684501836,-0.9128725630332564,1.4543959201044963,-0.41138073282865434,-0.27055609526398927,0.025090900743565025,-1.3361917284997962,1.3542001535444665,1.2984466552734375,-1.5593177732272316,1.3321324414292106,1.2958849359874334
58.0801043510437,0.2257033650533071,1.9300032491624475,0.8062439891786664,-0.9589919719793911,1.4680659281414963,0.7392719978480133,-2.3121191138305917,0.6853228953016429,-1.3219784179031968,1.3503847231602344,1.2984466552734375,-1.5461837089807742,1.325006761968126,1.2929734902898966
58.10014724731445,0.2184865651731255,1.929039284788962,0.823232014969318,-0.9465939594884576,1.4654151246826375,0.8475833812222925,0.6185738988743662,-0.13225650739544384,-1.3158083025603144,1.3411785949143362,1.2829856872558594,-1.5329109147830031,1.3176877145860402,1.2901280586153565
58.12003493309021,0.21979213168101572,1.9219721278591,0.8161044816519828,-0.951910825862383,1.4566455007656394,-0.358389276545372,-0.2673446490393893,-0.44095748574669746,-1.3015949932348303,1.3373631642214416,1.2829856872558594,-1.5196661795989295,1.3102674546665969,1.287385840703044
58.14005517959595,0.22105492575450236,1.9644344502078173,0.8317856637493665,-0.9999249220348663,1.4721703260960948,0.7832661847040613,-2.398276972200301,0.7754562525494567,-1.287381680527615,1.333547735287976,1.2829856872558594,-1.5062582266228506,1.3026387041922405,1.2847089302658934
58.16004300117493,0.22238119276856827,1.9331575760982214,0.8257056137588896,-1.0058559285586792,1.4295321977543434,-0.3041877258335658,-0.2967310119503163,-2.1332053707439766,-1.2731683701468226,1.3297323053204644,1.2829856872558594,-1.4927970876517649,1.2948629036849777,1.2821218736830933
58.18004751205444,0.214921901792292,1.9726631149094815,0.8664933346730064,-1.0383974075694324,1.4360779539581805,2.0389261781891848,-1.6267070565606132,0.32721400904330944,-1.266998255067716,1.3205261774583146,1.2829856872558594,-1.4792499614037506,1.2869209748870323,1.279620068798523
58.19996190071106,0.22106408203729042,1.9577356633407925,0.837413499664813,-1.0072294444007421,1.4549764274474397,-1.460242416155319,1.5650976641120886,0.9489858722316602,-1.246614830567188,1.3075046189692137,1.2698173522949219,-1.4656897378277336,1.278856044392331,1.2772182002521504
58.22005891799927,0.22207301193353438,1.9811105645021643,0.8339469488973494,-1.0167081377276201,1.4817679028394832,-0.17249080884742113,-0.4716467718042748,1.3331070480674516,-1.2324015201863958,1.3036891890017022,1.2698173522949219,-1.4519304660334438,1.2705564980078679,1.2748858187318912
58.24000597000122,0.2144376884551251,2.029728184640704,0.8751517807370099,-1.0505568397907907,1.500078728122786,2.0657103533708097,-1.6969275489859994,0.9179715018294404,-1.226231405586872,1.294483061940021,1.2698173522949219,-1.4381997694097683,1.2621591633215832,1.2726634981672313
58.26022291183472,0.21542436359699785,2.0374341352888425,0.8720728489148165,-1.0606254614809447,1.5052243793814004,-0.1522946372181848,-0.49802891916481484,0.2545217422591997,-1.2120180951101427,1.2906676320384534,1.2698173522949219,-1.4242083389218736,1.253485901211915,1.270507102273237
58.2800133228302,0.22125441887380506,2.062405708144063,0.8695319459510796,-1.083282124155712,1.5244446003185659,-0.12839061120644582,-1.1448303261583619,0.9711885691283489,-1.1916346682352228,1.2776460746163707,1.2698173522949219,-1.410439007342391,1.2448372179635767,1.2684914623307937
58.30002045631409,0.2135550186922221,2.054632023913888,0.8894868705044896,-1.0748830495389594,1.5082944973401036,0.9973904842230998,0.41980399758501236,-0.8072172353660373,-1.1854645533719232,1.2684399471709409,1.2605476379394531,-1.3964458597572,1.2359347023547556,1.2665512555186427
58.31988263130188,0.21929777449385662,2.0246786377736243,0.8665308485677717,-1.0559908613654714,1.4944333961237235,-1.1557657683927531,0.9511641189899356,-0.6978642180374968,-1.1650811277681186,1.2554183894401953,1.2605476379394531,-1.3824816032362142,1.2269384349961516,1.2647236838048086
58.3400604724884,0.22000517947924397,2.069006622869752,0.8846266840166717,-1.1095121961151542,1.5057246501523087,0.8968172205154402,-2.65248072154662,0.559586822208043,-1.1508678156605614,1.2516029595294862,1.2605476379394531,-1.3682218883281307,1.2176379524067076,1.2629692868952151
58.36005973815918,0.2209272148979392,2.0450242224387405,0.8812066158888666,-1.1196471394512753,1.4669660028758145,-0.1710096852607227,-0.5067657734519033,-1.9380035204557413,-1.1366545056154465,1.2477875304613593,1.2605476379394531,-1.3540153784220201,1.2082594713304569,1.261333638364764
58.380127906799316,0.21297382545939092,2.0861540866592896,0.924092338620938,-1.157335664899317,1.469240069471084,2.1370023095330732,-1.8780251513665238,0.1133170961460556,-1.1304843905363398,1.2385814025992092,1.2605476379394531,-1.3396872683625356,1.1986885073549534,1.2597972053470707
58.40012049674988,0.21837536812500122,2.0501137748538243,0.8965053675713984,-1.1301095067262141,1.4567419533218986,-1.3798597939415413,1.3618124635391784,-0.6251374224195736,-1.1101009653161809,1.2255598457348762,1.253631591796875,-1.3253410231548295,1.188994249426493,1.2583724853790312
58.42007112503052,0.21926766936583242,2.074160207261312,0.8934173336378247,-1.143612737461169,1.4819230547023485,-0.15478379378008747,-0.6768323556034912,1.2621708462628218,-1.095887654479739,1.2217444155155042,1.253631591796875,-1.3109535005828041,1.1791620813132613,1.2570575928163086
58.4400999546051,0.2156316483145688,2.1076673617635606,0.9177141999445972,-1.1541963052128916,1.5059526035358233,1.2130946651822019,-0.5284166861728288,1.1997480304074477,-1.0835474249209782,1.2033321610743373,1.253631591796875,-1.2964382405410766,1.1691326957953008,1.2558463048923205
58.46013140678406,0.21635713990051136,2.1240113720257314,0.9152209983084482,-1.167687344488102,1.5199674661887477,-0.12446434806001837,-0.6734928229209434,0.6996428680117525,-1.069334113197272,1.199516729769664,1.253631591796875,-1.2818499246971438,1.158943318414093,1.2547452072834955
58.48005676269531,0.2173026906895612,2.180867619051042,0.9337847323006229,-1.223690955586413,1.5449304485198112,0.9316638595995635,-2.8106705520214734,1.2528249152610185,-1.0551208010417463,1.1957012998919267,1.253631591796875,-1.2672686217523275,1.1486508495768242,1.2537607189446789
58.499961853027344,0.21347791049058618,2.1461392285708003,0.9359194602685118,-1.190219371624202,1.5209688358778617,0.10724532932431544,1.6815590084687344,-1.2037932128039888,-1.0427805722263441,1.1772890466349768,1.25006103515625,-1.2526326081744137,1.1382129019896292,1.2528887896598646
58.51994824409485,0.21428339587653347,2.1501984944770247,0.9328139531652284,-1.2042946206229799,1.5175263296464003,-0.15538108369812276,-0.7042416487918268,-0.17224251340995736,-1.0285672607664136,1.173473615714052,1.25006103515625,-1.2378673226264052,1.1275760017977965,1.2521266804736269
58.540207862854004,0.21907712048420114,2.1795504300320085,0.933924011883994,-1.2343947164486353,1.5344366070590572,0.0547916884301655,-1.485718768130978,0.834678954904574,-1.0081838364096887,1.1604520582562237,1.25006103515625,-1.2228296129990865,1.1166344074783845,1.2514712806294932
58.55990552902222,0.21107036319289285,2.1651691212233506,0.9543189427866794,-1.2299578510065692,1.5048044270551946,1.0353983425507396,0.2252482808966531,-1.5043497920419382,-1.0020137219780034,1.151245931644235,1.25006103515625,-1.2081410559647974,1.1058429211019063,1.2509481854082367
58.579888582229614,0.21596496473356114,2.1947804331750937,0.9548899335759833,-1.2598461772974574,1.5225091047847594,0.028573751136914367,-1.495683666589246,0.8859846163553635,-0.9816302963501633,1.1382243744950693,1.25006103515625,-1.1931719483969705,1.094741364074135,1.2505335247421467
58.59993505477905,0.21675310331270645,2.1864545950641814,0.9470166315243401,-1.2633713628009158,1.5124933042986082,-0.39275249210184365,-0.17585066373969702,-0.4996290724690017,-0.967416984746327,1.1344089436730602,1.2484683990478516,-1.1780871783202511,1.0834496148691435,1.250235923607351
58.619889974594116,0.2125253639795695,2.1939957426617713,0.9505893162564039,-1.2341882346084612,1.5449196329230883,0.17903778943610707,1.4624527917383556,1.6249791492523213,-0.9550767554033736,1.1159966896486138,1.2484683990478516,-1.163003941118464,1.0720559586096565,1.250058345906327
58.63993191719055,0.21729982508909992,2.2327156431022996,0.9516992431116377,-1.265327423142013,1.574240834770603,0.05538020328584374,-1.5537011137378471,1.4629920082063004,-0.9346933278329612,1.1029751321395302,1.2484683990478516,-1.1477878383134308,1.0604592794439536,1.2500000179333726
58.659884214401245,0.20896082648641062,2.2542746498908723,0.9739776326085711,-1.2645044192790045,1.5919014862555678,1.1165826802636727,0.04124857675874596,0.8851437655760116,-0.928523212921693,1.0937690047270725,1.2484683990478516,-1.132573473257313,1.048762582858469,1.2500622163005009
58.679890871047974,0.21367054561485205,2.294053309571063,0.9752815578588079,-1.2962011458496767,1.6221495182480647,0.0651745703073298,-1.584309019261111,1.5118983909509478,-0.9081397875815616,1.0807474485102637,1.2484683990478516,-1.1172517886971765,1.0368827255400919,1.250245793635927
58.69988489151001,0.20528654486927106,2.2771818142394147,0.9971838108897194,-1.294299560658805,1.5861809826374138,1.0954401628476214,0.09510769454709454,-1.798964629397404,-0.9019696726223247,1.071541321130778,1.2493247985839844,-1.1018744129218947,1.0248598866742578,1.2505511701452727
58.719921588897705,0.20989066285788602,2.267172164591045,0.975961301381359,-1.2829712271356974,1.5942252012950906,-1.0591820147662343,0.5653792790255143,0.40147428001866264,-0.8815862455314952,1.0585197644221631,1.2493247985839844,-1.0863992391236037,1.0126614158088223,1.2509800548236691
58.739991664886475,0.21062223686795972,2.333287087539717,0.996783791048369,-1.3441915400202522,1.6259765713320717,1.0374893288227482,-3.0503279070199523,1.5820254021334064,-0.8673729346710177,1.0547043347843712,1.2493247985839844,-1.0708336595954613,1.000293105748024,1.2515334704104455
58.760061740875244,0.210072281900298,2.2816811377278965,0.980664968407524,-1.2885502076248136,1.607483560236803,-0.8031271356353837,2.772352851407906,-0.9214220766088179,-0.8488625896973704,1.0270859527118583,1.2493247985839844,-1.0552039913683349,0.9877761836920134,1.252211256424732
58.77999234199524,0.21056435918139094,2.348070164513155,1.0012034543746937,-1.349701815106903,1.6399177268150211,1.0305000759141532,-3.0682269498003096,1.6273551601852603,-0.8346492805875908,1.0232705235658723,1.2493247985839844,-1.0396200854043376,0.9752002193477481,1.253007784142183
58.80010437965393,0.20595550337093455,2.3137088006691098,0.9983291010185714,-1.313102539591232,1.6224515835217392,-0.14291706314900143,1.8197696392963263,-0.8684422528283157,-0.8223090500456289,1.004858268105348,1.2531986236572266,-1.0238315473174315,0.962363469567358,1.2539365662884574
58.82005953788757,0.20655530144088294,2.353554180923276,0.9951319557536386,-1.3335432301909491,1.664509575337811,-0.1602164827509496,-1.024331170937851,2.1076250723567695,-0.808095738393619,1.0010428395766877,1.2531986236572266,-1.0081043918772106,0.9494826893423094,1.254982437779539
58.84001636505127,0.21102071770251446,2.3933549000187644,0.9871412698448924,-1.3674082280852644,1.6982033236858183,-0.4003986126252645,-1.6969129219057193,1.6883319212835608,-0.7877123120702862,0.9880212823405216,1.2531986236572266,-0.9923150851832515,0.9364584690467896,1.2561524041847039
58.86002063751221,0.2063724250187997,2.384613421710819,0.9703916324671076,-1.3432996498821188,1.7147207648091802,-0.8373030016708648,1.205171457758467,0.8256956685435919,-0.7753720823196515,0.9696090280312424,1.2531986236572266,-0.9764278703058187,0.9232616820819344,1.2574496763335252
58.87999391555786,0.21081956111866856,2.421778892281301,0.9525877222228591,-1.377574672414534,1.7492505985397002,-0.8913864916691596,-1.716043928997049,1.7288015343096295,-0.7549886550369477,0.9565874714545155,1.2531986236572266,-0.9605056332105452,0.9099451913302073,1.2588693147497345
58.89995455741882,0.20222359327139836,2.386559946025695,0.9646178709585389,-1.3797527760615114,1.691585946959875,0.6026934814760521,-0.10911992019842263,-2.8889177002169935,-0.7488185408210696,0.947381345259247,1.2596817016601562,-0.9445346410937749,0.8964985756334234,1.2604121295112471
58.919912815093994,0.21053665478418285,2.351438380847029,0.9142955645605828,-1.3437781002921574,1.699289997828665,-2.521377728305394,1.802495806741103,0.3860081873967505,-0.7222649996583702,0.9251536611262594,1.2596817016601562,-0.9285074761207743,0.8829164883965315,1.2620786059486058
58.9399676322937,0.201800424790742,2.4142451110664522,0.9405486570509738,-1.3906128439240129,1.7349765411501805,1.3090666561036766,-2.335336351634242,1.7794499429312556,-0.7160948846511649,0.9159475337797456,1.2596817016601562,-0.9123450349471027,0.8691321075630101,1.2638776309602173
58.9599335193634,0.20616173986880232,2.4171347852517546,0.9000756878406921,-1.3848401900864025,1.7648291628805342,-2.0271059867757444,0.2891258383590819,1.4951813373548735,-0.695711458807415,0.9029259773440482,1.2596817016601562,-0.896197473123028,0.8552743089417999,1.2657923111267906
58.98002243041992,0.20140541787159724,2.457476199151735,0.9076059247997466,-1.4038690112587013,1.8012752576697348,0.3748454526912231,-0.9472300971796229,1.8142394421809374,-0.6833712284812602,0.8845137223002444,1.2596817016601562,-0.8798940537369049,0.8411972484838659,1.2678428656510974
58.99993872642517,0.2055439528328496,2.504148619828489,0.8674203426617306,-1.3943603700268357,1.8905294014704337,-2.0177236835315586,0.4774302023508606,4.481463007839186,-0.6629878030213613,0.8714921644705829,1.268280029296875,-0.8636756152750644,0.8271101124834619,1.2699981737575061
59.01995778083801,0.20078981679809893,2.5365953756261743,0.8596681860485081,-1.3785204933798958,1.948067750073341,-0.3872389001675144,0.7912400016645602,2.8741791403492902,-0.6506475731747894,0.8530799102272477,1.268280029296875,-0.847319071130554,0.8128205237630235,1.2722868014608528
59.04002404212952,0.20499272716976627,2.579049076494726,0.8425554443554129,-1.414325906424926,1.9852648922928806,-0.8528116645396648,-1.7843589558056012,1.85371563138615,-0.6302641474509095,0.8400583542742146,1.268280029296875,-0.8308699975921099,0.7983683654175688,1.274703105721552
59.05997133255005,0.1962859776710892,2.5933283473512803,0.8546611063562624,-1.4248409851219068,1.991164101116341,0.6068825261795384,-0.5271432096941516,0.2957398573486554,-0.6240940321799285,0.8308522265439524,1.268280029296875,-0.8144656889673568,0.7838757144682487,1.277225678267531
59.08001923561096,0.20455959942286608,2.615105693154021,0.8186670995915906,-1.432537907333073,2.0288906107690097,-1.7954000802631793,-0.3839265477182374,1.8818182399446617,-0.5975404900338226,0.8086245436519843,1.268280029296875,-0.7979265354919565,0.7691850506333333,1.279881274580288
59.10021996498108,0.19524284685450605,2.56584492038385,0.8326285848438236,-1.4422419308848755,1.9519805347282644,0.6911376810426558,-0.4803798602518553,-3.8072920354310513,-0.5913703749786487,0.7994184163384426,1.2762413024902344,-0.7812093554741093,0.7542576189065824,1.2826781579037683
59.119996786117554,0.20370487099726603,2.5331507608201314,0.7851766951772476,-1.4118674350492646,1.9511485541192286,-2.3993689045940725,1.535863404234915,-0.04206847011936338,-0.5648168333602995,0.7771907319535944,1.2762413024902344,-0.7647931866504412,0.7395238312819876,1.285533083083025
59.13992786407471,0.19485208726792125,2.5971435495138855,0.8115680549238957,-1.4592562233054176,1.989241861552546,1.3241310782779887,-2.3776329789099555,1.9112517403829434,-0.5586467184729643,0.767984605089745,1.2762413024902344,-0.7482001461359545,0.7245574293436017,1.2885260239193395
59.160011291503906,0.2032197940321881,2.541449098901507,0.7659129109573186,-1.4286441459905252,1.957374986879921,-2.273274525851064,1.524245670855243,-1.586724914607644,-0.5320931750557432,0.7457569225064397,1.2762413024902344,-0.7314315853584604,0.709359089517849,1.2916581964123304
59.179800271987915,0.19450474131999537,2.6081906903135477,0.8018871876775437,-1.4755323035044974,1.995605180538368,1.8178943957873657,-2.3694074362174353,1.9318930396308365,-0.5259230606959594,0.736550796410087,1.2762413024902344,-0.7148618671448045,0.6942700649096021,1.2948574663654282
59.200053691864014,0.20181850063432155,2.52953344390648,0.7656560428293231,-1.4359549462672359,1.9365804037558005,-1.7888902254466947,1.9541073793649715,-2.9143116147127133,-0.49936952099635196,0.7143231107063603,1.2901420593261719,-0.6978560629563391,0.6787124867496945,1.2982465840172854
59.21993613243103,0.19285261171890378,2.5723531800779624,0.7945283870134943,-1.4451657199080143,1.9741381834333913,1.45215292291974,-0.4632617213028886,1.8889924278157364,-0.493199406420761,0.7051169841932874,1.2901420593261719,-0.681116062344853,0.6633292203419016,1.3016851553324216
59.240249156951904,0.20104316336199585,2.6001559887852204,0.7693448524990854,-1.4540282508529672,2.013633906565508,-1.2397727619798748,-0.43629794941888267,1.944354622893808,-0.4666458648263446,0.6828893003570475,1.2901420593261719,-0.663967940585491,0.6475019598255707,1.3053107139405116
59.26007604598999,0.19224155632456616,2.625461621073784,0.7993379631185894,-1.4624167396191061,2.028655915657121,1.5127492044712398,-0.4230864837153883,0.7576584033307876,-0.4604757494594266,0.6736831726927293,1.2901420593261719,-0.6471865384438141,0.6319474370973805,1.3089576281252806
59.28012204170227,0.19191576806972446,2.6537174626813114,0.808182243170972,-1.453584783276109,2.0678851784833268,0.4411993387270123,0.4405845671006779,1.956962546997545,-0.44196540436580667,0.6460647912677403,1.2901420593261719,-0.630176959377739,0.6161169012400205,1.3127517138275182
59.300007581710815,0.19040141837974647,2.597432310348828,0.8247398359288334,-1.4759716960822673,1.971792677296517,0.8326448640945385,-1.125788527570207,-4.83228019684244,-0.4277520919703356,0.6422493626850512,1.3076744079589844,-0.6132619866422404,0.6003118163340002,1.3166198708252361
59.319897413253784,0.1899272954174679,2.579056673440917,0.8293141195679674,-1.4268720498242298,1.981869715530195,0.22998101463313247,2.4685802970209036,0.5066427139871994,-0.40924174735629854,0.6146309820605309,1.3076744079589844,-0.5963029989720798,0.5844047500317604,1.3205910865519666
59.340062856674194,0.1850992008315385,2.629232070928803,0.8574367175790013,-1.446427700822906,2.021264570619114,1.394593583921394,-0.9697605250218958,1.9535823868393707,-0.3969015171500138,0.5962187274993913,1.3076744079589844,-0.5790688771353253,0.5681790470068316,1.32471974228634
59.35998582839966,0.18055274263190738,2.6080465603566574,0.8817023872110006,-1.4235843226616194,1.9994787914970924,1.2179744049420569,1.1465848808132468,-1.0935004788556206,-0.3845612873753434,0.5778064737716925,1.3076744079589844,-0.5620032261091172,0.5520536319018745,1.3288980359695668
59.38004446029663,0.1847012094314921,2.658597457538827,0.8847730901111986,-1.4590490582395896,2.0387478671717014,0.15308635783188726,-1.7680535621835085,1.9577145578176594,-0.36417786026058097,0.5647849165144694,1.3076744079589844,-0.5447835749173779,0.5357257274844309,1.3332023560097
59.40013599395752,0.17788302613448195,2.5916636827373773,0.9081339361129561,-1.4272034070152446,1.963441833491365,1.1627208950819434,1.5850283886658978,-3.748147600445825,-0.3518376310614305,0.5463726635212954,1.3304290771484375,-0.5274987050085109,0.5192802897301798,1.3376097016952033
59.41997814178467,0.17310657079738262,2.622180005499762,0.9304500961795418,-1.4057320428512854,2.0084840112541014,1.1246846995088013,1.0821088700176733,2.2700253095135543,-0.3394974008071773,0.5279604089931278,1.3304290771484375,-0.5103930717197626,0.5029522809553839,1.3420543964392957
59.4399049282074,0.16839834606428333,2.671088606091138,0.9577933363665517,-1.4236662397762239,2.047076135399745,1.3721851384837889,-0.9000044736005113,1.9366958287676226,-0.32715717050495546,0.5095481544979321,1.3304290771484375,-0.49318027985938007,0.48647048846926105,1.3466078115904148
59.459975719451904,0.17240355648672875,2.680857871539153,0.9549330156728956,-1.4172757697140494,2.0655341332335215,-0.1425116059855886,0.31839651881803205,0.9196447518644001,-0.30677374276649927,0.496526598799533,1.3304290771484375,-0.47580955323066443,0.46978694985778935,1.3512826678336844
59.47998905181885,0.17283455674577292,2.708345290553826,0.9634362088675074,-1.4068608556585018,2.1042023232388845,0.42487642930753394,0.5203987953925282,1.9321215126188764,-0.2882633976249108,0.468908217407516,1.3304290771484375,-0.45845610460341335,0.45307118959546655,1.3560301522609741
59.500001668930054,0.1608094151301485,2.6342740246173806,1.0019037349149669,-1.4084705997271059,1.9879132557638568,1.9221636947183505,-0.0804364596423853,-5.810787606080349,-0.2820932827375756,0.4597020905436665,1.3547954559326172,-0.44107199330047897,0.4362788310386897,1.3608608080592077
59.519896268844604,0.16104270336343976,2.6103520967431466,0.9988474574023196,-1.3544799130485976,1.9954012105238703,-0.15362347198607962,2.713836262624202,0.37638126889583107,-0.2635829375480186,0.43208370918462147,1.3547954559326172,-0.42376048374556413,0.4195116320403426,1.3657430071207284
59.53996276855469,0.15624390518109263,2.6589800917192083,1.0264263639553717,-1.3717397090117909,2.0334586836856783,1.374375548875334,-0.86012987878103,1.8965675983183483,-0.25124270803712395,0.41367145584067094,1.3547954559326172,-0.406270350008347,0.40252771132549026,1.3707455371004649
59.55992531776428,0.15751774845743088,2.595168629523204,1.0212849097147314,-1.3054555564846682,1.9969134029530733,-0.2575549939368017,3.3204252538680854,-1.8306920798992947,-0.2327323626317598,0.3860530740649055,1.3547954559326172,-0.38884297369128773,0.3855628827490859,1.3757973107600643
59.58002519607544,0.14729396108716392,2.647589047441419,1.067850409988015,-1.3303917985504783,2.024717493471574,2.3167055816171604,-1.2406165689057078,1.3832964602112594,-0.22656224779239312,0.37684694716808415,1.3547954559326172,-0.37126883377576814,0.3684147581221953,1.3809567466820707
59.59994840621948,0.1538545494847359,2.512676548260017,1.0294572946632439,-1.259637674792476,1.9149605852037563,-1.9270546787988738,3.5513415381585847,-5.508997168342125,-0.20000870576625987,0.3546192636285919,1.3849067687988281,-0.35382366035217255,0.3513541757603379,1.3861401965823816
59.62005925178528,0.14868011478132992,2.5147816581097655,1.0368403417309817,-1.2133636512389612,1.9434087433107166,0.3671176850114536,2.300948679761965,1.4145679759653789,-0.18766847625536517,0.33620701028464134,1.3849067687988281,-0.3361896572089464,0.33407202520614576,1.3914395460227675
59.639954566955566,0.15026220625831233,2.515015253540695,1.0445259861028489,-1.1802563738081862,1.9599137945285727,0.3863042282107186,1.664074036897784,0.8295948607290736,-0.16915813154539106,0.308588629726065,1.3849067687988281,-0.3187215038640999,0.3169176876444808,1.3967454800657921
59.65998029708862,0.1392006914796054,2.5176300117344534,1.0673010938172385,-1.1601667025054156,1.9629932433710162,1.1372922516714914,1.0031929507333326,0.15377461006329135,-0.16298801613050443,0.2993825020947188,1.3849067687988281,-0.30111682416386026,0.29959616966991154,1.4021468165322868
59.67994141578674,0.14129965970991465,2.52618837961357,1.075139763244886,-1.1265792685679255,1.989100643611912,0.3926968997176382,1.6826428641323279,1.307912679430867,-0.14447767067717174,0.2717641203519253,1.3849067687988281,-0.28354811667025404,0.2822787678603235,1.407588194529963
59.70001268386841,0.13423755325696854,2.394370355585657,1.0753515162755234,-1.075426980705018,1.8493472700720666,0.010550057414199834,2.548532940459035,-6.9628572032032805,-0.13213744133411565,0.25335186745766713,1.4155292510986328,-0.2658627097346237,0.26481665358105694,1.4131143029057165
59.719988107681274,0.13638341800592702,2.3494494699881923,1.054323170635991,-0.999197313020593,1.8465969223250358,-1.0527108629348818,3.8161727329822854,-0.13768657790676023,-0.1136270961925272,0.2257334860656501,1.4155292510986328,-0.24824326850959513,0.2473919241211883,1.4186653184887426
59.73993229866028,0.13160171185086272,2.3702138938245523,1.0807662662645154,-0.9925268034727164,1.8613835511715033,1.3258545135454325,0.3344587682147123,0.7414002835228584,-0.10128686579436831,0.20732123163639837,1.4155292510986328,-0.23063418310228834,0.22995162182626389,1.4242555050014363
59.759848833084106,0.13508622586370966,2.305896189693481,1.05709225992979,-0.9170918778369952,1.832663547748156,-1.188660930206905,3.787552795604385,-1.4420181148074964,-0.08277652034103561,0.17970284989360494,1.4155292510986328,-0.21303357017774674,0.21249577096487537,1.4298824289192815
59.77999472618103,0.1307526879893224,2.3269025241083714,1.083968481769419,-0.9099837740845231,1.847002224723971,1.3340794429080371,0.3528314043102627,0.711741937020621,-0.07043629078217237,0.16129059658262637,1.4155292510986328,-0.19521530071904658,0.194801558798586,1.435616050419756
59.800182819366455,0.13304585097010518,2.197027557292628,1.052261410556156,-0.8307662881095166,1.7405468640339206,-1.5705827649019644,3.923970691407309,-5.2731756145700786,-0.051925945544646836,0.13367221525655326,1.4509220123291016,-0.1773458379074423,0.17703568888410037,1.4414005515684165
59.820143699645996,0.12800393523336637,2.222639759377647,1.0475589987399228,-0.7937329084288558,1.7924105875056657,-0.23558138470742077,1.8552979208345983,2.5982683501640507,-0.03958571550620073,0.115259961145106,1.4509220123291016,-0.15966505870022338,0.1594387688801928,1.4471548223383774
59.84009337425232,0.13250838073850116,2.223057838796697,1.0545019154864037,-0.7563857962974456,1.8049632661166337,0.34802155340821095,1.8720662300713742,0.6292172107403341,-0.02107537079622659,0.08764158058652963,1.4509220123291016,-0.14198309193481834,0.14182398805028865,1.4529371193841503
59.86013865470886,0.1280862067484396,2.11154002833435,1.0350184823418367,-0.7194349854758828,1.6940340416126076,-0.9719710924876306,1.843367115849044,-5.5339322762040855,-0.008735139702677697,0.06922932494008888,1.4509220123291016,-0.12420643582385527,0.12409993670276857,1.4587751706802754
59.880115270614624,0.13380155257272217,2.101899963789943,1.0218135597675657,-0.6811075333278689,1.705864307293908,-0.6610189952374449,1.9186158621070246,0.5922056937525728,0.00977520527107215,0.04161094399776414,1.4509220123291016,-0.10648197562264483,0.1064148802384663,1.464617749228864
59.90020132064819,0.12977176595480988,1.823492024593498,0.9873166495271124,-0.6463021354129038,1.390187953869322,-1.7174561540372275,1.7328144586315195,-15.71619869994367,0.022115434614128238,0.02319869110350592,1.4875984191894531,-0.08865291976595019,0.08861420278634763,1.470513521231569
59.9200963973999,0.13515441546147072,1.7842624018243756,0.9369454784381372,-0.5897855986749411,1.3992420936328571,-2.5318410035612593,2.840729766629726,0.45509448777358125,0.04062577932410238,-0.0044196894550704476,1.4875984191894531,-0.0709871888112259,0.07096731284580064,1.4763707192093822
59.94027376174927,0.13049809244922309,1.7915128238549205,0.9427082988302137,-0.5785367643699705,1.4092957367513752,0.2856081841163622,0.5574977043681362,0.4982634473185972,0.05296600936254847,-0.022831943566517708,1.4875984191894531,-0.05306578308558094,0.053057480655967215,1.4823252404230445
59.960089921951294,0.13717310574403493,1.5543031525137823,0.8839428591352565,-0.5221447831610602,1.1669910612835728,-2.965531116817875,2.845757232177794,-12.227630025065338,0.07147635460007401,-0.050450324892590825,1.4875984191894531,-0.03546149416916991,0.035459016668629065,1.4881836307650074
59.98017930984497,0.13344742417625224,1.5600063206698098,0.8892155612260016,-0.5095444549747546,1.1761291827889337,0.2624620580104764,0.6272131462139542,0.4548730679961258,0.08381658605333571,-0.06886258085683603,1.4875984191894531,-0.017611991544282335,0.01761168804571751,1.4941298419723872
59.99992346763611,0.1459779894185531,1.40176867650287,0.8265605051164806,-0.45760661136165903,1.0355430184421581,-3.173346605730846,2.630542369166452,-7.120393071913086,0.10232693049953415,-0.09648096103166402,1.538747787475586,-6.800380425273431e-05,6.800380423526293e-05,1.4999773320652783
60.02012777328491,0.1408987857710348,1.471742136509825,0.799150505370323,-0.4426109241216831,1.153897290053587,-1.3566415111018968,0.7422025532891202,5.857873745759567,0.11466716053798023,-0.1148932151431113,1.538747787475586,0.017884850250147518,-0.017884532425716474,1.50596108705396
